inec_provincia_id,provincia,poblacion,total,acumuladas,lat,lng,created_at
01,Azuay,881394,17,17,-2.897414000000000,-79.00448100000000,01/01/2021
02,Bolívar,209933,5,5,-1.605556000000000,-79.00305600000000,01/01/2021
04,Carchi,186869,5,5,0.8121800000000000,-77.71633000000000,01/01/2021
03,Cañar,281396,4,4,-2.733333000000000,-78.83333300000000,01/01/2021
06,Chimborazo,524004,9,9,-1.674347000000000,-78.64829400000001,01/01/2021
05,Cotopaxi,488716,12,12,-0.9333330000000000,-78.61666700000001,01/01/2021
07,El Oro,715751,16,16,-3.266667000000000,-79.96666700000000,01/01/2021
08,Esmeraldas,591083,6,6,1.050000000000000,-79.20000000000000,01/01/2021
20,Galápagos,33042,0,0,-0.7999999999999999,-89.40000000000001,01/01/2021
09,Guayas,4387434,77,77,-2.183333000000000,-79.88333299999999,01/01/2021
10,Imbabura,476257,9,9,0.3626780000000000,-78.13066700000000,01/01/2021
11,Loja,521154,6,6,-3.983333000000000,-79.20000000000000,01/01/2021
12,Los Ríos,921763,12,12,-1.800000000000000,-79.53333300000000,01/01/2021
13,Manabí,1562079,24,24,-1.056181000000000,-80.45521700000000,01/01/2021
14,Morona Santiago,196535,4,4,-2.300000000000000,-78.11666700000001,01/01/2021
15,Napo,133705,2,2,-0.9890000000000000,-77.81590000000000,01/01/2021
22,Orellana,161338,4,4,-0.4666670000000000,-76.96666700000000,01/01/2021
16,Pastaza,114202,1,1,-1.066667000000000,-78.00111099999999,01/01/2021
17,Pichincha,3228233,60,60,-0.2186110000000000,-78.50972200000000,01/01/2021
24,Santa Elena,401178,3,3,-2.226700000000000,-80.85830000000000,01/01/2021
23,Sto. Domingo Tsáchilas,511151,10,10,-0.2541670000000000,-79.17194400000000,01/01/2021
21,Sucumbíos,230503,6,6,0.08472200000000002,-76.88277800000000,01/01/2021
18,Tungurahua,590600,13,13,-1.241667000000000,-78.61972200000000,01/01/2021
19,Zamora Chinchipe,120416,1,1,-4.120000000000000,-78.80000000000000,01/01/2021
01,Azuay,881394,12,29,-2.897414000000000,-79.00448100000000,02/01/2021
02,Bolívar,209933,2,7,-1.605556000000000,-79.00305600000000,02/01/2021
04,Carchi,186869,4,9,0.8121800000000000,-77.71633000000000,02/01/2021
03,Cañar,281396,4,8,-2.733333000000000,-78.83333300000000,02/01/2021
06,Chimborazo,524004,8,17,-1.674347000000000,-78.64829400000001,02/01/2021
05,Cotopaxi,488716,5,17,-0.9333330000000000,-78.61666700000001,02/01/2021
07,El Oro,715751,10,26,-3.266667000000000,-79.96666700000000,02/01/2021
08,Esmeraldas,591083,4,10,1.050000000000000,-79.20000000000000,02/01/2021
20,Galápagos,33042,0,0,-0.7999999999999999,-89.40000000000001,02/01/2021
09,Guayas,4387434,76,153,-2.183333000000000,-79.88333299999999,02/01/2021
10,Imbabura,476257,5,14,0.3626780000000000,-78.13066700000000,02/01/2021
11,Loja,521154,6,12,-3.983333000000000,-79.20000000000000,02/01/2021
12,Los Ríos,921763,20,32,-1.800000000000000,-79.53333300000000,02/01/2021
13,Manabí,1562079,28,52,-1.056181000000000,-80.45521700000000,02/01/2021
14,Morona Santiago,196535,1,5,-2.300000000000000,-78.11666700000001,02/01/2021
15,Napo,133705,3,5,-0.9890000000000000,-77.81590000000000,02/01/2021
22,Orellana,161338,0,4,-0.4666670000000000,-76.96666700000000,02/01/2021
16,Pastaza,114202,1,2,-1.066667000000000,-78.00111099999999,02/01/2021
17,Pichincha,3228233,44,104,-0.2186110000000000,-78.50972200000000,02/01/2021
24,Santa Elena,401178,4,7,-2.226700000000000,-80.85830000000000,02/01/2021
23,Sto. Domingo Tsáchilas,511151,7,17,-0.2541670000000000,-79.17194400000000,02/01/2021
21,Sucumbíos,230503,2,8,0.08472200000000002,-76.88277800000000,02/01/2021
18,Tungurahua,590600,5,18,-1.241667000000000,-78.61972200000000,02/01/2021
19,Zamora Chinchipe,120416,0,1,-4.120000000000000,-78.80000000000000,02/01/2021
01,Azuay,881394,20,49,-2.897414000000000,-79.00448100000000,03/01/2021
02,Bolívar,209933,0,7,-1.605556000000000,-79.00305600000000,03/01/2021
04,Carchi,186869,7,16,0.8121800000000000,-77.71633000000000,03/01/2021
03,Cañar,281396,4,12,-2.733333000000000,-78.83333300000000,03/01/2021
06,Chimborazo,524004,8,25,-1.674347000000000,-78.64829400000001,03/01/2021
05,Cotopaxi,488716,5,22,-0.9333330000000000,-78.61666700000001,03/01/2021
07,El Oro,715751,11,37,-3.266667000000000,-79.96666700000000,03/01/2021
08,Esmeraldas,591083,5,15,1.050000000000000,-79.20000000000000,03/01/2021
20,Galápagos,33042,1,1,-0.7999999999999999,-89.40000000000001,03/01/2021
09,Guayas,4387434,74,227,-2.183333000000000,-79.88333299999999,03/01/2021
10,Imbabura,476257,7,21,0.3626780000000000,-78.13066700000000,03/01/2021
11,Loja,521154,7,19,-3.983333000000000,-79.20000000000000,03/01/2021
12,Los Ríos,921763,5,37,-1.800000000000000,-79.53333300000000,03/01/2021
13,Manabí,1562079,29,81,-1.056181000000000,-80.45521700000000,03/01/2021
14,Morona Santiago,196535,3,8,-2.300000000000000,-78.11666700000001,03/01/2021
15,Napo,133705,1,6,-0.9890000000000000,-77.81590000000000,03/01/2021
22,Orellana,161338,1,5,-0.4666670000000000,-76.96666700000000,03/01/2021
16,Pastaza,114202,2,4,-1.066667000000000,-78.00111099999999,03/01/2021
17,Pichincha,3228233,53,157,-0.2186110000000000,-78.50972200000000,03/01/2021
24,Santa Elena,401178,4,11,-2.226700000000000,-80.85830000000000,03/01/2021
23,Sto. Domingo Tsáchilas,511151,3,20,-0.2541670000000000,-79.17194400000000,03/01/2021
21,Sucumbíos,230503,1,9,0.08472200000000002,-76.88277800000000,03/01/2021
18,Tungurahua,590600,12,30,-1.241667000000000,-78.61972200000000,03/01/2021
19,Zamora Chinchipe,120416,1,2,-4.120000000000000,-78.80000000000000,03/01/2021
01,Azuay,881394,15,64,-2.897414000000000,-79.00448100000000,04/01/2021
02,Bolívar,209933,3,10,-1.605556000000000,-79.00305600000000,04/01/2021
04,Carchi,186869,2,18,0.8121800000000000,-77.71633000000000,04/01/2021
03,Cañar,281396,2,14,-2.733333000000000,-78.83333300000000,04/01/2021
06,Chimborazo,524004,9,34,-1.674347000000000,-78.64829400000001,04/01/2021
05,Cotopaxi,488716,7,29,-0.9333330000000000,-78.61666700000001,04/01/2021
07,El Oro,715751,6,43,-3.266667000000000,-79.96666700000000,04/01/2021
08,Esmeraldas,591083,6,21,1.050000000000000,-79.20000000000000,04/01/2021
20,Galápagos,33042,1,2,-0.7999999999999999,-89.40000000000001,04/01/2021
09,Guayas,4387434,67,294,-2.183333000000000,-79.88333299999999,04/01/2021
10,Imbabura,476257,11,32,0.3626780000000000,-78.13066700000000,04/01/2021
11,Loja,521154,11,30,-3.983333000000000,-79.20000000000000,04/01/2021
12,Los Ríos,921763,18,55,-1.800000000000000,-79.53333300000000,04/01/2021
13,Manabí,1562079,21,102,-1.056181000000000,-80.45521700000000,04/01/2021
14,Morona Santiago,196535,4,12,-2.300000000000000,-78.11666700000001,04/01/2021
15,Napo,133705,3,9,-0.9890000000000000,-77.81590000000000,04/01/2021
22,Orellana,161338,1,6,-0.4666670000000000,-76.96666700000000,04/01/2021
16,Pastaza,114202,0,4,-1.066667000000000,-78.00111099999999,04/01/2021
17,Pichincha,3228233,54,211,-0.2186110000000000,-78.50972200000000,04/01/2021
24,Santa Elena,401178,5,16,-2.226700000000000,-80.85830000000000,04/01/2021
23,Sto. Domingo Tsáchilas,511151,6,26,-0.2541670000000000,-79.17194400000000,04/01/2021
21,Sucumbíos,230503,2,11,0.08472200000000002,-76.88277800000000,04/01/2021
18,Tungurahua,590600,17,47,-1.241667000000000,-78.61972200000000,04/01/2021
19,Zamora Chinchipe,120416,0,2,-4.120000000000000,-78.80000000000000,04/01/2021
01,Azuay,881394,15,79,-2.897414000000000,-79.00448100000000,05/01/2021
02,Bolívar,209933,2,12,-1.605556000000000,-79.00305600000000,05/01/2021
04,Carchi,186869,2,20,0.8121800000000000,-77.71633000000000,05/01/2021
03,Cañar,281396,8,22,-2.733333000000000,-78.83333300000000,05/01/2021
06,Chimborazo,524004,15,49,-1.674347000000000,-78.64829400000001,05/01/2021
05,Cotopaxi,488716,5,34,-0.9333330000000000,-78.61666700000001,05/01/2021
07,El Oro,715751,10,53,-3.266667000000000,-79.96666700000000,05/01/2021
08,Esmeraldas,591083,2,23,1.050000000000000,-79.20000000000000,05/01/2021
20,Galápagos,33042,0,2,-0.7999999999999999,-89.40000000000001,05/01/2021
09,Guayas,4387434,90,384,-2.183333000000000,-79.88333299999999,05/01/2021
10,Imbabura,476257,4,36,0.3626780000000000,-78.13066700000000,05/01/2021
11,Loja,521154,9,39,-3.983333000000000,-79.20000000000000,05/01/2021
12,Los Ríos,921763,13,68,-1.800000000000000,-79.53333300000000,05/01/2021
13,Manabí,1562079,14,116,-1.056181000000000,-80.45521700000000,05/01/2021
14,Morona Santiago,196535,1,13,-2.300000000000000,-78.11666700000001,05/01/2021
15,Napo,133705,2,11,-0.9890000000000000,-77.81590000000000,05/01/2021
22,Orellana,161338,1,7,-0.4666670000000000,-76.96666700000000,05/01/2021
16,Pastaza,114202,0,4,-1.066667000000000,-78.00111099999999,05/01/2021
17,Pichincha,3228233,53,264,-0.2186110000000000,-78.50972200000000,05/01/2021
24,Santa Elena,401178,4,20,-2.226700000000000,-80.85830000000000,05/01/2021
23,Sto. Domingo Tsáchilas,511151,12,38,-0.2541670000000000,-79.17194400000000,05/01/2021
21,Sucumbíos,230503,1,12,0.08472200000000002,-76.88277800000000,05/01/2021
18,Tungurahua,590600,17,64,-1.241667000000000,-78.61972200000000,05/01/2021
19,Zamora Chinchipe,120416,2,4,-4.120000000000000,-78.80000000000000,05/01/2021
01,Azuay,881394,18,97,-2.897414000000000,-79.00448100000000,06/01/2021
02,Bolívar,209933,4,16,-1.605556000000000,-79.00305600000000,06/01/2021
04,Carchi,186869,1,21,0.8121800000000000,-77.71633000000000,06/01/2021
03,Cañar,281396,4,26,-2.733333000000000,-78.83333300000000,06/01/2021
06,Chimborazo,524004,9,58,-1.674347000000000,-78.64829400000001,06/01/2021
05,Cotopaxi,488716,8,42,-0.9333330000000000,-78.61666700000001,06/01/2021
07,El Oro,715751,9,62,-3.266667000000000,-79.96666700000000,06/01/2021
08,Esmeraldas,591083,5,28,1.050000000000000,-79.20000000000000,06/01/2021
20,Galápagos,33042,0,2,-0.7999999999999999,-89.40000000000001,06/01/2021
09,Guayas,4387434,71,455,-2.183333000000000,-79.88333299999999,06/01/2021
10,Imbabura,476257,7,43,0.3626780000000000,-78.13066700000000,06/01/2021
11,Loja,521154,10,49,-3.983333000000000,-79.20000000000000,06/01/2021
12,Los Ríos,921763,15,83,-1.800000000000000,-79.53333300000000,06/01/2021
13,Manabí,1562079,23,139,-1.056181000000000,-80.45521700000000,06/01/2021
14,Morona Santiago,196535,1,14,-2.300000000000000,-78.11666700000001,06/01/2021
15,Napo,133705,0,11,-0.9890000000000000,-77.81590000000000,06/01/2021
22,Orellana,161338,0,7,-0.4666670000000000,-76.96666700000000,06/01/2021
16,Pastaza,114202,0,4,-1.066667000000000,-78.00111099999999,06/01/2021
17,Pichincha,3228233,52,316,-0.2186110000000000,-78.50972200000000,06/01/2021
24,Santa Elena,401178,4,24,-2.226700000000000,-80.85830000000000,06/01/2021
23,Sto. Domingo Tsáchilas,511151,8,46,-0.2541670000000000,-79.17194400000000,06/01/2021
21,Sucumbíos,230503,3,15,0.08472200000000002,-76.88277800000000,06/01/2021
18,Tungurahua,590600,16,80,-1.241667000000000,-78.61972200000000,06/01/2021
19,Zamora Chinchipe,120416,1,5,-4.120000000000000,-78.80000000000000,06/01/2021
01,Azuay,881394,9,106,-2.897414000000000,-79.00448100000000,07/01/2021
02,Bolívar,209933,2,18,-1.605556000000000,-79.00305600000000,07/01/2021
04,Carchi,186869,6,27,0.8121800000000000,-77.71633000000000,07/01/2021
03,Cañar,281396,9,35,-2.733333000000000,-78.83333300000000,07/01/2021
06,Chimborazo,524004,13,71,-1.674347000000000,-78.64829400000001,07/01/2021
05,Cotopaxi,488716,8,50,-0.9333330000000000,-78.61666700000001,07/01/2021
07,El Oro,715751,11,73,-3.266667000000000,-79.96666700000000,07/01/2021
08,Esmeraldas,591083,5,33,1.050000000000000,-79.20000000000000,07/01/2021
20,Galápagos,33042,1,3,-0.7999999999999999,-89.40000000000001,07/01/2021
09,Guayas,4387434,83,538,-2.183333000000000,-79.88333299999999,07/01/2021
10,Imbabura,476257,10,53,0.3626780000000000,-78.13066700000000,07/01/2021
11,Loja,521154,7,56,-3.983333000000000,-79.20000000000000,07/01/2021
12,Los Ríos,921763,10,93,-1.800000000000000,-79.53333300000000,07/01/2021
13,Manabí,1562079,21,160,-1.056181000000000,-80.45521700000000,07/01/2021
14,Morona Santiago,196535,2,16,-2.300000000000000,-78.11666700000001,07/01/2021
15,Napo,133705,2,13,-0.9890000000000000,-77.81590000000000,07/01/2021
22,Orellana,161338,1,8,-0.4666670000000000,-76.96666700000000,07/01/2021
16,Pastaza,114202,0,4,-1.066667000000000,-78.00111099999999,07/01/2021
17,Pichincha,3228233,56,372,-0.2186110000000000,-78.50972200000000,07/01/2021
24,Santa Elena,401178,6,30,-2.226700000000000,-80.85830000000000,07/01/2021
23,Sto. Domingo Tsáchilas,511151,7,53,-0.2541670000000000,-79.17194400000000,07/01/2021
21,Sucumbíos,230503,3,18,0.08472200000000002,-76.88277800000000,07/01/2021
18,Tungurahua,590600,13,93,-1.241667000000000,-78.61972200000000,07/01/2021
19,Zamora Chinchipe,120416,2,7,-4.120000000000000,-78.80000000000000,07/01/2021
01,Azuay,881394,19,125,-2.897414000000000,-79.00448100000000,08/01/2021
02,Bolívar,209933,3,21,-1.605556000000000,-79.00305600000000,08/01/2021
04,Carchi,186869,8,35,0.8121800000000000,-77.71633000000000,08/01/2021
03,Cañar,281396,0,35,-2.733333000000000,-78.83333300000000,08/01/2021
06,Chimborazo,524004,17,88,-1.674347000000000,-78.64829400000001,08/01/2021
05,Cotopaxi,488716,8,58,-0.9333330000000000,-78.61666700000001,08/01/2021
07,El Oro,715751,16,89,-3.266667000000000,-79.96666700000000,08/01/2021
08,Esmeraldas,591083,3,36,1.050000000000000,-79.20000000000000,08/01/2021
20,Galápagos,33042,1,4,-0.7999999999999999,-89.40000000000001,08/01/2021
09,Guayas,4387434,73,611,-2.183333000000000,-79.88333299999999,08/01/2021
10,Imbabura,476257,7,60,0.3626780000000000,-78.13066700000000,08/01/2021
11,Loja,521154,5,61,-3.983333000000000,-79.20000000000000,08/01/2021
12,Los Ríos,921763,7,100,-1.800000000000000,-79.53333300000000,08/01/2021
13,Manabí,1562079,19,179,-1.056181000000000,-80.45521700000000,08/01/2021
14,Morona Santiago,196535,2,18,-2.300000000000000,-78.11666700000001,08/01/2021
15,Napo,133705,4,17,-0.9890000000000000,-77.81590000000000,08/01/2021
22,Orellana,161338,3,11,-0.4666670000000000,-76.96666700000000,08/01/2021
16,Pastaza,114202,2,6,-1.066667000000000,-78.00111099999999,08/01/2021
17,Pichincha,3228233,55,427,-0.2186110000000000,-78.50972200000000,08/01/2021
24,Santa Elena,401178,5,35,-2.226700000000000,-80.85830000000000,08/01/2021
23,Sto. Domingo Tsáchilas,511151,9,62,-0.2541670000000000,-79.17194400000000,08/01/2021
21,Sucumbíos,230503,2,20,0.08472200000000002,-76.88277800000000,08/01/2021
18,Tungurahua,590600,16,109,-1.241667000000000,-78.61972200000000,08/01/2021
19,Zamora Chinchipe,120416,1,8,-4.120000000000000,-78.80000000000000,08/01/2021
01,Azuay,881394,18,143,-2.897414000000000,-79.00448100000000,09/01/2021
02,Bolívar,209933,0,21,-1.605556000000000,-79.00305600000000,09/01/2021
04,Carchi,186869,3,38,0.8121800000000000,-77.71633000000000,09/01/2021
03,Cañar,281396,3,38,-2.733333000000000,-78.83333300000000,09/01/2021
06,Chimborazo,524004,13,101,-1.674347000000000,-78.64829400000001,09/01/2021
05,Cotopaxi,488716,7,65,-0.9333330000000000,-78.61666700000001,09/01/2021
07,El Oro,715751,12,101,-3.266667000000000,-79.96666700000000,09/01/2021
08,Esmeraldas,591083,2,38,1.050000000000000,-79.20000000000000,09/01/2021
20,Galápagos,33042,0,4,-0.7999999999999999,-89.40000000000001,09/01/2021
09,Guayas,4387434,92,703,-2.183333000000000,-79.88333299999999,09/01/2021
10,Imbabura,476257,11,71,0.3626780000000000,-78.13066700000000,09/01/2021
11,Loja,521154,5,66,-3.983333000000000,-79.20000000000000,09/01/2021
12,Los Ríos,921763,13,113,-1.800000000000000,-79.53333300000000,09/01/2021
13,Manabí,1562079,30,209,-1.056181000000000,-80.45521700000000,09/01/2021
14,Morona Santiago,196535,2,20,-2.300000000000000,-78.11666700000001,09/01/2021
15,Napo,133705,3,20,-0.9890000000000000,-77.81590000000000,09/01/2021
22,Orellana,161338,3,14,-0.4666670000000000,-76.96666700000000,09/01/2021
16,Pastaza,114202,0,6,-1.066667000000000,-78.00111099999999,09/01/2021
17,Pichincha,3228233,48,475,-0.2186110000000000,-78.50972200000000,09/01/2021
24,Santa Elena,401178,5,40,-2.226700000000000,-80.85830000000000,09/01/2021
23,Sto. Domingo Tsáchilas,511151,5,67,-0.2541670000000000,-79.17194400000000,09/01/2021
21,Sucumbíos,230503,1,21,0.08472200000000002,-76.88277800000000,09/01/2021
18,Tungurahua,590600,12,121,-1.241667000000000,-78.61972200000000,09/01/2021
19,Zamora Chinchipe,120416,0,8,-4.120000000000000,-78.80000000000000,09/01/2021
01,Azuay,881394,15,158,-2.897414000000000,-79.00448100000000,10/01/2021
02,Bolívar,209933,5,26,-1.605556000000000,-79.00305600000000,10/01/2021
04,Carchi,186869,5,43,0.8121800000000000,-77.71633000000000,10/01/2021
03,Cañar,281396,5,43,-2.733333000000000,-78.83333300000000,10/01/2021
06,Chimborazo,524004,7,108,-1.674347000000000,-78.64829400000001,10/01/2021
05,Cotopaxi,488716,13,78,-0.9333330000000000,-78.61666700000001,10/01/2021
07,El Oro,715751,12,113,-3.266667000000000,-79.96666700000000,10/01/2021
08,Esmeraldas,591083,4,42,1.050000000000000,-79.20000000000000,10/01/2021
20,Galápagos,33042,1,5,-0.7999999999999999,-89.40000000000001,10/01/2021
09,Guayas,4387434,73,776,-2.183333000000000,-79.88333299999999,10/01/2021
10,Imbabura,476257,9,80,0.3626780000000000,-78.13066700000000,10/01/2021
11,Loja,521154,3,69,-3.983333000000000,-79.20000000000000,10/01/2021
12,Los Ríos,921763,11,124,-1.800000000000000,-79.53333300000000,10/01/2021
13,Manabí,1562079,20,229,-1.056181000000000,-80.45521700000000,10/01/2021
14,Morona Santiago,196535,0,20,-2.300000000000000,-78.11666700000001,10/01/2021
15,Napo,133705,0,20,-0.9890000000000000,-77.81590000000000,10/01/2021
22,Orellana,161338,2,16,-0.4666670000000000,-76.96666700000000,10/01/2021
16,Pastaza,114202,0,6,-1.066667000000000,-78.00111099999999,10/01/2021
17,Pichincha,3228233,54,529,-0.2186110000000000,-78.50972200000000,10/01/2021
24,Santa Elena,401178,5,45,-2.226700000000000,-80.85830000000000,10/01/2021
23,Sto. Domingo Tsáchilas,511151,7,74,-0.2541670000000000,-79.17194400000000,10/01/2021
21,Sucumbíos,230503,4,25,0.08472200000000002,-76.88277800000000,10/01/2021
18,Tungurahua,590600,14,135,-1.241667000000000,-78.61972200000000,10/01/2021
19,Zamora Chinchipe,120416,1,9,-4.120000000000000,-78.80000000000000,10/01/2021
01,Azuay,881394,17,175,-2.897414000000000,-79.00448100000000,11/01/2021
02,Bolívar,209933,3,29,-1.605556000000000,-79.00305600000000,11/01/2021
04,Carchi,186869,5,48,0.8121800000000000,-77.71633000000000,11/01/2021
03,Cañar,281396,4,47,-2.733333000000000,-78.83333300000000,11/01/2021
06,Chimborazo,524004,8,116,-1.674347000000000,-78.64829400000001,11/01/2021
05,Cotopaxi,488716,18,96,-0.9333330000000000,-78.61666700000001,11/01/2021
07,El Oro,715751,9,122,-3.266667000000000,-79.96666700000000,11/01/2021
08,Esmeraldas,591083,7,49,1.050000000000000,-79.20000000000000,11/01/2021
20,Galápagos,33042,0,5,-0.7999999999999999,-89.40000000000001,11/01/2021
09,Guayas,4387434,100,876,-2.183333000000000,-79.88333299999999,11/01/2021
10,Imbabura,476257,8,88,0.3626780000000000,-78.13066700000000,11/01/2021
11,Loja,521154,9,78,-3.983333000000000,-79.20000000000000,11/01/2021
12,Los Ríos,921763,14,138,-1.800000000000000,-79.53333300000000,11/01/2021
13,Manabí,1562079,15,244,-1.056181000000000,-80.45521700000000,11/01/2021
14,Morona Santiago,196535,2,22,-2.300000000000000,-78.11666700000001,11/01/2021
15,Napo,133705,0,20,-0.9890000000000000,-77.81590000000000,11/01/2021
22,Orellana,161338,1,17,-0.4666670000000000,-76.96666700000000,11/01/2021
16,Pastaza,114202,0,6,-1.066667000000000,-78.00111099999999,11/01/2021
17,Pichincha,3228233,48,577,-0.2186110000000000,-78.50972200000000,11/01/2021
24,Santa Elena,401178,7,52,-2.226700000000000,-80.85830000000000,11/01/2021
23,Sto. Domingo Tsáchilas,511151,12,86,-0.2541670000000000,-79.17194400000000,11/01/2021
21,Sucumbíos,230503,0,25,0.08472200000000002,-76.88277800000000,11/01/2021
18,Tungurahua,590600,9,144,-1.241667000000000,-78.61972200000000,11/01/2021
19,Zamora Chinchipe,120416,0,9,-4.120000000000000,-78.80000000000000,11/01/2021
01,Azuay,881394,15,190,-2.897414000000000,-79.00448100000000,12/01/2021
02,Bolívar,209933,3,32,-1.605556000000000,-79.00305600000000,12/01/2021
04,Carchi,186869,5,53,0.8121800000000000,-77.71633000000000,12/01/2021
03,Cañar,281396,3,50,-2.733333000000000,-78.83333300000000,12/01/2021
06,Chimborazo,524004,5,121,-1.674347000000000,-78.64829400000001,12/01/2021
05,Cotopaxi,488716,9,105,-0.9333330000000000,-78.61666700000001,12/01/2021
07,El Oro,715751,16,138,-3.266667000000000,-79.96666700000000,12/01/2021
08,Esmeraldas,591083,9,58,1.050000000000000,-79.20000000000000,12/01/2021
20,Galápagos,33042,0,5,-0.7999999999999999,-89.40000000000001,12/01/2021
09,Guayas,4387434,77,953,-2.183333000000000,-79.88333299999999,12/01/2021
10,Imbabura,476257,6,94,0.3626780000000000,-78.13066700000000,12/01/2021
11,Loja,521154,4,82,-3.983333000000000,-79.20000000000000,12/01/2021
12,Los Ríos,921763,7,145,-1.800000000000000,-79.53333300000000,12/01/2021
13,Manabí,1562079,26,270,-1.056181000000000,-80.45521700000000,12/01/2021
14,Morona Santiago,196535,2,24,-2.300000000000000,-78.11666700000001,12/01/2021
15,Napo,133705,4,24,-0.9890000000000000,-77.81590000000000,12/01/2021
22,Orellana,161338,0,17,-0.4666670000000000,-76.96666700000000,12/01/2021
16,Pastaza,114202,0,6,-1.066667000000000,-78.00111099999999,12/01/2021
17,Pichincha,3228233,53,630,-0.2186110000000000,-78.50972200000000,12/01/2021
24,Santa Elena,401178,3,55,-2.226700000000000,-80.85830000000000,12/01/2021
23,Sto. Domingo Tsáchilas,511151,11,97,-0.2541670000000000,-79.17194400000000,12/01/2021
21,Sucumbíos,230503,7,32,0.08472200000000002,-76.88277800000000,12/01/2021
18,Tungurahua,590600,18,162,-1.241667000000000,-78.61972200000000,12/01/2021
19,Zamora Chinchipe,120416,3,12,-4.120000000000000,-78.80000000000000,12/01/2021
01,Azuay,881394,18,208,-2.897414000000000,-79.00448100000000,13/01/2021
02,Bolívar,209933,2,34,-1.605556000000000,-79.00305600000000,13/01/2021
04,Carchi,186869,6,59,0.8121800000000000,-77.71633000000000,13/01/2021
03,Cañar,281396,5,55,-2.733333000000000,-78.83333300000000,13/01/2021
06,Chimborazo,524004,8,129,-1.674347000000000,-78.64829400000001,13/01/2021
05,Cotopaxi,488716,12,117,-0.9333330000000000,-78.61666700000001,13/01/2021
07,El Oro,715751,16,154,-3.266667000000000,-79.96666700000000,13/01/2021
08,Esmeraldas,591083,3,61,1.050000000000000,-79.20000000000000,13/01/2021
20,Galápagos,33042,0,5,-0.7999999999999999,-89.40000000000001,13/01/2021
09,Guayas,4387434,87,1040,-2.183333000000000,-79.88333299999999,13/01/2021
10,Imbabura,476257,8,102,0.3626780000000000,-78.13066700000000,13/01/2021
11,Loja,521154,5,87,-3.983333000000000,-79.20000000000000,13/01/2021
12,Los Ríos,921763,12,157,-1.800000000000000,-79.53333300000000,13/01/2021
13,Manabí,1562079,20,290,-1.056181000000000,-80.45521700000000,13/01/2021
14,Morona Santiago,196535,1,25,-2.300000000000000,-78.11666700000001,13/01/2021
15,Napo,133705,0,24,-0.9890000000000000,-77.81590000000000,13/01/2021
22,Orellana,161338,3,20,-0.4666670000000000,-76.96666700000000,13/01/2021
16,Pastaza,114202,1,7,-1.066667000000000,-78.00111099999999,13/01/2021
17,Pichincha,3228233,48,678,-0.2186110000000000,-78.50972200000000,13/01/2021
24,Santa Elena,401178,9,64,-2.226700000000000,-80.85830000000000,13/01/2021
23,Sto. Domingo Tsáchilas,511151,11,108,-0.2541670000000000,-79.17194400000000,13/01/2021
21,Sucumbíos,230503,3,35,0.08472200000000002,-76.88277800000000,13/01/2021
18,Tungurahua,590600,18,180,-1.241667000000000,-78.61972200000000,13/01/2021
19,Zamora Chinchipe,120416,2,14,-4.120000000000000,-78.80000000000000,13/01/2021
01,Azuay,881394,18,226,-2.897414000000000,-79.00448100000000,14/01/2021
02,Bolívar,209933,8,42,-1.605556000000000,-79.00305600000000,14/01/2021
04,Carchi,186869,6,65,0.8121800000000000,-77.71633000000000,14/01/2021
03,Cañar,281396,8,63,-2.733333000000000,-78.83333300000000,14/01/2021
06,Chimborazo,524004,11,140,-1.674347000000000,-78.64829400000001,14/01/2021
05,Cotopaxi,488716,10,127,-0.9333330000000000,-78.61666700000001,14/01/2021
07,El Oro,715751,10,164,-3.266667000000000,-79.96666700000000,14/01/2021
08,Esmeraldas,591083,5,66,1.050000000000000,-79.20000000000000,14/01/2021
20,Galápagos,33042,0,5,-0.7999999999999999,-89.40000000000001,14/01/2021
09,Guayas,4387434,87,1127,-2.183333000000000,-79.88333299999999,14/01/2021
10,Imbabura,476257,11,113,0.3626780000000000,-78.13066700000000,14/01/2021
11,Loja,521154,9,96,-3.983333000000000,-79.20000000000000,14/01/2021
12,Los Ríos,921763,15,172,-1.800000000000000,-79.53333300000000,14/01/2021
13,Manabí,1562079,25,315,-1.056181000000000,-80.45521700000000,14/01/2021
14,Morona Santiago,196535,0,25,-2.300000000000000,-78.11666700000001,14/01/2021
15,Napo,133705,0,24,-0.9890000000000000,-77.81590000000000,14/01/2021
22,Orellana,161338,0,20,-0.4666670000000000,-76.96666700000000,14/01/2021
16,Pastaza,114202,1,8,-1.066667000000000,-78.00111099999999,14/01/2021
17,Pichincha,3228233,46,724,-0.2186110000000000,-78.50972200000000,14/01/2021
24,Santa Elena,401178,7,71,-2.226700000000000,-80.85830000000000,14/01/2021
23,Sto. Domingo Tsáchilas,511151,6,114,-0.2541670000000000,-79.17194400000000,14/01/2021
21,Sucumbíos,230503,0,35,0.08472200000000002,-76.88277800000000,14/01/2021
18,Tungurahua,590600,10,190,-1.241667000000000,-78.61972200000000,14/01/2021
19,Zamora Chinchipe,120416,0,14,-4.120000000000000,-78.80000000000000,14/01/2021
01,Azuay,881394,12,238,-2.897414000000000,-79.00448100000000,15/01/2021
02,Bolívar,209933,5,47,-1.605556000000000,-79.00305600000000,15/01/2021
04,Carchi,186869,8,73,0.8121800000000000,-77.71633000000000,15/01/2021
03,Cañar,281396,9,72,-2.733333000000000,-78.83333300000000,15/01/2021
06,Chimborazo,524004,10,150,-1.674347000000000,-78.64829400000001,15/01/2021
05,Cotopaxi,488716,4,131,-0.9333330000000000,-78.61666700000001,15/01/2021
07,El Oro,715751,12,176,-3.266667000000000,-79.96666700000000,15/01/2021
08,Esmeraldas,591083,3,69,1.050000000000000,-79.20000000000000,15/01/2021
20,Galápagos,33042,0,5,-0.7999999999999999,-89.40000000000001,15/01/2021
09,Guayas,4387434,82,1209,-2.183333000000000,-79.88333299999999,15/01/2021
10,Imbabura,476257,9,122,0.3626780000000000,-78.13066700000000,15/01/2021
11,Loja,521154,8,104,-3.983333000000000,-79.20000000000000,15/01/2021
12,Los Ríos,921763,19,191,-1.800000000000000,-79.53333300000000,15/01/2021
13,Manabí,1562079,29,344,-1.056181000000000,-80.45521700000000,15/01/2021
14,Morona Santiago,196535,2,27,-2.300000000000000,-78.11666700000001,15/01/2021
15,Napo,133705,0,24,-0.9890000000000000,-77.81590000000000,15/01/2021
22,Orellana,161338,1,21,-0.4666670000000000,-76.96666700000000,15/01/2021
16,Pastaza,114202,2,10,-1.066667000000000,-78.00111099999999,15/01/2021
17,Pichincha,3228233,59,783,-0.2186110000000000,-78.50972200000000,15/01/2021
24,Santa Elena,401178,4,75,-2.226700000000000,-80.85830000000000,15/01/2021
23,Sto. Domingo Tsáchilas,511151,5,119,-0.2541670000000000,-79.17194400000000,15/01/2021
21,Sucumbíos,230503,7,42,0.08472200000000002,-76.88277800000000,15/01/2021
18,Tungurahua,590600,11,201,-1.241667000000000,-78.61972200000000,15/01/2021
19,Zamora Chinchipe,120416,2,16,-4.120000000000000,-78.80000000000000,15/01/2021
01,Azuay,881394,16,254,-2.897414000000000,-79.00448100000000,16/01/2021
02,Bolívar,209933,2,49,-1.605556000000000,-79.00305600000000,16/01/2021
04,Carchi,186869,4,77,0.8121800000000000,-77.71633000000000,16/01/2021
03,Cañar,281396,4,76,-2.733333000000000,-78.83333300000000,16/01/2021
06,Chimborazo,524004,12,162,-1.674347000000000,-78.64829400000001,16/01/2021
05,Cotopaxi,488716,9,140,-0.9333330000000000,-78.61666700000001,16/01/2021
07,El Oro,715751,19,195,-3.266667000000000,-79.96666700000000,16/01/2021
08,Esmeraldas,591083,3,72,1.050000000000000,-79.20000000000000,16/01/2021
20,Galápagos,33042,1,6,-0.7999999999999999,-89.40000000000001,16/01/2021
09,Guayas,4387434,82,1291,-2.183333000000000,-79.88333299999999,16/01/2021
10,Imbabura,476257,6,128,0.3626780000000000,-78.13066700000000,16/01/2021
11,Loja,521154,7,111,-3.983333000000000,-79.20000000000000,16/01/2021
12,Los Ríos,921763,11,202,-1.800000000000000,-79.53333300000000,16/01/2021
13,Manabí,1562079,28,372,-1.056181000000000,-80.45521700000000,16/01/2021
14,Morona Santiago,196535,1,28,-2.300000000000000,-78.11666700000001,16/01/2021
15,Napo,133705,0,24,-0.9890000000000000,-77.81590000000000,16/01/2021
22,Orellana,161338,2,23,-0.4666670000000000,-76.96666700000000,16/01/2021
16,Pastaza,114202,2,12,-1.066667000000000,-78.00111099999999,16/01/2021
17,Pichincha,3228233,77,860,-0.2186110000000000,-78.50972200000000,16/01/2021
24,Santa Elena,401178,5,80,-2.226700000000000,-80.85830000000000,16/01/2021
23,Sto. Domingo Tsáchilas,511151,6,125,-0.2541670000000000,-79.17194400000000,16/01/2021
21,Sucumbíos,230503,1,43,0.08472200000000002,-76.88277800000000,16/01/2021
18,Tungurahua,590600,14,215,-1.241667000000000,-78.61972200000000,16/01/2021
19,Zamora Chinchipe,120416,2,18,-4.120000000000000,-78.80000000000000,16/01/2021
01,Azuay,881394,24,278,-2.897414000000000,-79.00448100000000,17/01/2021
02,Bolívar,209933,17,66,-1.605556000000000,-79.00305600000000,17/01/2021
04,Carchi,186869,3,80,0.8121800000000000,-77.71633000000000,17/01/2021
03,Cañar,281396,3,79,-2.733333000000000,-78.83333300000000,17/01/2021
06,Chimborazo,524004,12,174,-1.674347000000000,-78.64829400000001,17/01/2021
05,Cotopaxi,488716,7,147,-0.9333330000000000,-78.61666700000001,17/01/2021
07,El Oro,715751,16,211,-3.266667000000000,-79.96666700000000,17/01/2021
08,Esmeraldas,591083,5,77,1.050000000000000,-79.20000000000000,17/01/2021
20,Galápagos,33042,1,7,-0.7999999999999999,-89.40000000000001,17/01/2021
09,Guayas,4387434,103,1394,-2.183333000000000,-79.88333299999999,17/01/2021
10,Imbabura,476257,7,135,0.3626780000000000,-78.13066700000000,17/01/2021
11,Loja,521154,3,114,-3.983333000000000,-79.20000000000000,17/01/2021
12,Los Ríos,921763,16,218,-1.800000000000000,-79.53333300000000,17/01/2021
13,Manabí,1562079,28,400,-1.056181000000000,-80.45521700000000,17/01/2021
14,Morona Santiago,196535,0,28,-2.300000000000000,-78.11666700000001,17/01/2021
15,Napo,133705,1,25,-0.9890000000000000,-77.81590000000000,17/01/2021
22,Orellana,161338,4,27,-0.4666670000000000,-76.96666700000000,17/01/2021
16,Pastaza,114202,2,14,-1.066667000000000,-78.00111099999999,17/01/2021
17,Pichincha,3228233,58,918,-0.2186110000000000,-78.50972200000000,17/01/2021
24,Santa Elena,401178,5,85,-2.226700000000000,-80.85830000000000,17/01/2021
23,Sto. Domingo Tsáchilas,511151,11,136,-0.2541670000000000,-79.17194400000000,17/01/2021
21,Sucumbíos,230503,3,46,0.08472200000000002,-76.88277800000000,17/01/2021
18,Tungurahua,590600,15,230,-1.241667000000000,-78.61972200000000,17/01/2021
19,Zamora Chinchipe,120416,2,20,-4.120000000000000,-78.80000000000000,17/01/2021
01,Azuay,881394,12,290,-2.897414000000000,-79.00448100000000,18/01/2021
02,Bolívar,209933,5,71,-1.605556000000000,-79.00305600000000,18/01/2021
04,Carchi,186869,9,89,0.8121800000000000,-77.71633000000000,18/01/2021
03,Cañar,281396,4,83,-2.733333000000000,-78.83333300000000,18/01/2021
06,Chimborazo,524004,15,189,-1.674347000000000,-78.64829400000001,18/01/2021
05,Cotopaxi,488716,5,152,-0.9333330000000000,-78.61666700000001,18/01/2021
07,El Oro,715751,10,221,-3.266667000000000,-79.96666700000000,18/01/2021
08,Esmeraldas,591083,7,84,1.050000000000000,-79.20000000000000,18/01/2021
20,Galápagos,33042,1,8,-0.7999999999999999,-89.40000000000001,18/01/2021
09,Guayas,4387434,76,1470,-2.183333000000000,-79.88333299999999,18/01/2021
10,Imbabura,476257,9,144,0.3626780000000000,-78.13066700000000,18/01/2021
11,Loja,521154,5,119,-3.983333000000000,-79.20000000000000,18/01/2021
12,Los Ríos,921763,7,225,-1.800000000000000,-79.53333300000000,18/01/2021
13,Manabí,1562079,32,432,-1.056181000000000,-80.45521700000000,18/01/2021
14,Morona Santiago,196535,0,28,-2.300000000000000,-78.11666700000001,18/01/2021
15,Napo,133705,0,25,-0.9890000000000000,-77.81590000000000,18/01/2021
22,Orellana,161338,1,28,-0.4666670000000000,-76.96666700000000,18/01/2021
16,Pastaza,114202,1,15,-1.066667000000000,-78.00111099999999,18/01/2021
17,Pichincha,3228233,65,983,-0.2186110000000000,-78.50972200000000,18/01/2021
24,Santa Elena,401178,7,92,-2.226700000000000,-80.85830000000000,18/01/2021
23,Sto. Domingo Tsáchilas,511151,2,138,-0.2541670000000000,-79.17194400000000,18/01/2021
21,Sucumbíos,230503,5,51,0.08472200000000002,-76.88277800000000,18/01/2021
18,Tungurahua,590600,20,250,-1.241667000000000,-78.61972200000000,18/01/2021
19,Zamora Chinchipe,120416,2,22,-4.120000000000000,-78.80000000000000,18/01/2021
01,Azuay,881394,21,311,-2.897414000000000,-79.00448100000000,19/01/2021
02,Bolívar,209933,5,76,-1.605556000000000,-79.00305600000000,19/01/2021
04,Carchi,186869,3,92,0.8121800000000000,-77.71633000000000,19/01/2021
03,Cañar,281396,2,85,-2.733333000000000,-78.83333300000000,19/01/2021
06,Chimborazo,524004,11,200,-1.674347000000000,-78.64829400000001,19/01/2021
05,Cotopaxi,488716,4,156,-0.9333330000000000,-78.61666700000001,19/01/2021
07,El Oro,715751,13,234,-3.266667000000000,-79.96666700000000,19/01/2021
08,Esmeraldas,591083,4,88,1.050000000000000,-79.20000000000000,19/01/2021
20,Galápagos,33042,1,9,-0.7999999999999999,-89.40000000000001,19/01/2021
09,Guayas,4387434,84,1554,-2.183333000000000,-79.88333299999999,19/01/2021
10,Imbabura,476257,9,153,0.3626780000000000,-78.13066700000000,19/01/2021
11,Loja,521154,9,128,-3.983333000000000,-79.20000000000000,19/01/2021
12,Los Ríos,921763,16,241,-1.800000000000000,-79.53333300000000,19/01/2021
13,Manabí,1562079,25,457,-1.056181000000000,-80.45521700000000,19/01/2021
14,Morona Santiago,196535,3,31,-2.300000000000000,-78.11666700000001,19/01/2021
15,Napo,133705,1,26,-0.9890000000000000,-77.81590000000000,19/01/2021
22,Orellana,161338,0,28,-0.4666670000000000,-76.96666700000000,19/01/2021
16,Pastaza,114202,4,19,-1.066667000000000,-78.00111099999999,19/01/2021
17,Pichincha,3228233,83,1066,-0.2186110000000000,-78.50972200000000,19/01/2021
24,Santa Elena,401178,8,100,-2.226700000000000,-80.85830000000000,19/01/2021
23,Sto. Domingo Tsáchilas,511151,7,145,-0.2541670000000000,-79.17194400000000,19/01/2021
21,Sucumbíos,230503,4,55,0.08472200000000002,-76.88277800000000,19/01/2021
18,Tungurahua,590600,26,276,-1.241667000000000,-78.61972200000000,19/01/2021
19,Zamora Chinchipe,120416,2,24,-4.120000000000000,-78.80000000000000,19/01/2021
01,Azuay,881394,14,325,-2.897414000000000,-79.00448100000000,20/01/2021
02,Bolívar,209933,5,81,-1.605556000000000,-79.00305600000000,20/01/2021
04,Carchi,186869,2,94,0.8121800000000000,-77.71633000000000,20/01/2021
03,Cañar,281396,4,89,-2.733333000000000,-78.83333300000000,20/01/2021
06,Chimborazo,524004,6,206,-1.674347000000000,-78.64829400000001,20/01/2021
05,Cotopaxi,488716,4,160,-0.9333330000000000,-78.61666700000001,20/01/2021
07,El Oro,715751,15,249,-3.266667000000000,-79.96666700000000,20/01/2021
08,Esmeraldas,591083,9,97,1.050000000000000,-79.20000000000000,20/01/2021
20,Galápagos,33042,1,10,-0.7999999999999999,-89.40000000000001,20/01/2021
09,Guayas,4387434,86,1640,-2.183333000000000,-79.88333299999999,20/01/2021
10,Imbabura,476257,7,160,0.3626780000000000,-78.13066700000000,20/01/2021
11,Loja,521154,9,137,-3.983333000000000,-79.20000000000000,20/01/2021
12,Los Ríos,921763,14,255,-1.800000000000000,-79.53333300000000,20/01/2021
13,Manabí,1562079,30,487,-1.056181000000000,-80.45521700000000,20/01/2021
14,Morona Santiago,196535,2,33,-2.300000000000000,-78.11666700000001,20/01/2021
15,Napo,133705,3,29,-0.9890000000000000,-77.81590000000000,20/01/2021
22,Orellana,161338,3,31,-0.4666670000000000,-76.96666700000000,20/01/2021
16,Pastaza,114202,3,22,-1.066667000000000,-78.00111099999999,20/01/2021
17,Pichincha,3228233,51,1117,-0.2186110000000000,-78.50972200000000,20/01/2021
24,Santa Elena,401178,6,106,-2.226700000000000,-80.85830000000000,20/01/2021
23,Sto. Domingo Tsáchilas,511151,6,151,-0.2541670000000000,-79.17194400000000,20/01/2021
21,Sucumbíos,230503,3,58,0.08472200000000002,-76.88277800000000,20/01/2021
18,Tungurahua,590600,22,298,-1.241667000000000,-78.61972200000000,20/01/2021
19,Zamora Chinchipe,120416,0,24,-4.120000000000000,-78.80000000000000,20/01/2021
01,Azuay,881394,18,343,-2.897414000000000,-79.00448100000000,21/01/2021
02,Bolívar,209933,3,84,-1.605556000000000,-79.00305600000000,21/01/2021
04,Carchi,186869,5,99,0.8121800000000000,-77.71633000000000,21/01/2021
03,Cañar,281396,6,95,-2.733333000000000,-78.83333300000000,21/01/2021
06,Chimborazo,524004,8,214,-1.674347000000000,-78.64829400000001,21/01/2021
05,Cotopaxi,488716,11,171,-0.9333330000000000,-78.61666700000001,21/01/2021
07,El Oro,715751,19,268,-3.266667000000000,-79.96666700000000,21/01/2021
08,Esmeraldas,591083,4,101,1.050000000000000,-79.20000000000000,21/01/2021
20,Galápagos,33042,0,10,-0.7999999999999999,-89.40000000000001,21/01/2021
09,Guayas,4387434,95,1735,-2.183333000000000,-79.88333299999999,21/01/2021
10,Imbabura,476257,10,170,0.3626780000000000,-78.13066700000000,21/01/2021
11,Loja,521154,14,151,-3.983333000000000,-79.20000000000000,21/01/2021
12,Los Ríos,921763,14,269,-1.800000000000000,-79.53333300000000,21/01/2021
13,Manabí,1562079,24,511,-1.056181000000000,-80.45521700000000,21/01/2021
14,Morona Santiago,196535,2,35,-2.300000000000000,-78.11666700000001,21/01/2021
15,Napo,133705,3,32,-0.9890000000000000,-77.81590000000000,21/01/2021
22,Orellana,161338,1,32,-0.4666670000000000,-76.96666700000000,21/01/2021
16,Pastaza,114202,0,22,-1.066667000000000,-78.00111099999999,21/01/2021
17,Pichincha,3228233,61,1178,-0.2186110000000000,-78.50972200000000,21/01/2021
24,Santa Elena,401178,4,110,-2.226700000000000,-80.85830000000000,21/01/2021
23,Sto. Domingo Tsáchilas,511151,5,156,-0.2541670000000000,-79.17194400000000,21/01/2021
21,Sucumbíos,230503,4,62,0.08472200000000002,-76.88277800000000,21/01/2021
18,Tungurahua,590600,16,314,-1.241667000000000,-78.61972200000000,21/01/2021
19,Zamora Chinchipe,120416,0,24,-4.120000000000000,-78.80000000000000,21/01/2021
01,Azuay,881394,13,356,-2.897414000000000,-79.00448100000000,22/01/2021
02,Bolívar,209933,1,85,-1.605556000000000,-79.00305600000000,22/01/2021
04,Carchi,186869,6,105,0.8121800000000000,-77.71633000000000,22/01/2021
03,Cañar,281396,2,97,-2.733333000000000,-78.83333300000000,22/01/2021
06,Chimborazo,524004,16,230,-1.674347000000000,-78.64829400000001,22/01/2021
05,Cotopaxi,488716,9,180,-0.9333330000000000,-78.61666700000001,22/01/2021
07,El Oro,715751,9,277,-3.266667000000000,-79.96666700000000,22/01/2021
08,Esmeraldas,591083,7,108,1.050000000000000,-79.20000000000000,22/01/2021
20,Galápagos,33042,1,11,-0.7999999999999999,-89.40000000000001,22/01/2021
09,Guayas,4387434,96,1831,-2.183333000000000,-79.88333299999999,22/01/2021
10,Imbabura,476257,9,179,0.3626780000000000,-78.13066700000000,22/01/2021
11,Loja,521154,8,159,-3.983333000000000,-79.20000000000000,22/01/2021
12,Los Ríos,921763,19,288,-1.800000000000000,-79.53333300000000,22/01/2021
13,Manabí,1562079,19,530,-1.056181000000000,-80.45521700000000,22/01/2021
14,Morona Santiago,196535,0,35,-2.300000000000000,-78.11666700000001,22/01/2021
15,Napo,133705,5,37,-0.9890000000000000,-77.81590000000000,22/01/2021
22,Orellana,161338,1,33,-0.4666670000000000,-76.96666700000000,22/01/2021
16,Pastaza,114202,3,25,-1.066667000000000,-78.00111099999999,22/01/2021
17,Pichincha,3228233,76,1254,-0.2186110000000000,-78.50972200000000,22/01/2021
24,Santa Elena,401178,7,117,-2.226700000000000,-80.85830000000000,22/01/2021
23,Sto. Domingo Tsáchilas,511151,9,165,-0.2541670000000000,-79.17194400000000,22/01/2021
21,Sucumbíos,230503,1,63,0.08472200000000002,-76.88277800000000,22/01/2021
18,Tungurahua,590600,15,329,-1.241667000000000,-78.61972200000000,22/01/2021
19,Zamora Chinchipe,120416,2,26,-4.120000000000000,-78.80000000000000,22/01/2021
01,Azuay,881394,11,367,-2.897414000000000,-79.00448100000000,23/01/2021
02,Bolívar,209933,4,89,-1.605556000000000,-79.00305600000000,23/01/2021
04,Carchi,186869,4,109,0.8121800000000000,-77.71633000000000,23/01/2021
03,Cañar,281396,7,104,-2.733333000000000,-78.83333300000000,23/01/2021
06,Chimborazo,524004,7,237,-1.674347000000000,-78.64829400000001,23/01/2021
05,Cotopaxi,488716,10,190,-0.9333330000000000,-78.61666700000001,23/01/2021
07,El Oro,715751,15,292,-3.266667000000000,-79.96666700000000,23/01/2021
08,Esmeraldas,591083,3,111,1.050000000000000,-79.20000000000000,23/01/2021
20,Galápagos,33042,0,11,-0.7999999999999999,-89.40000000000001,23/01/2021
09,Guayas,4387434,94,1925,-2.183333000000000,-79.88333299999999,23/01/2021
10,Imbabura,476257,9,188,0.3626780000000000,-78.13066700000000,23/01/2021
11,Loja,521154,6,165,-3.983333000000000,-79.20000000000000,23/01/2021
12,Los Ríos,921763,14,302,-1.800000000000000,-79.53333300000000,23/01/2021
13,Manabí,1562079,22,552,-1.056181000000000,-80.45521700000000,23/01/2021
14,Morona Santiago,196535,2,37,-2.300000000000000,-78.11666700000001,23/01/2021
15,Napo,133705,1,38,-0.9890000000000000,-77.81590000000000,23/01/2021
22,Orellana,161338,2,35,-0.4666670000000000,-76.96666700000000,23/01/2021
16,Pastaza,114202,1,26,-1.066667000000000,-78.00111099999999,23/01/2021
17,Pichincha,3228233,73,1327,-0.2186110000000000,-78.50972200000000,23/01/2021
24,Santa Elena,401178,3,120,-2.226700000000000,-80.85830000000000,23/01/2021
23,Sto. Domingo Tsáchilas,511151,9,174,-0.2541670000000000,-79.17194400000000,23/01/2021
21,Sucumbíos,230503,1,64,0.08472200000000002,-76.88277800000000,23/01/2021
18,Tungurahua,590600,17,346,-1.241667000000000,-78.61972200000000,23/01/2021
19,Zamora Chinchipe,120416,0,26,-4.120000000000000,-78.80000000000000,23/01/2021
01,Azuay,881394,19,386,-2.897414000000000,-79.00448100000000,24/01/2021
02,Bolívar,209933,4,93,-1.605556000000000,-79.00305600000000,24/01/2021
04,Carchi,186869,6,115,0.8121800000000000,-77.71633000000000,24/01/2021
03,Cañar,281396,5,109,-2.733333000000000,-78.83333300000000,24/01/2021
06,Chimborazo,524004,10,247,-1.674347000000000,-78.64829400000001,24/01/2021
05,Cotopaxi,488716,11,201,-0.9333330000000000,-78.61666700000001,24/01/2021
07,El Oro,715751,15,307,-3.266667000000000,-79.96666700000000,24/01/2021
08,Esmeraldas,591083,9,120,1.050000000000000,-79.20000000000000,24/01/2021
20,Galápagos,33042,1,12,-0.7999999999999999,-89.40000000000001,24/01/2021
09,Guayas,4387434,83,2008,-2.183333000000000,-79.88333299999999,24/01/2021
10,Imbabura,476257,5,193,0.3626780000000000,-78.13066700000000,24/01/2021
11,Loja,521154,6,171,-3.983333000000000,-79.20000000000000,24/01/2021
12,Los Ríos,921763,13,315,-1.800000000000000,-79.53333300000000,24/01/2021
13,Manabí,1562079,26,578,-1.056181000000000,-80.45521700000000,24/01/2021
14,Morona Santiago,196535,2,39,-2.300000000000000,-78.11666700000001,24/01/2021
15,Napo,133705,1,39,-0.9890000000000000,-77.81590000000000,24/01/2021
22,Orellana,161338,2,37,-0.4666670000000000,-76.96666700000000,24/01/2021
16,Pastaza,114202,1,27,-1.066667000000000,-78.00111099999999,24/01/2021
17,Pichincha,3228233,58,1385,-0.2186110000000000,-78.50972200000000,24/01/2021
24,Santa Elena,401178,6,126,-2.226700000000000,-80.85830000000000,24/01/2021
23,Sto. Domingo Tsáchilas,511151,11,185,-0.2541670000000000,-79.17194400000000,24/01/2021
21,Sucumbíos,230503,0,64,0.08472200000000002,-76.88277800000000,24/01/2021
18,Tungurahua,590600,18,364,-1.241667000000000,-78.61972200000000,24/01/2021
19,Zamora Chinchipe,120416,0,26,-4.120000000000000,-78.80000000000000,24/01/2021
01,Azuay,881394,10,396,-2.897414000000000,-79.00448100000000,25/01/2021
02,Bolívar,209933,1,94,-1.605556000000000,-79.00305600000000,25/01/2021
04,Carchi,186869,8,123,0.8121800000000000,-77.71633000000000,25/01/2021
03,Cañar,281396,6,115,-2.733333000000000,-78.83333300000000,25/01/2021
06,Chimborazo,524004,9,256,-1.674347000000000,-78.64829400000001,25/01/2021
05,Cotopaxi,488716,5,206,-0.9333330000000000,-78.61666700000001,25/01/2021
07,El Oro,715751,13,320,-3.266667000000000,-79.96666700000000,25/01/2021
08,Esmeraldas,591083,5,125,1.050000000000000,-79.20000000000000,25/01/2021
20,Galápagos,33042,0,12,-0.7999999999999999,-89.40000000000001,25/01/2021
09,Guayas,4387434,90,2098,-2.183333000000000,-79.88333299999999,25/01/2021
10,Imbabura,476257,9,202,0.3626780000000000,-78.13066700000000,25/01/2021
11,Loja,521154,9,180,-3.983333000000000,-79.20000000000000,25/01/2021
12,Los Ríos,921763,22,337,-1.800000000000000,-79.53333300000000,25/01/2021
13,Manabí,1562079,25,603,-1.056181000000000,-80.45521700000000,25/01/2021
14,Morona Santiago,196535,0,39,-2.300000000000000,-78.11666700000001,25/01/2021
15,Napo,133705,1,40,-0.9890000000000000,-77.81590000000000,25/01/2021
22,Orellana,161338,3,40,-0.4666670000000000,-76.96666700000000,25/01/2021
16,Pastaza,114202,2,29,-1.066667000000000,-78.00111099999999,25/01/2021
17,Pichincha,3228233,47,1432,-0.2186110000000000,-78.50972200000000,25/01/2021
24,Santa Elena,401178,8,134,-2.226700000000000,-80.85830000000000,25/01/2021
23,Sto. Domingo Tsáchilas,511151,4,189,-0.2541670000000000,-79.17194400000000,25/01/2021
21,Sucumbíos,230503,1,65,0.08472200000000002,-76.88277800000000,25/01/2021
18,Tungurahua,590600,8,372,-1.241667000000000,-78.61972200000000,25/01/2021
19,Zamora Chinchipe,120416,0,26,-4.120000000000000,-78.80000000000000,25/01/2021
01,Azuay,881394,15,411,-2.897414000000000,-79.00448100000000,26/01/2021
02,Bolívar,209933,4,98,-1.605556000000000,-79.00305600000000,26/01/2021
04,Carchi,186869,5,128,0.8121800000000000,-77.71633000000000,26/01/2021
03,Cañar,281396,3,118,-2.733333000000000,-78.83333300000000,26/01/2021
06,Chimborazo,524004,4,260,-1.674347000000000,-78.64829400000001,26/01/2021
05,Cotopaxi,488716,15,221,-0.9333330000000000,-78.61666700000001,26/01/2021
07,El Oro,715751,14,334,-3.266667000000000,-79.96666700000000,26/01/2021
08,Esmeraldas,591083,3,128,1.050000000000000,-79.20000000000000,26/01/2021
20,Galápagos,33042,0,12,-0.7999999999999999,-89.40000000000001,26/01/2021
09,Guayas,4387434,88,2186,-2.183333000000000,-79.88333299999999,26/01/2021
10,Imbabura,476257,6,208,0.3626780000000000,-78.13066700000000,26/01/2021
11,Loja,521154,7,187,-3.983333000000000,-79.20000000000000,26/01/2021
12,Los Ríos,921763,12,349,-1.800000000000000,-79.53333300000000,26/01/2021
13,Manabí,1562079,24,627,-1.056181000000000,-80.45521700000000,26/01/2021
14,Morona Santiago,196535,0,39,-2.300000000000000,-78.11666700000001,26/01/2021
15,Napo,133705,4,44,-0.9890000000000000,-77.81590000000000,26/01/2021
22,Orellana,161338,0,40,-0.4666670000000000,-76.96666700000000,26/01/2021
16,Pastaza,114202,3,32,-1.066667000000000,-78.00111099999999,26/01/2021
17,Pichincha,3228233,66,1498,-0.2186110000000000,-78.50972200000000,26/01/2021
24,Santa Elena,401178,10,144,-2.226700000000000,-80.85830000000000,26/01/2021
23,Sto. Domingo Tsáchilas,511151,10,199,-0.2541670000000000,-79.17194400000000,26/01/2021
21,Sucumbíos,230503,1,66,0.08472200000000002,-76.88277800000000,26/01/2021
18,Tungurahua,590600,12,384,-1.241667000000000,-78.61972200000000,26/01/2021
19,Zamora Chinchipe,120416,1,27,-4.120000000000000,-78.80000000000000,26/01/2021
01,Azuay,881394,23,434,-2.897414000000000,-79.00448100000000,27/01/2021
02,Bolívar,209933,2,100,-1.605556000000000,-79.00305600000000,27/01/2021
04,Carchi,186869,5,133,0.8121800000000000,-77.71633000000000,27/01/2021
03,Cañar,281396,2,120,-2.733333000000000,-78.83333300000000,27/01/2021
06,Chimborazo,524004,8,268,-1.674347000000000,-78.64829400000001,27/01/2021
05,Cotopaxi,488716,6,227,-0.9333330000000000,-78.61666700000001,27/01/2021
07,El Oro,715751,18,352,-3.266667000000000,-79.96666700000000,27/01/2021
08,Esmeraldas,591083,1,129,1.050000000000000,-79.20000000000000,27/01/2021
20,Galápagos,33042,0,12,-0.7999999999999999,-89.40000000000001,27/01/2021
09,Guayas,4387434,105,2291,-2.183333000000000,-79.88333299999999,27/01/2021
10,Imbabura,476257,13,221,0.3626780000000000,-78.13066700000000,27/01/2021
11,Loja,521154,5,192,-3.983333000000000,-79.20000000000000,27/01/2021
12,Los Ríos,921763,12,361,-1.800000000000000,-79.53333300000000,27/01/2021
13,Manabí,1562079,18,645,-1.056181000000000,-80.45521700000000,27/01/2021
14,Morona Santiago,196535,3,42,-2.300000000000000,-78.11666700000001,27/01/2021
15,Napo,133705,1,45,-0.9890000000000000,-77.81590000000000,27/01/2021
22,Orellana,161338,0,40,-0.4666670000000000,-76.96666700000000,27/01/2021
16,Pastaza,114202,1,33,-1.066667000000000,-78.00111099999999,27/01/2021
17,Pichincha,3228233,62,1560,-0.2186110000000000,-78.50972200000000,27/01/2021
24,Santa Elena,401178,4,148,-2.226700000000000,-80.85830000000000,27/01/2021
23,Sto. Domingo Tsáchilas,511151,8,207,-0.2541670000000000,-79.17194400000000,27/01/2021
21,Sucumbíos,230503,5,71,0.08472200000000002,-76.88277800000000,27/01/2021
18,Tungurahua,590600,19,403,-1.241667000000000,-78.61972200000000,27/01/2021
19,Zamora Chinchipe,120416,1,28,-4.120000000000000,-78.80000000000000,27/01/2021
01,Azuay,881394,13,447,-2.897414000000000,-79.00448100000000,28/01/2021
02,Bolívar,209933,1,101,-1.605556000000000,-79.00305600000000,28/01/2021
04,Carchi,186869,4,137,0.8121800000000000,-77.71633000000000,28/01/2021
03,Cañar,281396,3,123,-2.733333000000000,-78.83333300000000,28/01/2021
06,Chimborazo,524004,15,283,-1.674347000000000,-78.64829400000001,28/01/2021
05,Cotopaxi,488716,11,238,-0.9333330000000000,-78.61666700000001,28/01/2021
07,El Oro,715751,13,365,-3.266667000000000,-79.96666700000000,28/01/2021
08,Esmeraldas,591083,4,133,1.050000000000000,-79.20000000000000,28/01/2021
20,Galápagos,33042,0,12,-0.7999999999999999,-89.40000000000001,28/01/2021
09,Guayas,4387434,86,2377,-2.183333000000000,-79.88333299999999,28/01/2021
10,Imbabura,476257,6,227,0.3626780000000000,-78.13066700000000,28/01/2021
11,Loja,521154,3,195,-3.983333000000000,-79.20000000000000,28/01/2021
12,Los Ríos,921763,13,374,-1.800000000000000,-79.53333300000000,28/01/2021
13,Manabí,1562079,22,667,-1.056181000000000,-80.45521700000000,28/01/2021
14,Morona Santiago,196535,4,46,-2.300000000000000,-78.11666700000001,28/01/2021
15,Napo,133705,2,47,-0.9890000000000000,-77.81590000000000,28/01/2021
22,Orellana,161338,0,40,-0.4666670000000000,-76.96666700000000,28/01/2021
16,Pastaza,114202,2,35,-1.066667000000000,-78.00111099999999,28/01/2021
17,Pichincha,3228233,68,1628,-0.2186110000000000,-78.50972200000000,28/01/2021
24,Santa Elena,401178,5,153,-2.226700000000000,-80.85830000000000,28/01/2021
23,Sto. Domingo Tsáchilas,511151,9,216,-0.2541670000000000,-79.17194400000000,28/01/2021
21,Sucumbíos,230503,0,71,0.08472200000000002,-76.88277800000000,28/01/2021
18,Tungurahua,590600,12,415,-1.241667000000000,-78.61972200000000,28/01/2021
19,Zamora Chinchipe,120416,0,28,-4.120000000000000,-78.80000000000000,28/01/2021
01,Azuay,881394,11,458,-2.897414000000000,-79.00448100000000,29/01/2021
02,Bolívar,209933,1,102,-1.605556000000000,-79.00305600000000,29/01/2021
04,Carchi,186869,4,141,0.8121800000000000,-77.71633000000000,29/01/2021
03,Cañar,281396,1,124,-2.733333000000000,-78.83333300000000,29/01/2021
06,Chimborazo,524004,6,289,-1.674347000000000,-78.64829400000001,29/01/2021
05,Cotopaxi,488716,5,243,-0.9333330000000000,-78.61666700000001,29/01/2021
07,El Oro,715751,20,385,-3.266667000000000,-79.96666700000000,29/01/2021
08,Esmeraldas,591083,1,134,1.050000000000000,-79.20000000000000,29/01/2021
20,Galápagos,33042,0,12,-0.7999999999999999,-89.40000000000001,29/01/2021
09,Guayas,4387434,79,2456,-2.183333000000000,-79.88333299999999,29/01/2021
10,Imbabura,476257,7,234,0.3626780000000000,-78.13066700000000,29/01/2021
11,Loja,521154,3,198,-3.983333000000000,-79.20000000000000,29/01/2021
12,Los Ríos,921763,9,383,-1.800000000000000,-79.53333300000000,29/01/2021
13,Manabí,1562079,18,685,-1.056181000000000,-80.45521700000000,29/01/2021
14,Morona Santiago,196535,1,47,-2.300000000000000,-78.11666700000001,29/01/2021
15,Napo,133705,1,48,-0.9890000000000000,-77.81590000000000,29/01/2021
22,Orellana,161338,2,42,-0.4666670000000000,-76.96666700000000,29/01/2021
16,Pastaza,114202,2,37,-1.066667000000000,-78.00111099999999,29/01/2021
17,Pichincha,3228233,69,1697,-0.2186110000000000,-78.50972200000000,29/01/2021
24,Santa Elena,401178,2,155,-2.226700000000000,-80.85830000000000,29/01/2021
23,Sto. Domingo Tsáchilas,511151,4,220,-0.2541670000000000,-79.17194400000000,29/01/2021
21,Sucumbíos,230503,2,73,0.08472200000000002,-76.88277800000000,29/01/2021
18,Tungurahua,590600,4,419,-1.241667000000000,-78.61972200000000,29/01/2021
19,Zamora Chinchipe,120416,0,28,-4.120000000000000,-78.80000000000000,29/01/2021
01,Azuay,881394,12,470,-2.897414000000000,-79.00448100000000,30/01/2021
02,Bolívar,209933,2,104,-1.605556000000000,-79.00305600000000,30/01/2021
04,Carchi,186869,5,146,0.8121800000000000,-77.71633000000000,30/01/2021
03,Cañar,281396,0,124,-2.733333000000000,-78.83333300000000,30/01/2021
06,Chimborazo,524004,9,298,-1.674347000000000,-78.64829400000001,30/01/2021
05,Cotopaxi,488716,8,251,-0.9333330000000000,-78.61666700000001,30/01/2021
07,El Oro,715751,13,398,-3.266667000000000,-79.96666700000000,30/01/2021
08,Esmeraldas,591083,5,139,1.050000000000000,-79.20000000000000,30/01/2021
20,Galápagos,33042,0,12,-0.7999999999999999,-89.40000000000001,30/01/2021
09,Guayas,4387434,86,2542,-2.183333000000000,-79.88333299999999,30/01/2021
10,Imbabura,476257,13,247,0.3626780000000000,-78.13066700000000,30/01/2021
11,Loja,521154,7,205,-3.983333000000000,-79.20000000000000,30/01/2021
12,Los Ríos,921763,13,396,-1.800000000000000,-79.53333300000000,30/01/2021
13,Manabí,1562079,17,702,-1.056181000000000,-80.45521700000000,30/01/2021
14,Morona Santiago,196535,2,49,-2.300000000000000,-78.11666700000001,30/01/2021
15,Napo,133705,2,50,-0.9890000000000000,-77.81590000000000,30/01/2021
22,Orellana,161338,0,42,-0.4666670000000000,-76.96666700000000,30/01/2021
16,Pastaza,114202,1,38,-1.066667000000000,-78.00111099999999,30/01/2021
17,Pichincha,3228233,51,1748,-0.2186110000000000,-78.50972200000000,30/01/2021
24,Santa Elena,401178,2,157,-2.226700000000000,-80.85830000000000,30/01/2021
23,Sto. Domingo Tsáchilas,511151,9,229,-0.2541670000000000,-79.17194400000000,30/01/2021
21,Sucumbíos,230503,3,76,0.08472200000000002,-76.88277800000000,30/01/2021
18,Tungurahua,590600,8,427,-1.241667000000000,-78.61972200000000,30/01/2021
19,Zamora Chinchipe,120416,0,28,-4.120000000000000,-78.80000000000000,30/01/2021
01,Azuay,881394,14,484,-2.897414000000000,-79.00448100000000,31/01/2021
02,Bolívar,209933,2,106,-1.605556000000000,-79.00305600000000,31/01/2021
04,Carchi,186869,3,149,0.8121800000000000,-77.71633000000000,31/01/2021
03,Cañar,281396,7,131,-2.733333000000000,-78.83333300000000,31/01/2021
06,Chimborazo,524004,8,306,-1.674347000000000,-78.64829400000001,31/01/2021
05,Cotopaxi,488716,14,265,-0.9333330000000000,-78.61666700000001,31/01/2021
07,El Oro,715751,13,411,-3.266667000000000,-79.96666700000000,31/01/2021
08,Esmeraldas,591083,10,149,1.050000000000000,-79.20000000000000,31/01/2021
20,Galápagos,33042,0,12,-0.7999999999999999,-89.40000000000001,31/01/2021
09,Guayas,4387434,68,2610,-2.183333000000000,-79.88333299999999,31/01/2021
10,Imbabura,476257,12,259,0.3626780000000000,-78.13066700000000,31/01/2021
11,Loja,521154,14,219,-3.983333000000000,-79.20000000000000,31/01/2021
12,Los Ríos,921763,7,403,-1.800000000000000,-79.53333300000000,31/01/2021
13,Manabí,1562079,26,728,-1.056181000000000,-80.45521700000000,31/01/2021
14,Morona Santiago,196535,2,51,-2.300000000000000,-78.11666700000001,31/01/2021
15,Napo,133705,2,52,-0.9890000000000000,-77.81590000000000,31/01/2021
22,Orellana,161338,1,43,-0.4666670000000000,-76.96666700000000,31/01/2021
16,Pastaza,114202,1,39,-1.066667000000000,-78.00111099999999,31/01/2021
17,Pichincha,3228233,63,1811,-0.2186110000000000,-78.50972200000000,31/01/2021
24,Santa Elena,401178,5,162,-2.226700000000000,-80.85830000000000,31/01/2021
23,Sto. Domingo Tsáchilas,511151,3,232,-0.2541670000000000,-79.17194400000000,31/01/2021
21,Sucumbíos,230503,1,77,0.08472200000000002,-76.88277800000000,31/01/2021
18,Tungurahua,590600,12,439,-1.241667000000000,-78.61972200000000,31/01/2021
19,Zamora Chinchipe,120416,0,28,-4.120000000000000,-78.80000000000000,31/01/2021
01,Azuay,881394,18,502,-2.897414000000000,-79.00448100000000,01/02/2021
02,Bolívar,209933,5,111,-1.605556000000000,-79.00305600000000,01/02/2021
04,Carchi,186869,2,151,0.8121800000000000,-77.71633000000000,01/02/2021
03,Cañar,281396,3,134,-2.733333000000000,-78.83333300000000,01/02/2021
06,Chimborazo,524004,11,317,-1.674347000000000,-78.64829400000001,01/02/2021
05,Cotopaxi,488716,11,276,-0.9333330000000000,-78.61666700000001,01/02/2021
07,El Oro,715751,17,428,-3.266667000000000,-79.96666700000000,01/02/2021
08,Esmeraldas,591083,6,155,1.050000000000000,-79.20000000000000,01/02/2021
20,Galápagos,33042,0,12,-0.7999999999999999,-89.40000000000001,01/02/2021
09,Guayas,4387434,69,2679,-2.183333000000000,-79.88333299999999,01/02/2021
10,Imbabura,476257,7,266,0.3626780000000000,-78.13066700000000,01/02/2021
11,Loja,521154,11,230,-3.983333000000000,-79.20000000000000,01/02/2021
12,Los Ríos,921763,18,421,-1.800000000000000,-79.53333300000000,01/02/2021
13,Manabí,1562079,31,759,-1.056181000000000,-80.45521700000000,01/02/2021
14,Morona Santiago,196535,1,52,-2.300000000000000,-78.11666700000001,01/02/2021
15,Napo,133705,0,52,-0.9890000000000000,-77.81590000000000,01/02/2021
22,Orellana,161338,1,44,-0.4666670000000000,-76.96666700000000,01/02/2021
16,Pastaza,114202,0,39,-1.066667000000000,-78.00111099999999,01/02/2021
17,Pichincha,3228233,63,1874,-0.2186110000000000,-78.50972200000000,01/02/2021
24,Santa Elena,401178,3,165,-2.226700000000000,-80.85830000000000,01/02/2021
23,Sto. Domingo Tsáchilas,511151,5,237,-0.2541670000000000,-79.17194400000000,01/02/2021
21,Sucumbíos,230503,3,80,0.08472200000000002,-76.88277800000000,01/02/2021
18,Tungurahua,590600,15,454,-1.241667000000000,-78.61972200000000,01/02/2021
19,Zamora Chinchipe,120416,1,29,-4.120000000000000,-78.80000000000000,01/02/2021
01,Azuay,881394,17,519,-2.897414000000000,-79.00448100000000,02/02/2021
02,Bolívar,209933,2,113,-1.605556000000000,-79.00305600000000,02/02/2021
04,Carchi,186869,5,156,0.8121800000000000,-77.71633000000000,02/02/2021
03,Cañar,281396,4,138,-2.733333000000000,-78.83333300000000,02/02/2021
06,Chimborazo,524004,6,323,-1.674347000000000,-78.64829400000001,02/02/2021
05,Cotopaxi,488716,13,289,-0.9333330000000000,-78.61666700000001,02/02/2021
07,El Oro,715751,10,438,-3.266667000000000,-79.96666700000000,02/02/2021
08,Esmeraldas,591083,1,156,1.050000000000000,-79.20000000000000,02/02/2021
20,Galápagos,33042,0,12,-0.7999999999999999,-89.40000000000001,02/02/2021
09,Guayas,4387434,94,2773,-2.183333000000000,-79.88333299999999,02/02/2021
10,Imbabura,476257,12,278,0.3626780000000000,-78.13066700000000,02/02/2021
11,Loja,521154,9,239,-3.983333000000000,-79.20000000000000,02/02/2021
12,Los Ríos,921763,20,441,-1.800000000000000,-79.53333300000000,02/02/2021
13,Manabí,1562079,22,781,-1.056181000000000,-80.45521700000000,02/02/2021
14,Morona Santiago,196535,2,54,-2.300000000000000,-78.11666700000001,02/02/2021
15,Napo,133705,0,52,-0.9890000000000000,-77.81590000000000,02/02/2021
22,Orellana,161338,0,44,-0.4666670000000000,-76.96666700000000,02/02/2021
16,Pastaza,114202,0,39,-1.066667000000000,-78.00111099999999,02/02/2021
17,Pichincha,3228233,57,1931,-0.2186110000000000,-78.50972200000000,02/02/2021
24,Santa Elena,401178,6,171,-2.226700000000000,-80.85830000000000,02/02/2021
23,Sto. Domingo Tsáchilas,511151,11,248,-0.2541670000000000,-79.17194400000000,02/02/2021
21,Sucumbíos,230503,1,81,0.08472200000000002,-76.88277800000000,02/02/2021
18,Tungurahua,590600,12,466,-1.241667000000000,-78.61972200000000,02/02/2021
19,Zamora Chinchipe,120416,0,29,-4.120000000000000,-78.80000000000000,02/02/2021
01,Azuay,881394,11,530,-2.897414000000000,-79.00448100000000,03/02/2021
02,Bolívar,209933,4,117,-1.605556000000000,-79.00305600000000,03/02/2021
04,Carchi,186869,1,157,0.8121800000000000,-77.71633000000000,03/02/2021
03,Cañar,281396,5,143,-2.733333000000000,-78.83333300000000,03/02/2021
06,Chimborazo,524004,7,330,-1.674347000000000,-78.64829400000001,03/02/2021
05,Cotopaxi,488716,3,292,-0.9333330000000000,-78.61666700000001,03/02/2021
07,El Oro,715751,19,457,-3.266667000000000,-79.96666700000000,03/02/2021
08,Esmeraldas,591083,3,159,1.050000000000000,-79.20000000000000,03/02/2021
20,Galápagos,33042,0,12,-0.7999999999999999,-89.40000000000001,03/02/2021
09,Guayas,4387434,76,2849,-2.183333000000000,-79.88333299999999,03/02/2021
10,Imbabura,476257,9,287,0.3626780000000000,-78.13066700000000,03/02/2021
11,Loja,521154,6,245,-3.983333000000000,-79.20000000000000,03/02/2021
12,Los Ríos,921763,11,452,-1.800000000000000,-79.53333300000000,03/02/2021
13,Manabí,1562079,21,802,-1.056181000000000,-80.45521700000000,03/02/2021
14,Morona Santiago,196535,1,55,-2.300000000000000,-78.11666700000001,03/02/2021
15,Napo,133705,1,53,-0.9890000000000000,-77.81590000000000,03/02/2021
22,Orellana,161338,0,44,-0.4666670000000000,-76.96666700000000,03/02/2021
16,Pastaza,114202,2,41,-1.066667000000000,-78.00111099999999,03/02/2021
17,Pichincha,3228233,53,1984,-0.2186110000000000,-78.50972200000000,03/02/2021
24,Santa Elena,401178,5,176,-2.226700000000000,-80.85830000000000,03/02/2021
23,Sto. Domingo Tsáchilas,511151,9,257,-0.2541670000000000,-79.17194400000000,03/02/2021
21,Sucumbíos,230503,3,84,0.08472200000000002,-76.88277800000000,03/02/2021
18,Tungurahua,590600,12,478,-1.241667000000000,-78.61972200000000,03/02/2021
19,Zamora Chinchipe,120416,1,30,-4.120000000000000,-78.80000000000000,03/02/2021
01,Azuay,881394,15,545,-2.897414000000000,-79.00448100000000,04/02/2021
02,Bolívar,209933,4,121,-1.605556000000000,-79.00305600000000,04/02/2021
04,Carchi,186869,3,160,0.8121800000000000,-77.71633000000000,04/02/2021
03,Cañar,281396,8,151,-2.733333000000000,-78.83333300000000,04/02/2021
06,Chimborazo,524004,9,339,-1.674347000000000,-78.64829400000001,04/02/2021
05,Cotopaxi,488716,11,303,-0.9333330000000000,-78.61666700000001,04/02/2021
07,El Oro,715751,16,473,-3.266667000000000,-79.96666700000000,04/02/2021
08,Esmeraldas,591083,7,166,1.050000000000000,-79.20000000000000,04/02/2021
20,Galápagos,33042,0,12,-0.7999999999999999,-89.40000000000001,04/02/2021
09,Guayas,4387434,69,2918,-2.183333000000000,-79.88333299999999,04/02/2021
10,Imbabura,476257,8,295,0.3626780000000000,-78.13066700000000,04/02/2021
11,Loja,521154,8,253,-3.983333000000000,-79.20000000000000,04/02/2021
12,Los Ríos,921763,10,462,-1.800000000000000,-79.53333300000000,04/02/2021
13,Manabí,1562079,21,823,-1.056181000000000,-80.45521700000000,04/02/2021
14,Morona Santiago,196535,3,58,-2.300000000000000,-78.11666700000001,04/02/2021
15,Napo,133705,0,53,-0.9890000000000000,-77.81590000000000,04/02/2021
22,Orellana,161338,1,45,-0.4666670000000000,-76.96666700000000,04/02/2021
16,Pastaza,114202,1,42,-1.066667000000000,-78.00111099999999,04/02/2021
17,Pichincha,3228233,57,2041,-0.2186110000000000,-78.50972200000000,04/02/2021
24,Santa Elena,401178,3,179,-2.226700000000000,-80.85830000000000,04/02/2021
23,Sto. Domingo Tsáchilas,511151,10,267,-0.2541670000000000,-79.17194400000000,04/02/2021
21,Sucumbíos,230503,1,85,0.08472200000000002,-76.88277800000000,04/02/2021
18,Tungurahua,590600,13,491,-1.241667000000000,-78.61972200000000,04/02/2021
19,Zamora Chinchipe,120416,1,31,-4.120000000000000,-78.80000000000000,04/02/2021
01,Azuay,881394,16,561,-2.897414000000000,-79.00448100000000,05/02/2021
02,Bolívar,209933,1,122,-1.605556000000000,-79.00305600000000,05/02/2021
04,Carchi,186869,6,166,0.8121800000000000,-77.71633000000000,05/02/2021
03,Cañar,281396,6,157,-2.733333000000000,-78.83333300000000,05/02/2021
06,Chimborazo,524004,9,348,-1.674347000000000,-78.64829400000001,05/02/2021
05,Cotopaxi,488716,11,314,-0.9333330000000000,-78.61666700000001,05/02/2021
07,El Oro,715751,11,484,-3.266667000000000,-79.96666700000000,05/02/2021
08,Esmeraldas,591083,3,169,1.050000000000000,-79.20000000000000,05/02/2021
20,Galápagos,33042,0,12,-0.7999999999999999,-89.40000000000001,05/02/2021
09,Guayas,4387434,74,2992,-2.183333000000000,-79.88333299999999,05/02/2021
10,Imbabura,476257,5,300,0.3626780000000000,-78.13066700000000,05/02/2021
11,Loja,521154,7,260,-3.983333000000000,-79.20000000000000,05/02/2021
12,Los Ríos,921763,11,473,-1.800000000000000,-79.53333300000000,05/02/2021
13,Manabí,1562079,32,855,-1.056181000000000,-80.45521700000000,05/02/2021
14,Morona Santiago,196535,1,59,-2.300000000000000,-78.11666700000001,05/02/2021
15,Napo,133705,0,53,-0.9890000000000000,-77.81590000000000,05/02/2021
22,Orellana,161338,0,45,-0.4666670000000000,-76.96666700000000,05/02/2021
16,Pastaza,114202,1,43,-1.066667000000000,-78.00111099999999,05/02/2021
17,Pichincha,3228233,60,2101,-0.2186110000000000,-78.50972200000000,05/02/2021
24,Santa Elena,401178,4,183,-2.226700000000000,-80.85830000000000,05/02/2021
23,Sto. Domingo Tsáchilas,511151,7,274,-0.2541670000000000,-79.17194400000000,05/02/2021
21,Sucumbíos,230503,2,87,0.08472200000000002,-76.88277800000000,05/02/2021
18,Tungurahua,590600,8,499,-1.241667000000000,-78.61972200000000,05/02/2021
19,Zamora Chinchipe,120416,2,33,-4.120000000000000,-78.80000000000000,05/02/2021
01,Azuay,881394,15,576,-2.897414000000000,-79.00448100000000,06/02/2021
02,Bolívar,209933,4,126,-1.605556000000000,-79.00305600000000,06/02/2021
04,Carchi,186869,2,168,0.8121800000000000,-77.71633000000000,06/02/2021
03,Cañar,281396,0,157,-2.733333000000000,-78.83333300000000,06/02/2021
06,Chimborazo,524004,3,351,-1.674347000000000,-78.64829400000001,06/02/2021
05,Cotopaxi,488716,4,318,-0.9333330000000000,-78.61666700000001,06/02/2021
07,El Oro,715751,13,497,-3.266667000000000,-79.96666700000000,06/02/2021
08,Esmeraldas,591083,2,171,1.050000000000000,-79.20000000000000,06/02/2021
20,Galápagos,33042,0,12,-0.7999999999999999,-89.40000000000001,06/02/2021
09,Guayas,4387434,84,3076,-2.183333000000000,-79.88333299999999,06/02/2021
10,Imbabura,476257,10,310,0.3626780000000000,-78.13066700000000,06/02/2021
11,Loja,521154,8,268,-3.983333000000000,-79.20000000000000,06/02/2021
12,Los Ríos,921763,13,486,-1.800000000000000,-79.53333300000000,06/02/2021
13,Manabí,1562079,20,875,-1.056181000000000,-80.45521700000000,06/02/2021
14,Morona Santiago,196535,0,59,-2.300000000000000,-78.11666700000001,06/02/2021
15,Napo,133705,2,55,-0.9890000000000000,-77.81590000000000,06/02/2021
22,Orellana,161338,1,46,-0.4666670000000000,-76.96666700000000,06/02/2021
16,Pastaza,114202,1,44,-1.066667000000000,-78.00111099999999,06/02/2021
17,Pichincha,3228233,48,2149,-0.2186110000000000,-78.50972200000000,06/02/2021
24,Santa Elena,401178,5,188,-2.226700000000000,-80.85830000000000,06/02/2021
23,Sto. Domingo Tsáchilas,511151,3,277,-0.2541670000000000,-79.17194400000000,06/02/2021
21,Sucumbíos,230503,1,88,0.08472200000000002,-76.88277800000000,06/02/2021
18,Tungurahua,590600,12,511,-1.241667000000000,-78.61972200000000,06/02/2021
19,Zamora Chinchipe,120416,2,35,-4.120000000000000,-78.80000000000000,06/02/2021
01,Azuay,881394,7,583,-2.897414000000000,-79.00448100000000,07/02/2021
02,Bolívar,209933,1,127,-1.605556000000000,-79.00305600000000,07/02/2021
04,Carchi,186869,0,168,0.8121800000000000,-77.71633000000000,07/02/2021
03,Cañar,281396,4,161,-2.733333000000000,-78.83333300000000,07/02/2021
06,Chimborazo,524004,7,358,-1.674347000000000,-78.64829400000001,07/02/2021
05,Cotopaxi,488716,10,328,-0.9333330000000000,-78.61666700000001,07/02/2021
07,El Oro,715751,21,518,-3.266667000000000,-79.96666700000000,07/02/2021
08,Esmeraldas,591083,4,175,1.050000000000000,-79.20000000000000,07/02/2021
20,Galápagos,33042,0,12,-0.7999999999999999,-89.40000000000001,07/02/2021
09,Guayas,4387434,80,3156,-2.183333000000000,-79.88333299999999,07/02/2021
10,Imbabura,476257,9,319,0.3626780000000000,-78.13066700000000,07/02/2021
11,Loja,521154,6,274,-3.983333000000000,-79.20000000000000,07/02/2021
12,Los Ríos,921763,16,502,-1.800000000000000,-79.53333300000000,07/02/2021
13,Manabí,1562079,27,902,-1.056181000000000,-80.45521700000000,07/02/2021
14,Morona Santiago,196535,0,59,-2.300000000000000,-78.11666700000001,07/02/2021
15,Napo,133705,0,55,-0.9890000000000000,-77.81590000000000,07/02/2021
22,Orellana,161338,1,47,-0.4666670000000000,-76.96666700000000,07/02/2021
16,Pastaza,114202,1,45,-1.066667000000000,-78.00111099999999,07/02/2021
17,Pichincha,3228233,60,2209,-0.2186110000000000,-78.50972200000000,07/02/2021
24,Santa Elena,401178,3,191,-2.226700000000000,-80.85830000000000,07/02/2021
23,Sto. Domingo Tsáchilas,511151,8,285,-0.2541670000000000,-79.17194400000000,07/02/2021
21,Sucumbíos,230503,1,89,0.08472200000000002,-76.88277800000000,07/02/2021
18,Tungurahua,590600,12,523,-1.241667000000000,-78.61972200000000,07/02/2021
19,Zamora Chinchipe,120416,0,35,-4.120000000000000,-78.80000000000000,07/02/2021
01,Azuay,881394,18,601,-2.897414000000000,-79.00448100000000,08/02/2021
02,Bolívar,209933,3,130,-1.605556000000000,-79.00305600000000,08/02/2021
04,Carchi,186869,2,170,0.8121800000000000,-77.71633000000000,08/02/2021
03,Cañar,281396,0,161,-2.733333000000000,-78.83333300000000,08/02/2021
06,Chimborazo,524004,6,364,-1.674347000000000,-78.64829400000001,08/02/2021
05,Cotopaxi,488716,10,338,-0.9333330000000000,-78.61666700000001,08/02/2021
07,El Oro,715751,12,530,-3.266667000000000,-79.96666700000000,08/02/2021
08,Esmeraldas,591083,4,179,1.050000000000000,-79.20000000000000,08/02/2021
20,Galápagos,33042,0,12,-0.7999999999999999,-89.40000000000001,08/02/2021
09,Guayas,4387434,81,3237,-2.183333000000000,-79.88333299999999,08/02/2021
10,Imbabura,476257,4,323,0.3626780000000000,-78.13066700000000,08/02/2021
11,Loja,521154,8,282,-3.983333000000000,-79.20000000000000,08/02/2021
12,Los Ríos,921763,7,509,-1.800000000000000,-79.53333300000000,08/02/2021
13,Manabí,1562079,21,923,-1.056181000000000,-80.45521700000000,08/02/2021
14,Morona Santiago,196535,1,60,-2.300000000000000,-78.11666700000001,08/02/2021
15,Napo,133705,0,55,-0.9890000000000000,-77.81590000000000,08/02/2021
22,Orellana,161338,1,48,-0.4666670000000000,-76.96666700000000,08/02/2021
16,Pastaza,114202,0,45,-1.066667000000000,-78.00111099999999,08/02/2021
17,Pichincha,3228233,58,2267,-0.2186110000000000,-78.50972200000000,08/02/2021
24,Santa Elena,401178,2,193,-2.226700000000000,-80.85830000000000,08/02/2021
23,Sto. Domingo Tsáchilas,511151,5,290,-0.2541670000000000,-79.17194400000000,08/02/2021
21,Sucumbíos,230503,1,90,0.08472200000000002,-76.88277800000000,08/02/2021
18,Tungurahua,590600,9,532,-1.241667000000000,-78.61972200000000,08/02/2021
19,Zamora Chinchipe,120416,0,35,-4.120000000000000,-78.80000000000000,08/02/2021
01,Azuay,881394,3,604,-2.897414000000000,-79.00448100000000,09/02/2021
02,Bolívar,209933,0,130,-1.605556000000000,-79.00305600000000,09/02/2021
04,Carchi,186869,1,171,0.8121800000000000,-77.71633000000000,09/02/2021
03,Cañar,281396,1,162,-2.733333000000000,-78.83333300000000,09/02/2021
06,Chimborazo,524004,2,366,-1.674347000000000,-78.64829400000001,09/02/2021
05,Cotopaxi,488716,4,342,-0.9333330000000000,-78.61666700000001,09/02/2021
07,El Oro,715751,2,532,-3.266667000000000,-79.96666700000000,09/02/2021
08,Esmeraldas,591083,0,179,1.050000000000000,-79.20000000000000,09/02/2021
20,Galápagos,33042,0,12,-0.7999999999999999,-89.40000000000001,09/02/2021
09,Guayas,4387434,33,3270,-2.183333000000000,-79.88333299999999,09/02/2021
10,Imbabura,476257,1,324,0.3626780000000000,-78.13066700000000,09/02/2021
11,Loja,521154,1,283,-3.983333000000000,-79.20000000000000,09/02/2021
12,Los Ríos,921763,3,512,-1.800000000000000,-79.53333300000000,09/02/2021
13,Manabí,1562079,7,930,-1.056181000000000,-80.45521700000000,09/02/2021
14,Morona Santiago,196535,0,60,-2.300000000000000,-78.11666700000001,09/02/2021
15,Napo,133705,0,55,-0.9890000000000000,-77.81590000000000,09/02/2021
22,Orellana,161338,1,49,-0.4666670000000000,-76.96666700000000,09/02/2021
16,Pastaza,114202,0,45,-1.066667000000000,-78.00111099999999,09/02/2021
17,Pichincha,3228233,17,2284,-0.2186110000000000,-78.50972200000000,09/02/2021
24,Santa Elena,401178,1,194,-2.226700000000000,-80.85830000000000,09/02/2021
23,Sto. Domingo Tsáchilas,511151,5,295,-0.2541670000000000,-79.17194400000000,09/02/2021
21,Sucumbíos,230503,1,91,0.08472200000000002,-76.88277800000000,09/02/2021
18,Tungurahua,590600,5,537,-1.241667000000000,-78.61972200000000,09/02/2021
19,Zamora Chinchipe,120416,0,35,-4.120000000000000,-78.80000000000000,09/02/2021
