inec_provincia_id,provincia,provincia_poblacion,inec_canton_id,canton,canton_poblacion,lat,lng,01/01/2020,02/01/2020,03/01/2020,04/01/2020,05/01/2020,06/01/2020,07/01/2020,08/01/2020,09/01/2020,10/01/2020,11/01/2020,12/01/2020,13/01/2020,14/01/2020,15/01/2020,16/01/2020,17/01/2020,18/01/2020,19/01/2020,20/01/2020,21/01/2020,22/01/2020,23/01/2020,24/01/2020,25/01/2020,26/01/2020,27/01/2020,28/01/2020,29/01/2020,30/01/2020,31/01/2020,01/02/2020,02/02/2020,03/02/2020,04/02/2020,05/02/2020,06/02/2020,07/02/2020,08/02/2020,09/02/2020,10/02/2020,11/02/2020,12/02/2020,13/02/2020,14/02/2020,15/02/2020,16/02/2020,17/02/2020,18/02/2020,19/02/2020,20/02/2020,21/02/2020,22/02/2020,23/02/2020,24/02/2020,25/02/2020,26/02/2020,27/02/2020,28/02/2020,29/02/2020,01/03/2020,02/03/2020,03/03/2020,04/03/2020,05/03/2020,06/03/2020,07/03/2020,08/03/2020,09/03/2020,10/03/2020,11/03/2020,12/03/2020,13/03/2020,14/03/2020,15/03/2020,16/03/2020,17/03/2020,18/03/2020,19/03/2020,20/03/2020,21/03/2020,22/03/2020,23/03/2020,24/03/2020,25/03/2020,26/03/2020,27/03/2020,28/03/2020,29/03/2020,30/03/2020,31/03/2020,01/04/2020,02/04/2020,03/04/2020,04/04/2020,05/04/2020,06/04/2020,07/04/2020,08/04/2020,09/04/2020,10/04/2020,11/04/2020,12/04/2020,13/04/2020,14/04/2020,15/04/2020,16/04/2020,17/04/2020,18/04/2020,19/04/2020,20/04/2020,21/04/2020,22/04/2020,23/04/2020,24/04/2020,25/04/2020,26/04/2020,27/04/2020,28/04/2020,29/04/2020,30/04/2020,01/05/2020,02/05/2020,03/05/2020,04/05/2020,05/05/2020,06/05/2020,07/05/2020,08/05/2020,09/05/2020,10/05/2020,11/05/2020,12/05/2020,13/05/2020,14/05/2020,15/05/2020,16/05/2020,17/05/2020,18/05/2020,19/05/2020,20/05/2020,21/05/2020,22/05/2020,23/05/2020,24/05/2020,25/05/2020,26/05/2020,27/05/2020,28/05/2020,29/05/2020,30/05/2020,31/05/2020,01/06/2020,02/06/2020,03/06/2020,04/06/2020,05/06/2020,06/06/2020,07/06/2020,08/06/2020,09/06/2020,10/06/2020,11/06/2020,12/06/2020,13/06/2020,14/06/2020,15/06/2020,16/06/2020,17/06/2020
01,Azuay,881394,0115,Camilo Ponce Enríquez,36423,-3.0500000000000003,-79.733333,0,1,0,0,0,0,0,2,1,0,1,0,0,0,0,0,0,0,0,0,1,0,0,1,0,0,0,1,0,0,0,0,0,0,0,0,0,0,0,0,0,0,0,0,0,0,0,0,1,0,0,1,0,0,0,0,0,0,0,1,0,0,0,0,0,0,0,0,0,1,1,0,0,0,0,0,0,0,0,0,0,0,0,0,0,0,0,0,0,0,0,1,0,0,0,0,0,0,0,0,0,0,0,0,0,0,0,0,0,0,0,0,0,0,0,0,0,0,0,0,1,0,0,0,1,0,0,0,0,0,0,0,0,0,0,0,1,0,0,1,0,0,0,0,0,0,0,0,1,0,0,0,1,0,0,0,0,0,0,0,0,0,0,0,0,0,0,0,0
01,Azuay,881394,0111,Chordeleg,15176,-2.933333,-78.766667,0,0,0,0,1,1,0,0,0,0,1,0,0,1,0,0,0,0,0,0,1,0,0,0,0,1,0,0,0,0,0,0,0,0,0,0,0,0,0,0,0,0,0,0,0,0,0,0,0,1,0,1,0,0,0,0,0,0,0,0,0,0,0,0,0,0,0,0,0,0,0,0,0,0,0,0,0,0,1,0,1,1,0,0,0,0,0,0,0,0,0,1,0,0,0,0,0,0,0,0,0,0,1,0,0,0,0,0,1,1,0,0,0,0,0,0,0,0,0,0,1,0,0,0,0,0,0,0,0,1,1,0,0,0,0,0,0,0,0,0,0,0,0,0,0,0,0,1,0,0,0,0,0,0,0,0,1,0,0,0,0,0,0,0,0,0,0,0,0
01,Azuay,881394,0101,Cuenca,636996,-2.8974140000000004,-79.004481,10,14,11,10,12,12,11,8,12,7,7,7,5,9,7,10,13,8,5,6,5,14,5,10,4,7,10,7,12,9,9,10,5,11,8,6,5,6,7,5,2,12,7,9,7,9,8,12,4,16,16,9,8,11,11,7,5,9,7,5,6,4,15,5,11,4,9,3,8,12,10,12,10,7,6,9,11,5,11,9,5,5,4,6,5,10,10,7,10,10,11,16,4,8,10,19,8,13,17,9,9,8,6,12,9,8,12,6,9,10,11,12,6,10,8,8,7,7,6,6,10,7,6,11,12,6,12,10,12,12,5,10,10,7,8,8,8,6,6,8,8,8,11,15,8,3,8,13,12,5,13,17,6,10,8,13,8,11,11,11,6,6,8,7,4,7,10,6,3
01,Azuay,881394,0112,El Pan,3091,-2.786111,-78.665,0,0,0,0,0,0,0,0,0,0,0,0,0,0,1,1,0,0,0,0,0,0,1,0,0,1,0,0,1,0,0,0,0,0,0,0,0,0,0,0,0,0,0,0,0,0,0,0,0,0,0,0,0,0,0,0,0,0,0,0,0,0,0,0,0,0,0,0,0,0,0,0,0,0,0,0,0,0,0,0,0,0,0,0,0,0,0,0,1,0,0,0,0,0,0,0,0,0,0,0,0,0,0,0,0,0,0,0,0,0,0,0,0,0,0,0,1,0,0,0,0,0,0,0,0,0,0,0,0,0,0,0,0,0,0,0,0,0,0,0,0,0,0,0,0,0,0,0,0,0,0,0,0,0,0,0,0,1,0,0,0,0,0,0,0,0,0,0,0
01,Azuay,881394,0102,Girón,13037,-3.159028,-79.147568,1,0,1,0,0,0,0,0,0,0,0,0,0,0,0,0,0,0,0,0,1,0,0,0,0,0,0,0,0,1,1,0,0,2,0,0,0,0,0,0,1,0,0,1,0,0,0,0,0,1,0,0,1,0,0,0,0,0,0,0,1,1,0,1,0,1,0,2,0,0,0,0,0,0,0,0,0,1,0,0,0,0,0,0,0,0,0,0,0,0,0,0,0,0,0,1,0,0,0,0,1,0,1,0,0,0,0,0,0,0,0,0,0,0,0,0,0,0,0,0,0,0,0,1,0,1,0,0,0,0,0,0,0,0,0,0,0,0,0,0,0,0,0,0,0,1,0,0,0,0,0,0,1,1,1,0,0,0,1,0,0,0,0,0,0,0,0,0,0
01,Azuay,881394,0114,Guachapala,3859,-2.769,-78.709,0,0,0,0,0,0,0,0,0,0,0,1,0,0,0,0,0,0,0,0,0,0,0,0,0,0,0,0,0,0,0,0,0,0,0,0,0,0,0,2,0,0,0,0,0,0,0,0,0,0,0,0,0,0,0,0,0,0,1,0,0,0,0,0,0,0,0,0,0,0,0,0,0,0,0,0,0,0,0,0,0,0,0,0,0,0,0,0,0,0,0,0,0,0,0,0,0,0,0,0,0,0,1,0,0,0,0,0,0,0,0,0,0,0,0,0,0,0,0,0,0,0,0,0,0,0,0,0,0,0,0,0,0,0,0,0,0,0,0,0,0,0,0,0,0,0,0,0,0,0,1,0,0,0,0,0,0,0,0,0,0,0,0,0,0,0,0,0,0
01,Azuay,881394,0103,Gualaceo,49104,-2.9000000000000004,-78.783333,3,0,1,1,1,0,1,1,1,1,0,0,0,0,0,0,0,1,1,0,0,1,0,0,1,1,0,0,1,1,1,0,0,0,0,1,0,0,0,1,1,0,0,1,0,0,1,1,1,2,3,0,0,1,1,0,0,0,2,1,0,1,2,0,2,1,0,0,1,1,0,1,0,0,0,0,0,0,0,2,1,0,1,1,0,0,0,0,0,0,2,1,0,0,1,0,0,0,1,0,1,0,0,0,1,1,0,1,0,0,1,1,0,0,0,0,2,0,0,2,1,1,0,1,1,1,0,0,0,1,0,1,0,0,0,0,0,1,0,0,0,0,0,0,0,2,1,0,1,1,0,2,0,1,1,4,0,0,0,0,1,1,1,0,0,1,1,2,0
01,Azuay,881394,0104,Nabón,17292,-3.3360600000000002,-79.06368,0,0,0,0,0,0,1,0,1,0,0,0,0,1,0,0,1,1,0,0,0,0,0,0,0,0,0,0,0,0,1,0,0,1,0,0,0,1,0,0,0,0,0,0,0,0,0,0,0,0,0,0,0,0,1,1,0,1,0,0,0,0,0,0,0,0,0,0,0,2,0,0,0,1,0,0,0,0,0,0,0,0,0,0,0,0,1,0,0,0,1,0,0,0,0,0,0,0,0,0,0,0,1,0,0,0,0,0,0,0,1,0,0,0,0,1,0,0,2,0,0,0,0,0,0,1,1,0,1,0,0,0,0,0,0,0,0,0,0,1,0,0,1,0,0,0,0,0,0,0,0,0,0,0,0,0,0,0,0,0,1,0,0,0,0,0,0,0,0
01,Azuay,881394,0110,Oña,4128,-3.46964,-79.15431,1,0,0,0,0,0,0,0,0,0,0,0,0,0,0,0,0,0,1,0,0,0,0,0,0,0,0,0,0,0,0,0,0,1,0,0,0,0,0,1,0,0,0,0,0,0,0,0,1,1,0,0,0,0,0,1,0,0,0,0,0,0,0,0,0,0,0,0,0,0,0,0,1,0,0,0,1,0,0,0,0,0,0,0,0,0,0,0,0,0,0,0,0,0,0,0,0,0,0,0,0,0,0,1,0,0,0,0,0,0,0,0,0,0,0,0,0,0,0,0,0,0,0,0,0,0,0,0,1,0,0,0,0,0,0,0,0,0,0,0,0,0,0,0,0,0,0,0,0,0,0,0,0,0,0,0,0,0,0,0,0,0,0,0,0,0,0,0,0
01,Azuay,881394,0105,Paute,29214,-2.7818,-78.76,0,0,0,0,1,0,0,1,0,0,0,1,0,1,0,0,0,0,0,0,1,1,0,0,0,0,0,0,1,0,0,0,1,0,0,1,0,0,1,0,0,1,0,1,0,0,0,0,0,1,1,1,1,1,1,1,0,0,0,0,0,0,1,0,1,0,1,0,0,0,0,1,1,2,1,0,2,1,0,1,0,0,0,1,1,0,0,0,0,0,0,0,0,0,1,0,0,0,0,0,1,0,1,0,0,0,0,0,1,0,0,0,0,0,0,0,0,0,1,0,0,1,0,0,0,0,1,1,0,0,0,0,1,0,0,0,1,0,1,0,0,0,0,0,0,2,1,0,0,0,0,0,0,0,0,0,0,0,0,0,0,1,0,0,0,0,0,0,0
01,Azuay,881394,0106,Pucará,10584,-3.2337800000000003,-79.4612,0,1,1,0,0,0,0,0,0,0,0,0,0,0,0,0,0,0,0,1,0,0,0,1,0,0,0,0,0,0,0,0,0,0,0,0,0,0,0,0,0,1,0,0,0,0,0,0,0,0,0,0,0,0,0,0,0,0,0,0,0,0,0,1,0,0,0,0,0,0,0,0,0,0,0,0,0,0,0,0,0,0,0,0,0,0,0,0,0,0,0,0,0,0,0,0,0,0,0,0,0,0,0,0,0,0,0,0,0,0,0,0,0,0,0,0,0,0,0,0,1,0,0,0,0,0,0,0,0,0,0,0,0,0,0,0,0,0,0,0,0,0,0,0,0,0,1,0,0,0,0,0,0,0,0,0,0,0,0,0,0,0,0,0,1,0,0,0,0
01,Azuay,881394,0107,San Fernando,4156,-3.1445000000000003,-79.252,0,0,0,0,0,0,0,0,0,0,0,0,0,0,0,0,0,0,1,0,0,0,0,0,0,0,0,0,0,0,0,0,0,0,0,0,0,0,0,0,0,0,0,0,0,0,0,0,0,0,1,0,0,0,0,0,0,0,0,0,0,0,0,0,0,1,0,0,0,0,0,0,0,0,0,0,0,0,0,0,0,0,0,0,0,0,0,0,0,0,0,0,0,0,0,1,0,0,0,0,0,1,0,0,0,0,0,0,0,0,0,0,1,0,0,0,0,0,0,0,0,0,0,0,0,0,0,0,0,0,0,0,0,0,0,0,0,0,0,0,1,0,0,0,0,0,0,0,0,1,0,0,0,0,0,0,0,0,0,0,0,0,0,0,0,0,0,0,0
01,Azuay,881394,0108,Santa Isabel,20935,-3.2741700000000002,-79.3156,1,0,0,1,1,0,0,0,0,0,0,1,0,1,1,0,0,0,0,0,0,0,0,0,0,1,0,0,0,0,0,0,0,1,0,0,0,0,1,1,0,0,1,0,0,0,0,0,0,0,0,0,0,0,4,1,0,0,0,0,1,0,0,0,0,0,0,0,0,0,0,0,0,0,0,0,0,0,0,0,0,0,0,0,0,0,0,0,0,0,0,0,0,0,0,0,0,0,1,0,0,1,0,0,0,0,0,1,0,0,0,0,0,0,0,0,0,0,0,0,0,2,0,0,0,0,0,0,0,0,0,0,0,0,0,0,0,0,0,0,0,0,0,0,0,0,0,0,0,0,0,1,0,0,1,1,1,0,0,0,0,0,0,0,0,0,0,0,0
01,Azuay,881394,0113,Sevilla de Oro,6890,-2.799833,-78.655694,0,0,0,0,0,0,0,0,0,0,0,0,0,0,0,0,0,0,0,1,0,0,1,0,0,0,0,0,0,0,0,0,0,0,0,1,0,0,0,0,0,0,0,0,0,0,1,0,0,0,0,0,0,0,0,0,0,0,0,0,0,0,0,0,0,0,0,0,1,0,0,0,0,0,0,0,0,0,0,0,0,0,0,0,0,0,0,0,0,0,0,0,0,0,0,1,0,0,0,0,0,0,0,0,0,0,0,0,0,0,1,0,1,0,0,0,0,0,0,0,0,0,0,0,0,0,0,0,0,0,0,0,0,0,0,0,0,1,0,0,1,0,0,0,0,0,0,0,0,0,0,0,0,0,0,0,0,0,0,0,0,0,0,0,0,0,0,0,0
01,Azuay,881394,0109,Sígsig,30509,-3.0897,-78.8032,5,0,0,0,0,0,0,0,0,2,0,0,0,1,0,0,0,1,0,0,0,1,0,0,0,1,0,1,0,0,0,0,0,1,0,0,0,0,1,2,0,0,0,0,0,2,0,1,0,0,1,0,1,1,1,1,1,1,1,1,0,0,1,1,1,0,1,1,0,0,0,0,1,0,1,0,0,1,1,0,0,1,1,1,0,0,1,1,0,0,0,0,0,0,0,0,0,0,0,0,0,1,0,0,0,0,2,0,0,0,0,0,1,0,2,0,1,1,0,0,0,0,1,0,1,1,0,0,0,0,2,0,0,0,0,0,0,0,0,0,1,1,0,1,0,0,1,0,0,0,1,1,0,0,1,0,0,2,0,1,0,1,0,0,0,0,0,0,0
02,Bolívar,209933,0206,Caluma,16429,-1.6333300000000002,-79.25,0,0,0,0,0,0,0,0,0,1,0,1,0,0,0,0,0,0,1,1,0,0,0,0,0,0,0,0,0,1,0,0,0,0,0,0,0,1,0,0,1,0,0,0,1,0,0,0,0,0,0,0,0,0,1,0,0,0,0,0,0,0,0,0,0,0,0,0,0,0,0,0,0,0,0,0,0,0,0,0,0,0,0,0,1,0,0,0,0,0,0,1,0,1,0,0,0,0,0,1,0,1,0,0,0,1,0,1,0,0,0,0,0,0,0,0,0,1,0,0,0,0,1,0,1,1,0,0,0,0,0,0,0,0,1,0,0,0,1,0,0,0,0,0,0,0,0,0,0,0,1,0,0,1,0,0,0,0,1,0,0,1,0,1,0,0,0,0,0
02,Bolívar,209933,0202,Chillanes,16850,-1.9333330000000002,-79.066667,0,0,1,0,0,0,0,0,1,0,1,0,1,0,0,0,0,0,0,0,0,0,0,0,2,0,0,0,0,1,0,0,0,0,1,0,1,1,0,0,0,0,0,2,0,0,2,0,0,0,0,0,1,0,0,2,0,1,0,0,0,1,0,1,0,0,0,0,0,0,0,0,0,1,0,1,0,0,0,0,0,1,0,0,0,0,0,0,0,0,0,0,0,0,0,1,1,0,0,0,0,0,0,1,0,0,1,0,0,0,0,1,0,0,0,0,1,0,0,0,0,0,0,0,0,0,0,0,0,1,1,1,0,0,0,0,0,0,0,1,0,0,0,0,0,0,0,0,0,0,0,1,0,1,0,0,1,0,0,0,0,2,0,0,1,0,0,0,0
02,Bolívar,209933,0203,Chimbo,17378,-1.7000000000000002,-79.016667,0,1,0,0,0,0,1,0,0,1,0,0,1,0,0,0,1,0,1,0,0,0,0,0,0,0,0,0,0,0,0,0,0,0,0,1,0,0,0,0,1,0,0,0,0,0,0,1,0,0,0,0,2,0,0,0,0,1,0,0,0,0,0,0,0,0,0,0,0,0,0,0,0,0,1,0,0,0,1,0,1,0,1,1,0,0,0,0,0,0,0,0,0,0,0,0,1,0,0,1,0,0,0,1,2,1,2,1,0,0,1,0,0,0,1,0,1,0,0,0,0,0,0,0,1,0,0,0,0,0,0,0,0,1,0,1,0,1,0,1,0,0,0,1,0,0,0,0,0,1,0,0,0,0,1,0,0,0,0,1,0,1,0,0,1,0,0,0,0
02,Bolívar,209933,0204,Echeandía,14081,-1.4333300000000002,-79.26667,0,1,0,0,1,0,0,0,0,0,0,0,0,0,0,0,0,0,0,0,1,0,0,0,0,0,0,0,0,0,0,0,0,0,0,0,0,2,1,0,0,0,0,0,0,1,0,0,0,0,0,0,0,0,0,0,1,0,0,0,0,0,0,0,1,0,0,0,0,0,0,0,0,0,0,0,0,0,0,0,0,0,0,0,0,0,1,0,0,0,0,0,0,0,0,0,1,0,1,1,0,0,0,0,0,0,0,0,0,0,0,0,0,0,0,1,0,0,0,0,0,1,0,0,0,0,0,0,0,0,0,1,0,0,0,0,0,0,0,0,0,0,0,0,0,0,0,0,1,0,1,0,0,0,0,1,0,0,0,1,0,0,1,0,0,0,0,0,0
02,Bolívar,209933,0201,Guaranda,108763,-1.6055560000000002,-79.003056,2,0,1,1,0,1,0,0,1,1,1,1,2,1,0,1,2,2,3,2,1,0,1,0,1,1,1,1,1,0,3,3,3,3,2,1,2,1,1,1,1,1,2,0,2,0,3,1,0,0,1,2,0,2,3,2,0,1,4,1,3,2,1,2,1,0,0,1,1,1,1,0,0,0,0,2,1,3,1,0,0,3,0,1,1,1,0,3,2,1,0,2,3,2,3,3,2,3,2,0,5,5,1,1,3,0,1,1,0,2,0,0,2,2,2,3,2,3,3,2,4,1,1,0,0,1,2,3,1,1,2,1,2,2,2,2,3,2,1,5,0,1,0,2,1,2,1,3,2,2,1,2,1,2,0,4,3,0,2,3,2,0,1,3,2,2,0,1,0
02,Bolívar,209933,0207,Las Naves,7428,-1.28333,-79.3,0,0,0,0,0,0,0,0,0,0,0,0,0,0,0,0,0,0,0,0,0,0,0,0,0,0,0,0,0,0,0,0,0,0,0,0,0,0,0,0,0,0,0,0,0,1,0,0,0,0,0,0,0,0,0,1,0,0,0,0,0,0,0,0,0,0,0,0,0,0,0,0,1,0,0,0,0,0,0,0,0,0,0,0,0,0,0,0,0,0,0,0,0,0,0,0,0,1,0,0,0,0,0,0,0,0,0,0,0,0,1,0,0,0,0,0,0,0,1,0,0,0,0,0,0,0,0,1,0,0,0,0,0,0,0,0,0,0,0,0,0,0,0,0,0,0,0,0,0,0,0,0,0,0,0,0,0,0,0,0,0,0,0,0,0,0,0,0,0
02,Bolívar,209933,0205,San Miguel,29004,-1.7000000000000002,-79.033333,0,0,1,1,0,0,1,2,0,0,0,0,1,0,0,0,0,0,1,2,0,0,0,0,0,1,0,0,0,0,0,0,2,0,0,1,0,0,0,0,0,1,1,0,1,0,0,0,0,2,0,0,1,2,0,0,1,0,1,0,1,0,0,1,0,0,2,0,0,0,0,0,0,0,0,0,1,1,0,0,1,0,0,0,0,0,0,0,0,1,0,0,0,2,0,2,0,0,1,0,1,1,0,0,1,0,0,1,0,0,1,1,0,0,1,0,0,1,0,1,0,1,0,0,0,0,1,1,0,1,1,2,0,0,0,0,1,0,1,0,0,2,0,2,0,0,0,2,0,0,1,0,1,0,0,1,1,0,1,0,0,0,0,3,0,0,0,0,0
04,Carchi,186869,0402,Bolivar,15528,0.507099,-77.862454,0,1,0,0,0,0,0,0,0,0,0,0,1,0,1,0,1,0,0,0,0,0,0,0,0,0,0,0,0,0,0,0,0,0,0,0,0,0,0,0,0,0,0,0,0,0,0,0,0,0,0,0,0,0,0,0,0,0,0,0,0,0,0,0,0,0,0,0,0,0,1,1,0,0,1,0,0,0,0,0,0,0,0,0,0,0,0,0,0,0,0,0,0,0,0,0,0,0,0,0,0,0,0,0,0,1,0,0,0,0,0,0,0,0,0,0,1,1,0,0,0,0,0,0,0,0,0,0,0,0,0,0,0,0,0,0,0,0,2,0,0,0,0,1,0,0,0,2,0,0,0,0,0,0,0,0,0,0,0,1,0,0,0,2,0,0,0,0,0
04,Carchi,186869,0403,Espejo,13817,0.621,-77.94,0,0,0,0,0,0,0,1,0,1,0,0,0,0,1,0,0,1,0,0,0,0,0,0,0,0,0,0,1,0,0,0,0,1,0,0,0,0,0,0,0,0,0,0,0,0,0,0,0,0,0,0,0,0,1,0,0,0,1,0,0,2,0,0,0,0,0,0,0,0,0,0,0,0,0,0,0,0,0,0,0,0,1,0,0,0,1,0,0,0,0,0,0,0,0,1,0,0,0,0,0,1,0,0,0,0,1,0,0,0,0,0,0,0,0,0,0,0,0,1,0,0,0,0,0,0,0,0,1,0,0,0,1,1,0,0,0,0,0,0,0,0,1,0,0,1,0,0,1,0,0,0,0,0,1,0,0,0,0,0,0,0,0,0,0,0,0,0,0
04,Carchi,186869,0404,Mira,11969,0.5538999999999998,-78.0493,1,1,0,0,0,0,0,0,0,0,0,0,0,1,0,0,1,1,0,0,0,1,0,0,0,0,0,0,0,0,0,0,0,0,1,0,0,1,0,0,0,0,0,0,0,1,0,0,0,1,1,0,0,0,0,0,0,0,0,0,0,0,0,0,0,0,0,1,0,0,1,0,0,0,0,0,1,1,0,0,0,0,0,0,0,0,0,0,0,0,0,0,0,0,0,0,1,0,1,0,0,0,0,0,0,0,0,0,1,0,0,1,0,0,0,0,0,0,0,0,0,0,0,1,0,0,0,0,2,0,0,0,0,0,0,0,0,0,0,0,0,0,0,2,0,0,0,1,0,0,0,0,0,0,0,0,0,0,1,0,0,0,0,1,0,0,0,0,0
04,Carchi,186869,0405,Montúfar,34229,0.61,-77.84,0,0,1,0,0,0,0,0,0,0,0,0,0,0,1,2,0,0,2,0,1,0,2,1,0,0,0,0,0,0,0,0,0,0,1,0,1,1,0,0,0,0,2,0,1,0,0,0,1,0,1,0,0,0,0,0,0,0,1,0,2,1,1,0,1,0,0,1,0,0,1,1,0,1,0,0,0,0,0,0,0,0,0,0,0,0,0,0,0,0,0,0,0,0,0,0,1,0,1,0,0,0,0,1,0,1,1,0,0,0,0,1,1,0,0,0,0,0,0,0,0,0,1,0,0,0,0,1,0,0,0,1,0,1,1,1,0,1,0,0,1,0,0,0,0,1,0,0,0,0,0,0,0,0,2,0,0,0,2,0,3,2,0,1,0,0,1,0,0
04,Carchi,186869,0406,San Pedro de Huaca,8931,0.631111,-77.725278,0,0,0,0,0,0,0,0,0,0,0,0,0,0,0,0,0,0,0,0,0,1,0,0,0,0,0,0,0,0,0,0,0,0,0,0,0,0,0,0,0,0,0,0,0,0,0,0,0,0,0,0,0,0,0,0,0,0,0,0,0,0,0,0,0,0,0,0,0,0,0,0,0,0,0,0,0,0,0,0,0,0,0,0,0,0,1,0,0,0,0,0,1,0,0,1,0,0,0,0,0,0,0,0,0,0,0,0,1,0,0,0,0,0,0,0,0,0,0,0,0,0,0,0,0,0,0,0,0,0,0,0,0,0,0,0,0,0,0,0,0,0,0,0,0,0,0,0,0,0,0,0,0,0,0,0,0,0,0,1,0,0,0,1,0,0,0,0,0
04,Carchi,186869,0401,Tulcán,102395,0.81218,-77.71633,0,0,0,1,0,2,0,2,1,0,4,2,1,0,2,2,1,1,0,1,3,0,0,0,0,0,0,4,0,1,2,1,1,1,1,2,2,0,1,1,2,4,3,4,1,2,2,1,1,1,0,1,0,1,0,4,0,0,1,2,0,1,1,2,3,2,0,2,3,1,0,0,0,1,2,1,1,2,0,1,0,1,3,1,0,0,0,0,0,1,3,3,0,2,0,1,1,2,0,1,1,1,0,1,1,2,1,0,0,1,1,3,2,2,0,1,0,1,1,0,1,1,1,2,0,0,1,1,1,0,0,2,4,3,1,0,0,5,0,0,1,2,1,2,1,1,1,2,1,0,1,1,1,0,1,2,1,2,0,0,2,1,0,1,1,4,1,2,0
03,Cañar,281396,0301,Azogues,86276,-2.733333,-78.833333,6,0,2,2,2,1,3,1,1,3,1,2,5,1,1,0,2,0,0,1,2,1,1,1,2,0,0,3,1,2,0,1,1,3,0,0,1,1,0,0,1,1,2,1,0,2,2,1,0,2,2,1,4,2,2,0,0,2,1,2,1,0,1,0,0,1,0,2,0,0,0,0,1,0,2,3,0,1,2,0,1,0,2,1,1,0,2,1,1,1,0,1,0,1,3,3,3,4,0,0,1,3,2,2,4,2,0,5,2,0,2,5,2,2,1,0,2,1,3,0,1,1,1,0,1,2,2,1,0,3,0,2,3,2,1,2,1,0,1,4,0,1,0,1,1,3,1,1,3,0,2,2,2,3,1,1,1,1,1,0,2,3,0,1,0,0,1,0,0
03,Cañar,281396,0302,Biblían,23741,-2.7100000000000004,-78.88,0,1,0,2,0,0,1,1,0,0,0,1,1,0,0,0,0,0,0,0,0,0,2,0,0,0,0,0,1,1,0,0,0,0,0,0,0,0,0,0,0,1,0,0,0,0,0,0,1,0,0,0,0,0,1,0,0,0,0,2,0,0,0,0,0,0,0,0,0,0,0,0,0,0,0,0,0,0,0,0,1,0,1,1,0,0,1,0,0,1,0,0,0,1,0,0,1,0,0,0,1,2,0,0,0,0,0,0,0,0,0,0,1,0,0,0,0,2,1,0,0,0,0,0,0,0,0,0,0,0,0,0,0,0,0,0,0,0,0,0,1,0,0,0,0,1,0,0,0,1,0,0,0,0,0,1,1,0,1,1,1,0,0,1,1,0,0,1,0
03,Cañar,281396,0303,Cañar,68747,-2.4837000000000002,-78.9784,0,0,1,1,0,0,2,1,2,0,0,0,1,1,1,0,1,0,2,0,1,0,0,0,1,1,1,2,2,1,2,0,0,0,0,1,1,0,1,0,1,1,0,0,0,0,1,0,0,2,0,0,1,1,1,0,1,0,1,1,1,1,0,0,0,1,1,0,1,2,0,1,1,1,2,1,1,0,1,0,2,2,0,0,0,0,1,0,2,0,0,2,0,0,0,0,0,0,0,2,0,0,1,1,1,1,2,1,1,2,1,0,0,0,1,0,0,0,0,0,0,1,0,0,1,2,0,0,1,0,0,2,0,0,0,0,0,0,0,0,0,0,0,0,1,0,3,0,0,1,1,0,2,0,1,0,0,0,0,1,1,0,0,1,0,0,0,0,0
03,Cañar,281396,0306,Déleg,6782,-2.7726,-78.9183,0,0,0,0,0,0,0,0,0,0,0,0,0,0,0,0,0,0,0,0,0,0,0,0,0,0,0,0,0,0,0,0,0,0,0,0,0,1,0,0,0,0,0,0,0,0,0,0,0,0,0,0,0,0,1,1,0,0,0,0,0,1,0,0,0,0,0,0,0,0,0,0,0,0,0,0,0,0,0,0,0,0,0,0,0,0,0,0,0,0,0,0,0,1,0,0,1,0,0,0,0,0,0,0,0,0,0,0,1,0,0,0,0,0,0,0,0,0,0,0,0,0,1,0,0,0,0,0,0,0,0,0,0,0,0,0,0,0,0,0,0,0,0,0,1,0,0,0,0,0,0,0,0,0,0,0,0,0,0,0,0,0,0,0,0,0,0,0,0
03,Cañar,281396,0305,El Tambo,12462,-2.5081,-78.9249,0,0,0,0,0,0,0,1,0,0,0,0,0,0,0,0,0,0,0,0,0,0,0,0,0,0,0,0,0,0,0,0,0,0,0,0,0,0,1,0,0,0,0,0,0,0,0,0,0,1,1,0,0,0,1,0,0,0,0,0,0,0,0,0,0,0,1,0,0,0,0,0,0,0,0,0,0,0,0,0,0,0,0,0,1,0,0,0,0,0,0,0,0,0,0,0,0,0,0,0,0,0,0,0,0,0,0,1,0,0,0,0,0,0,0,0,0,0,0,0,0,0,0,0,0,0,0,0,0,0,1,0,0,0,0,0,0,1,0,0,0,0,0,0,0,0,1,0,0,0,0,0,0,1,0,0,0,0,0,0,0,0,0,0,1,0,0,0,1
03,Cañar,281396,0304,La Troncal,76872,-2.4000000000000004,-79.33,2,2,2,1,1,0,0,1,2,0,2,0,0,2,0,0,0,0,0,1,0,0,0,1,0,1,0,0,1,1,2,0,1,2,0,1,0,0,0,0,1,1,1,0,0,0,0,0,0,0,1,1,2,0,1,0,0,0,0,2,1,1,0,0,1,0,1,1,0,0,2,0,0,0,0,0,0,0,0,0,2,0,2,3,1,0,1,1,2,3,2,2,1,2,4,4,4,1,2,1,7,2,2,5,1,2,0,1,1,2,2,4,1,0,1,2,4,0,1,1,0,0,2,0,1,0,3,0,0,1,3,1,1,1,2,0,0,0,1,0,0,2,1,1,1,1,0,0,0,0,0,0,0,1,0,0,0,0,0,1,0,0,0,1,0,0,0,0,0
03,Cañar,281396,0307,Suscal,6516,-2.4364000000000003,-79.0522,0,0,0,0,1,1,0,0,0,0,0,0,0,0,0,0,0,0,0,0,0,0,0,0,0,0,0,0,0,0,0,0,0,0,0,0,0,0,0,0,0,0,0,0,0,0,0,0,0,0,0,0,0,0,0,0,0,0,0,0,0,0,0,0,0,0,0,0,0,0,0,0,0,0,0,0,0,0,0,0,0,0,0,0,0,0,0,1,0,0,0,0,0,0,0,0,0,0,0,0,0,0,0,0,0,0,0,0,0,0,0,0,0,0,0,0,0,0,0,0,0,0,0,0,0,0,0,0,0,0,0,0,0,0,0,0,0,0,0,0,0,0,0,0,0,0,0,0,0,0,0,0,0,0,0,0,0,0,0,0,0,0,0,0,0,0,0,0,0
06,Chimborazo,524004,0602,Alausí,45054,-2.2,-78.85,1,0,0,0,1,0,0,1,0,0,0,2,1,0,0,0,1,0,1,0,0,0,0,1,0,0,0,0,0,0,2,0,0,1,1,2,0,0,1,0,0,0,0,0,0,0,0,0,0,0,0,0,0,0,0,1,1,1,0,0,0,1,0,1,1,2,0,1,1,0,0,0,0,0,1,0,0,0,0,0,0,0,0,0,0,0,0,0,0,0,0,1,0,0,0,0,0,0,0,1,0,1,0,1,0,0,1,1,1,1,1,0,0,4,0,0,1,0,0,1,0,0,0,0,0,1,0,2,0,0,1,0,0,0,1,1,0,0,1,1,1,1,0,0,1,1,0,0,0,1,1,0,0,1,0,0,0,0,0,0,0,0,0,0,0,1,0,0,0
06,Chimborazo,524004,0604,Chambo,13378,-1.7333330000000002,-78.583333,1,0,0,0,0,0,0,0,0,0,1,1,0,1,0,0,0,0,0,0,0,0,0,0,0,0,0,0,0,0,0,0,0,0,0,0,0,1,0,0,1,0,0,0,0,0,0,0,0,0,0,0,0,0,0,0,0,1,0,0,0,1,1,0,1,0,1,0,0,0,0,0,0,0,0,0,0,0,1,0,0,0,1,0,0,0,0,0,0,0,0,0,0,0,0,0,0,0,0,0,0,0,0,0,0,0,0,0,0,0,0,0,0,0,0,0,0,0,0,0,0,0,0,0,0,0,0,0,0,0,0,0,1,0,0,0,0,0,0,0,0,0,0,0,0,0,0,0,0,0,0,0,1,0,0,0,0,0,0,0,0,0,0,1,0,0,0,0,0
06,Chimborazo,524004,0605,Chunchi,12795,-2.2833330000000003,-78.916667,0,0,0,1,0,0,1,1,0,0,0,0,0,0,0,0,1,0,0,1,0,0,0,0,0,0,0,0,0,0,0,1,0,0,0,0,0,0,0,0,0,0,0,1,0,0,0,0,0,0,0,0,0,1,0,0,0,0,0,0,0,1,0,0,0,0,0,0,0,0,0,0,0,0,0,0,0,0,0,0,0,0,0,0,0,0,0,0,0,0,0,0,0,0,0,1,0,1,0,1,0,0,0,0,0,0,0,0,0,0,0,0,0,0,0,0,0,0,0,0,0,0,0,0,0,0,0,0,0,0,0,2,0,0,0,0,0,0,0,0,0,0,0,0,0,0,0,0,0,0,0,0,0,0,0,0,0,0,0,0,0,0,0,0,0,0,0,0,0
06,Chimborazo,524004,0603,Colta,44838,-1.7000000000000002,-78.75,1,1,0,0,0,1,1,2,0,2,1,0,0,0,0,0,0,0,2,1,0,0,0,0,1,2,0,0,0,1,1,0,2,1,1,0,0,0,0,0,0,0,0,0,0,0,1,1,0,0,0,0,1,1,1,1,1,0,1,0,0,0,0,1,0,1,2,0,1,0,1,0,1,0,0,0,0,2,0,0,0,0,0,0,0,0,0,0,0,0,0,0,1,0,1,2,3,4,2,2,2,1,1,1,1,1,0,2,0,1,0,0,0,0,0,0,1,1,0,3,1,0,0,2,0,1,0,0,3,0,0,1,0,0,1,0,0,0,1,0,1,0,0,1,1,0,1,3,0,1,0,0,1,0,2,0,0,3,1,1,1,0,0,0,1,0,0,0,0
06,Chimborazo,524004,0610,Cumandá,17973,-2.2,-79.133333,0,0,0,0,0,0,0,0,0,0,0,0,0,0,0,0,0,0,0,0,0,0,0,0,1,0,0,0,0,0,0,0,0,1,0,1,1,0,1,1,0,0,0,0,0,0,0,0,0,0,0,0,0,0,0,1,0,0,0,0,1,0,1,0,0,0,1,0,0,0,0,0,0,1,0,0,0,0,1,0,0,0,0,0,0,0,0,0,0,1,0,0,0,0,0,0,0,0,0,0,0,0,0,0,0,1,0,0,0,0,1,1,0,0,1,0,0,0,0,0,0,0,1,0,0,0,0,0,1,0,0,0,0,0,0,0,1,1,0,0,1,0,0,0,0,0,1,0,1,0,0,0,0,0,0,0,0,0,0,0,0,0,0,0,0,0,0,0,0
06,Chimborazo,524004,0606,Guamote,58291,-1.9333330000000002,-78.716667,1,0,1,0,0,1,0,0,1,0,0,1,0,2,0,2,0,0,1,0,2,0,1,0,1,0,0,0,0,3,0,0,0,1,0,0,0,0,0,1,0,0,0,1,0,0,0,0,0,0,0,0,0,2,1,0,0,0,0,0,0,1,0,1,2,0,0,0,1,1,1,1,0,0,0,0,0,0,0,0,1,0,0,0,0,0,0,1,0,0,0,1,0,0,0,3,0,0,0,0,0,1,0,0,0,0,2,0,0,2,0,1,0,1,0,2,1,0,2,2,0,0,0,0,0,0,0,1,2,0,0,0,1,0,0,1,0,0,0,2,2,0,0,0,1,0,1,0,1,0,3,0,1,1,0,1,3,0,0,0,1,1,0,1,2,0,1,0,0
06,Chimborazo,524004,0607,Guano,48395,-1.583333,-78.633333,0,1,0,2,0,0,0,0,2,2,0,1,1,0,0,0,0,1,0,1,5,0,0,1,0,0,1,1,0,0,0,0,2,1,0,0,0,0,0,1,1,1,0,1,0,0,1,0,1,1,1,0,0,0,1,0,0,0,0,0,0,0,0,0,0,0,0,0,0,2,0,0,1,0,1,0,0,0,0,0,0,0,0,1,0,0,1,2,1,0,0,0,1,0,0,0,0,1,0,0,0,0,0,1,0,1,1,2,1,0,0,0,1,1,3,0,0,0,1,2,0,1,1,2,0,0,0,0,0,0,1,1,1,1,0,0,0,1,0,0,0,0,0,0,0,0,0,0,1,1,3,0,0,1,2,0,0,0,2,0,0,0,1,2,0,0,0,0,0
06,Chimborazo,524004,0608,Pallatanga,12277,-1.9833330000000002,-78.95,0,0,0,0,0,0,1,1,0,0,0,0,0,0,0,0,1,0,0,0,0,0,0,0,0,0,0,0,0,0,0,0,0,0,1,0,0,0,0,0,0,0,0,0,0,0,0,0,0,0,1,0,0,1,0,0,1,1,1,0,0,0,0,0,0,0,0,0,0,1,0,0,0,0,0,0,0,0,0,0,0,0,0,0,0,0,1,0,0,0,0,0,1,0,0,0,0,0,1,0,0,0,0,0,0,0,0,1,0,0,0,0,0,0,0,0,0,0,0,0,0,0,0,0,0,0,0,0,0,0,0,0,0,0,0,0,0,0,0,0,0,0,0,0,1,0,0,0,0,0,0,0,0,0,0,0,0,0,1,1,0,0,0,0,0,0,0,0,0
06,Chimborazo,524004,0609,Penipe,6955,-1.5573000000000001,-78.5396,0,1,0,0,0,0,0,0,0,0,0,0,0,0,0,0,0,1,0,0,0,0,0,0,0,0,0,0,0,0,0,0,0,0,0,0,0,0,0,0,0,0,0,0,0,0,0,0,0,0,0,0,1,0,0,0,0,0,0,0,0,0,0,0,0,0,0,1,0,1,0,0,0,0,0,0,0,0,0,0,0,0,0,0,0,0,0,0,0,0,0,0,0,0,0,0,0,0,0,0,0,0,0,0,0,0,0,0,0,0,0,0,0,0,0,0,0,0,1,1,0,1,0,0,0,0,0,0,0,1,0,0,0,1,0,0,0,0,0,1,0,0,0,0,0,0,0,0,1,0,0,0,0,0,0,0,0,0,0,0,1,0,0,0,0,0,0,0,0
06,Chimborazo,524004,0601,Riobamba,264048,-1.674347,-78.648294,3,2,7,7,8,4,2,3,7,7,6,3,4,3,7,4,0,3,7,6,5,3,1,5,4,7,5,2,2,7,3,2,3,4,4,4,4,6,5,4,4,5,2,4,4,7,6,3,4,3,5,7,7,4,4,2,2,4,9,5,4,1,3,11,3,5,5,4,4,3,10,5,4,3,7,2,1,6,2,4,1,4,3,1,5,3,6,5,9,8,7,2,12,9,7,10,8,11,13,7,9,3,10,2,4,7,5,5,5,3,5,8,8,4,5,11,4,9,9,8,6,5,5,5,8,7,8,7,6,1,4,4,4,7,3,3,7,7,7,3,2,7,3,2,10,7,2,5,2,7,6,2,7,10,7,6,3,3,5,3,4,8,5,8,9,5,7,6,0
05,Cotopaxi,488716,0502,La Maná,56905,-0.9299999999999999,-79.22,1,0,1,0,0,2,0,0,0,0,1,0,0,0,0,1,3,1,1,1,0,0,0,1,0,0,0,0,0,0,0,0,1,0,1,1,0,0,1,0,1,0,0,0,0,1,2,0,2,0,0,0,0,0,1,0,0,1,0,0,2,0,0,1,0,1,1,0,0,2,0,1,0,0,0,0,1,1,2,0,0,0,0,0,0,1,0,2,0,0,0,0,0,1,0,0,0,1,0,0,0,1,0,0,1,0,0,1,2,0,1,0,0,0,0,1,2,0,2,0,0,1,0,1,1,1,1,0,1,0,1,0,0,1,0,0,1,2,0,1,2,0,1,1,0,1,0,0,0,1,0,0,1,1,0,0,0,0,2,0,1,2,0,0,2,1,0,0,1
05,Cotopaxi,488716,0501,Latacunga,205624,-0.933333,-78.616667,5,1,0,1,4,3,4,4,1,1,4,1,1,5,1,2,3,3,6,2,2,1,4,2,3,1,1,5,2,4,0,4,2,3,1,2,5,5,4,2,4,0,0,5,4,3,1,1,0,2,1,3,0,4,1,9,4,4,2,4,8,2,6,1,2,4,2,2,3,3,3,5,2,2,5,1,4,1,0,1,5,1,1,2,2,3,3,2,3,1,3,2,6,2,3,4,2,1,0,5,7,4,0,2,2,2,1,4,2,4,1,4,3,1,1,1,3,2,4,1,5,1,3,5,1,1,3,3,3,1,3,0,6,2,3,1,4,0,7,1,3,5,4,6,2,2,6,5,0,6,9,2,7,7,2,6,6,9,3,10,9,7,4,8,6,4,6,4,3
05,Cotopaxi,488716,0503,Pangua,24612,-1.1333330000000001,-79.066667,0,0,1,0,0,0,0,0,0,0,0,0,0,1,0,0,0,0,0,0,0,0,0,0,0,2,0,0,0,1,0,0,0,1,0,0,1,0,0,0,0,0,0,0,0,0,1,0,0,0,0,0,0,0,0,1,0,0,0,0,1,0,0,0,0,0,0,0,1,0,0,0,0,0,1,0,0,0,0,0,0,0,0,0,0,0,0,0,0,0,0,0,1,0,0,0,0,0,1,0,0,0,0,0,0,0,0,0,0,0,0,0,0,0,0,0,0,0,0,1,0,0,0,0,0,0,0,0,0,0,0,0,0,1,0,0,0,0,0,0,0,0,0,0,0,0,1,0,0,0,0,0,0,0,0,0,0,0,0,1,0,0,1,0,0,0,0,0,0
05,Cotopaxi,488716,0504,Pujilí,79772,-0.95,-78.69,0,1,0,0,1,0,1,0,3,0,0,0,0,0,2,0,1,0,2,0,0,0,0,1,1,0,1,0,0,1,0,1,0,0,0,1,0,2,2,0,0,2,1,0,1,3,2,0,2,1,3,0,1,2,0,0,0,0,0,1,1,1,1,1,0,0,1,2,0,0,3,0,0,1,2,0,0,1,0,1,0,0,0,1,0,0,1,1,0,1,1,0,1,0,0,0,1,2,0,0,2,1,3,0,0,1,2,0,0,1,0,2,1,0,1,0,1,2,0,0,3,0,1,2,1,1,0,3,1,0,0,1,0,0,1,2,1,0,0,0,0,0,2,2,1,1,1,0,0,0,0,0,2,0,2,0,1,1,2,3,2,2,1,0,1,2,0,1,0
05,Cotopaxi,488716,0505,Salcedo,67100,-1.05,-78.583333,0,0,0,1,1,1,1,0,0,0,0,1,0,1,1,0,0,1,0,1,0,0,0,1,0,0,1,1,0,2,1,2,0,3,1,0,1,1,0,0,0,0,0,0,0,0,0,1,0,1,1,1,0,1,0,0,0,0,2,0,0,0,1,0,0,1,1,2,0,0,0,1,1,2,0,0,0,0,0,1,1,1,1,0,0,0,0,0,1,0,0,1,0,0,0,0,0,0,0,0,0,0,0,3,1,0,2,0,1,0,2,0,0,1,2,1,0,0,2,1,1,1,0,1,0,0,0,2,3,1,0,0,1,0,0,1,0,2,0,1,1,0,0,1,0,2,0,2,0,1,0,0,0,0,1,1,0,0,2,2,0,1,0,1,0,2,0,0,0
05,Cotopaxi,488716,0506,Saquisilí,31426,-0.83,-78.67,0,0,0,0,0,0,0,0,0,0,0,0,0,1,2,0,0,0,1,0,0,0,0,1,0,0,0,1,0,0,0,0,0,0,1,3,0,0,0,0,0,0,1,0,1,0,0,0,0,0,0,0,0,0,0,0,2,0,1,0,0,0,0,0,0,0,0,0,1,1,0,0,1,0,1,1,0,1,0,0,0,0,0,1,0,0,1,0,0,0,0,0,0,0,1,1,0,0,0,1,1,1,0,1,0,0,0,0,0,0,0,0,1,0,0,0,0,1,2,1,1,1,1,0,0,0,0,0,0,1,0,0,0,0,0,0,1,1,0,0,1,0,0,0,0,0,1,0,0,0,0,0,0,0,0,1,0,1,0,1,0,0,0,0,1,1,0,0,0
05,Cotopaxi,488716,0507,Sigchos,23277,-0.7,-78.883333,0,0,0,0,0,0,0,0,0,0,0,1,0,0,1,0,0,0,0,0,0,1,1,1,0,0,0,2,0,0,0,0,1,0,0,1,1,0,0,0,0,1,1,1,0,1,0,0,2,0,1,0,0,0,0,0,1,0,0,0,0,0,0,0,0,0,1,0,1,1,0,0,0,0,0,0,1,0,0,0,0,0,0,0,0,0,0,0,1,0,0,0,0,0,0,0,0,0,0,0,0,0,0,0,1,0,0,0,0,0,0,0,1,0,0,0,0,0,0,0,1,0,0,0,0,0,0,0,2,0,0,0,0,1,0,0,0,0,0,1,0,0,0,0,0,0,0,0,0,0,0,1,0,0,0,0,0,0,0,0,0,0,1,0,0,1,2,0,0
07,El Oro,715751,0702,Arenillas,33473,-3.5500000000000003,-80.06,1,0,0,1,0,0,0,0,0,1,0,0,0,0,0,1,0,1,1,0,0,0,0,1,0,2,0,0,0,0,0,0,0,0,0,0,1,0,0,1,1,1,0,1,0,0,1,0,0,0,1,0,2,0,0,0,0,1,0,0,0,0,0,0,0,1,0,0,0,0,0,0,0,3,0,0,0,0,1,0,0,0,0,0,0,0,0,0,0,0,0,0,0,2,0,0,0,1,0,0,1,0,0,0,0,1,0,0,1,0,0,0,0,0,0,1,0,0,0,0,0,1,1,0,0,1,3,1,1,0,2,0,0,0,0,1,0,0,0,0,1,0,0,1,0,1,2,1,1,0,3,0,0,0,0,1,0,0,1,0,0,0,0,1,0,0,0,0,0
07,El Oro,715751,0703,Atahualpa,6436,-2.9000000000000004,-78.933333,0,0,0,0,0,0,0,0,0,0,0,0,0,0,1,0,0,1,0,0,0,0,0,0,0,0,0,0,0,0,0,0,0,0,0,0,0,0,0,0,0,0,0,0,0,0,0,0,0,0,0,0,0,0,0,0,0,0,0,0,0,0,0,0,0,0,0,0,0,0,0,0,0,1,0,0,0,0,0,0,0,0,0,0,0,0,0,1,0,0,0,0,0,0,0,0,0,0,0,0,0,1,0,0,0,0,0,0,0,1,0,0,0,0,0,0,0,0,0,0,0,0,0,0,0,0,0,0,0,0,0,0,0,0,0,0,0,0,0,0,0,0,0,0,0,0,0,1,0,0,0,0,0,0,0,0,0,0,1,0,1,0,0,0,0,0,0,0,0
07,El Oro,715751,0704,Balsas,9233,-3.7626000000000004,-79.8253,0,0,0,0,0,1,0,0,0,0,0,0,0,0,0,0,0,0,0,0,0,0,0,0,0,0,0,0,0,0,0,0,0,0,0,0,0,0,0,0,1,0,0,0,0,0,0,0,0,0,0,0,0,0,1,0,0,0,0,0,0,0,0,0,0,1,0,0,0,0,0,0,0,1,0,0,0,0,0,0,0,0,0,0,0,0,0,0,0,0,0,0,0,0,0,0,0,0,0,0,0,1,0,0,0,0,0,0,0,0,0,0,0,0,0,0,0,0,0,0,0,0,0,0,0,0,0,0,0,0,0,0,0,0,0,0,0,0,0,0,0,0,0,1,0,0,0,0,0,0,0,0,0,0,0,0,0,1,0,0,0,0,0,0,0,0,0,0,0
07,El Oro,715751,0705,Chilla,2379,-3.45,-79.58,0,0,0,0,1,0,0,0,0,0,0,0,0,0,0,0,0,0,0,0,0,0,0,0,0,0,0,0,0,0,0,0,0,0,0,0,0,0,0,0,0,0,0,0,0,0,0,0,0,0,0,1,0,0,0,0,0,0,0,0,0,1,0,0,0,0,0,0,0,0,0,0,0,0,0,0,0,0,0,0,0,0,0,0,0,0,0,0,0,0,0,0,0,0,0,0,0,0,0,0,0,0,0,0,0,0,0,0,0,0,0,0,0,0,0,0,0,0,0,0,0,0,0,0,0,0,0,0,0,0,0,0,0,0,0,0,0,0,0,0,0,0,0,0,0,0,0,0,0,0,0,0,1,0,0,0,0,0,0,0,0,0,0,0,0,0,0,0,0
07,El Oro,715751,0706,El Guabo,63645,-3.2388000000000003,-79.8292,1,0,0,2,0,0,0,1,1,0,2,2,0,0,0,0,1,1,0,1,1,0,0,0,1,1,0,1,0,0,0,0,0,0,0,0,1,0,1,0,0,2,0,0,0,1,1,0,0,0,1,1,0,0,0,2,2,1,1,0,0,0,0,0,0,1,0,0,0,0,1,1,0,0,1,0,0,0,1,0,0,1,1,0,2,0,0,0,0,1,0,0,1,0,3,0,0,3,0,0,2,3,0,2,1,2,1,0,1,2,1,0,1,0,2,1,2,1,2,0,4,2,3,1,0,2,3,1,2,2,0,1,3,1,5,2,3,3,2,3,3,2,1,2,0,1,0,0,1,3,1,0,3,1,1,2,0,2,3,0,1,2,1,1,1,1,3,1,1
07,El Oro,715751,0707,Huaquillas,60440,-3.48138,-80.243207,1,1,1,0,0,1,0,0,0,0,0,1,0,2,0,1,1,2,0,0,1,0,0,1,0,1,1,0,0,3,1,0,1,0,0,0,0,0,1,0,0,0,0,1,0,1,0,1,0,1,1,1,1,0,0,0,0,1,0,0,1,0,0,0,1,0,0,0,0,0,0,1,0,0,0,0,0,0,1,0,0,0,1,1,0,0,1,0,0,0,1,0,2,1,2,0,0,3,2,1,4,1,1,1,2,1,2,1,0,1,3,0,3,1,4,1,1,1,1,1,2,0,0,0,0,2,0,1,1,2,1,1,1,2,0,1,0,2,1,0,0,0,0,1,1,0,1,0,2,3,0,0,1,0,1,0,1,1,0,1,2,0,2,0,0,0,1,0,0
07,El Oro,715751,0714,Las Lajas,4963,-3.785,-80.061667,0,1,0,0,0,0,0,0,0,0,0,0,0,0,0,1,0,0,0,0,0,0,0,0,0,0,0,0,0,0,0,0,0,0,0,0,0,0,0,0,0,0,0,0,0,0,0,0,0,0,0,0,0,0,0,0,0,0,0,0,0,0,0,0,0,0,0,0,0,0,0,0,0,0,0,0,0,0,0,0,0,0,0,0,0,0,0,0,0,0,0,0,0,0,0,0,0,0,0,0,0,0,0,0,0,0,0,0,0,0,0,0,1,0,0,0,0,0,0,0,1,0,0,0,0,0,0,0,1,0,0,0,0,0,0,0,0,0,0,0,0,0,0,0,0,0,0,0,1,0,0,0,0,0,0,0,0,0,0,0,0,0,0,0,0,0,0,0,0
07,El Oro,715751,0701,Machala,289141,-3.2666670000000004,-79.966667,4,1,4,5,6,7,7,5,4,6,6,9,6,2,3,6,4,3,5,9,5,2,9,1,6,3,4,6,3,6,4,2,2,2,5,1,8,9,7,6,2,6,2,7,8,2,4,3,2,6,6,3,4,2,3,9,1,3,1,10,5,8,6,3,6,6,2,3,2,8,2,7,7,1,7,2,3,2,5,4,3,2,4,6,3,4,6,4,8,13,12,10,11,12,12,15,12,15,8,17,13,11,7,17,15,13,11,11,13,13,10,16,15,11,11,25,21,13,18,10,11,13,14,11,16,19,16,13,19,10,13,14,9,22,12,15,19,13,12,9,8,8,7,17,16,11,8,13,9,12,8,10,10,11,11,8,10,7,13,13,10,12,8,10,4,9,3,7,2
07,El Oro,715751,0708,Marcabelí,6259,-3.7860000000000005,-79.8978,0,0,0,0,0,0,0,0,0,0,0,0,0,0,1,0,0,0,1,0,0,0,0,0,0,0,0,0,0,0,0,0,0,0,0,0,0,0,0,0,1,0,0,0,0,0,0,0,0,0,0,0,0,0,0,0,0,0,0,0,0,0,0,0,0,0,0,0,0,0,0,1,1,0,0,0,0,0,0,0,0,0,0,0,0,0,0,0,0,0,0,0,0,0,0,0,1,0,0,0,0,0,0,0,0,0,0,0,0,0,0,0,0,0,0,0,0,0,0,0,0,0,0,0,0,0,0,0,0,0,0,0,0,0,0,0,0,0,0,0,0,0,0,0,0,0,0,0,0,0,0,0,0,0,0,0,1,0,0,0,1,0,0,0,0,0,0,0,0
07,El Oro,715751,0709,Pasaje,87723,-3.3269,-79.8049,0,0,2,0,2,0,2,0,1,1,1,2,2,0,1,2,0,0,1,2,3,1,0,4,1,0,3,1,0,1,1,1,0,0,0,0,0,0,0,1,0,1,0,0,1,1,0,0,0,0,1,0,1,1,2,1,2,1,1,1,1,1,1,2,0,1,1,2,1,2,1,1,0,0,1,0,1,1,0,1,1,1,1,2,0,1,0,1,1,0,1,3,2,2,1,1,1,0,1,3,0,1,0,1,2,2,2,1,0,4,1,3,0,1,3,2,2,2,4,3,2,2,2,2,4,3,2,3,0,2,1,3,2,2,0,3,4,1,0,2,1,1,3,0,3,1,3,4,3,2,2,2,4,2,1,2,1,2,0,3,0,4,0,3,1,0,5,1,0
07,El Oro,715751,0710,Piñas,30206,-3.6666670000000003,-79.65,1,0,2,1,1,0,1,1,0,1,0,0,1,0,2,1,1,1,0,0,1,0,1,0,1,3,1,1,0,0,0,0,0,2,0,0,3,1,1,1,1,0,0,0,1,0,1,0,0,0,0,0,0,0,0,0,0,2,0,1,2,0,0,1,1,0,0,1,0,0,0,2,0,0,2,0,1,1,1,0,0,0,0,1,0,1,0,0,1,1,1,1,0,3,1,1,0,0,0,1,2,1,0,0,0,1,1,1,0,1,0,1,0,0,0,0,0,0,3,0,1,0,0,0,0,0,2,2,0,0,0,0,0,2,0,0,0,0,0,0,1,2,0,0,0,0,2,1,0,0,0,0,1,0,1,1,1,1,0,2,1,1,0,0,0,0,0,0,1
07,El Oro,715751,0711,Portovelo,14028,-3.72,-79.62,0,2,0,0,1,0,0,0,0,0,0,1,0,0,0,0,0,0,0,0,0,0,0,1,1,0,0,1,0,1,0,0,0,0,0,0,1,0,0,1,0,0,1,0,0,0,0,0,0,0,0,0,0,1,0,0,0,0,0,0,0,0,0,0,0,1,0,0,1,0,0,0,0,0,0,0,0,1,0,0,0,0,0,0,0,1,0,0,0,0,0,0,0,0,0,0,0,0,0,0,0,1,1,0,0,0,0,0,1,0,0,0,0,0,0,0,0,0,0,1,0,0,0,0,0,0,0,0,1,0,0,0,1,0,0,0,0,0,0,0,0,1,0,0,0,0,0,0,0,0,0,0,1,0,0,0,0,0,0,0,0,0,1,0,1,0,1,0,0
07,El Oro,715751,0712,Santa Rosa,82171,-3.4522220000000003,-79.961667,2,0,1,0,0,0,1,1,0,1,3,0,0,1,0,1,2,0,0,1,0,0,1,1,1,0,1,0,1,1,4,1,2,0,0,1,0,1,1,0,0,1,0,0,1,0,0,0,2,1,1,2,1,0,2,1,1,0,0,0,2,3,1,0,0,1,2,1,0,0,1,1,1,1,1,0,2,0,0,0,0,1,0,1,0,2,0,1,2,1,0,1,1,2,3,0,1,1,2,2,1,1,1,1,0,2,3,3,0,1,1,1,1,1,1,2,2,1,2,0,2,2,0,0,5,3,4,2,1,3,0,2,4,1,4,5,0,0,0,0,3,2,0,1,3,1,1,1,0,0,0,1,1,0,2,0,1,0,0,0,0,0,1,0,1,1,0,1,0
07,El Oro,715751,0713,Zaruma,25654,-3.433333,-79.6,0,0,2,0,1,1,0,0,0,0,0,0,1,0,0,0,0,1,0,0,1,0,0,0,0,0,0,1,0,0,0,0,0,0,1,0,1,0,1,0,0,0,0,1,1,0,0,1,0,0,0,0,0,0,0,0,1,0,0,0,0,0,2,0,1,0,0,0,0,1,0,0,0,0,0,1,0,0,0,0,0,0,0,0,1,0,1,0,0,0,1,0,0,1,0,0,0,0,0,0,0,0,0,0,1,0,0,0,0,0,0,0,1,1,0,0,1,1,0,0,0,1,0,0,0,1,0,0,0,0,0,0,0,0,0,0,1,0,0,1,0,0,0,0,0,0,0,2,0,0,0,0,0,0,0,0,0,0,0,0,1,0,0,0,0,0,1,0,0
08,Esmeraldas,591083,0806,Atacames,55495,0.866667,-79.833333,0,0,0,0,0,1,0,1,0,0,0,0,0,0,0,0,1,0,0,1,0,0,0,0,0,0,0,0,1,0,1,0,0,0,0,0,2,0,1,0,0,0,1,1,0,0,0,0,1,1,0,0,2,1,1,1,0,0,0,0,0,0,1,0,0,0,0,0,0,0,1,0,0,0,0,0,0,0,1,1,0,0,0,0,0,0,0,0,0,0,0,0,0,0,0,0,0,0,1,1,0,0,0,0,0,0,0,0,0,0,0,0,0,0,0,0,0,0,0,0,1,1,0,0,1,0,0,0,0,0,0,0,0,0,0,0,0,0,1,0,1,1,0,0,0,1,0,0,0,1,0,0,1,1,0,1,0,1,1,0,0,1,0,0,1,0,0,0,0
08,Esmeraldas,591083,0802,Eloy Alfaro,45629,1.25,-79,1,0,1,0,0,0,0,0,0,0,1,0,1,0,0,0,0,0,0,1,0,1,1,0,0,0,0,0,0,0,1,0,0,0,0,0,0,0,0,0,1,0,0,0,0,0,0,1,0,0,0,0,0,0,0,0,0,0,0,0,0,0,1,0,0,0,0,0,0,0,0,0,0,0,0,0,0,0,0,1,0,0,0,0,0,0,0,1,0,0,0,0,0,0,0,0,0,0,0,0,0,0,0,0,0,0,0,0,0,1,0,0,0,0,0,0,0,0,0,0,1,0,0,0,1,0,1,0,0,0,0,0,0,0,0,0,0,1,1,0,0,0,0,0,1,0,0,0,0,0,0,0,0,1,0,0,0,0,0,0,0,0,0,0,0,0,0,0,0
08,Esmeraldas,591083,0801,Esmeraldas,218727,1.05,-79.2,7,3,4,0,5,3,4,2,1,1,5,4,2,2,2,4,4,0,2,2,0,2,2,3,2,0,2,1,3,3,2,2,6,9,2,2,3,4,3,3,3,1,4,3,5,5,0,6,2,1,4,1,2,3,3,4,4,4,0,2,2,4,1,2,4,0,2,0,4,3,3,8,4,4,2,1,2,2,4,1,5,3,3,1,1,1,1,2,2,4,1,7,3,3,2,4,4,8,7,3,3,4,2,2,6,2,9,1,4,4,9,7,7,3,3,7,6,9,6,4,5,2,6,4,5,13,7,7,7,8,6,5,9,8,9,8,6,6,6,11,6,5,9,7,7,8,4,6,4,3,7,9,7,7,9,8,5,3,4,1,7,4,4,8,7,5,4,5,1
08,Esmeraldas,591083,0803,Muisne,31106,0.6067,-80.0183,0,0,0,0,0,0,0,0,0,0,0,0,0,0,1,0,0,0,0,1,0,0,0,0,0,0,1,0,0,0,0,0,0,0,2,0,0,1,0,0,0,0,0,0,0,0,0,0,0,0,0,2,0,0,0,0,0,0,0,0,0,0,0,0,0,0,0,0,0,0,0,0,1,0,0,0,0,0,0,0,0,0,0,0,0,0,0,0,1,0,0,0,0,0,0,0,0,0,0,0,0,0,0,0,0,0,0,0,0,0,0,0,0,0,0,0,0,0,0,1,0,0,0,0,0,0,0,0,0,1,0,0,0,0,0,0,0,0,0,0,0,0,0,0,0,0,0,0,0,0,1,0,0,0,0,0,0,0,0,0,0,1,0,0,0,0,0,0,0
08,Esmeraldas,591083,0804,Quinindé,145879,0.33,-79.48,3,2,0,0,1,0,2,1,1,1,0,2,0,0,0,0,0,0,0,3,0,0,1,2,1,1,2,0,0,2,0,0,1,0,0,1,0,4,1,0,2,1,0,1,1,2,3,2,1,0,0,0,0,1,0,1,0,0,1,0,2,1,0,0,1,0,0,1,1,0,0,0,1,0,0,0,0,0,0,1,0,1,0,0,0,1,0,0,0,0,0,2,0,1,0,0,0,1,0,2,1,1,1,1,0,1,0,1,1,0,1,2,1,1,1,1,0,1,1,0,0,1,1,0,0,0,1,0,0,0,0,3,1,1,2,0,2,0,3,1,0,1,0,0,1,2,1,0,2,0,0,0,0,4,0,1,2,1,1,1,0,1,1,0,1,0,0,0,0
08,Esmeraldas,591083,0807,Rioverde,31475,1.0602,-79.4044,0,1,0,0,0,0,0,0,0,0,1,1,0,0,0,0,1,0,1,0,0,0,0,0,0,0,0,0,0,0,0,0,0,1,0,0,0,0,0,0,0,0,0,0,1,1,0,0,1,0,0,0,0,1,0,0,0,0,0,1,0,0,0,1,0,0,0,0,0,0,0,0,0,0,0,0,0,0,0,0,0,0,0,0,0,0,0,0,0,0,0,0,0,0,0,1,0,0,0,0,0,0,0,0,0,0,0,0,0,0,0,0,0,0,0,0,0,0,0,0,0,0,0,0,0,0,0,0,0,0,0,0,0,0,0,0,0,0,0,0,0,0,0,0,0,0,0,1,0,0,0,0,0,0,0,0,0,0,0,0,0,0,0,0,0,0,0,0,0
08,Esmeraldas,591083,0805,San Lorenzo,62772,1.2658,-78.8414,1,0,0,0,0,0,1,1,0,0,0,0,0,0,0,0,2,1,0,0,0,0,1,0,0,0,0,2,0,0,0,0,1,2,0,0,1,0,0,1,0,0,0,0,0,1,0,1,1,0,0,1,0,0,0,0,0,0,0,0,0,0,0,0,0,0,0,0,1,0,0,0,0,0,0,0,0,0,0,0,0,0,0,0,0,0,0,0,0,1,0,0,0,0,0,0,0,0,0,0,2,0,0,0,0,0,1,0,0,0,2,0,0,0,0,1,0,0,0,0,0,0,0,1,0,1,0,0,0,0,0,0,0,0,0,0,0,0,2,0,0,0,0,0,2,0,0,1,1,0,0,0,0,0,0,0,0,1,1,0,0,1,0,0,1,1,1,0,0
20,Galápagos,33042,2002,Isabela,3073,-0.4724,-90.6811,0,0,0,0,0,0,0,0,0,0,0,0,0,0,0,0,0,0,0,0,0,0,0,0,0,0,0,0,0,0,0,0,0,0,0,0,0,0,0,0,0,0,0,0,0,0,0,0,0,0,0,0,0,0,0,0,0,0,0,0,0,0,0,0,0,0,0,0,0,0,0,0,0,0,0,0,0,0,0,0,0,0,0,0,0,0,0,0,0,0,0,0,1,0,0,0,0,1,0,0,0,0,0,0,0,0,0,0,0,0,0,0,0,0,0,0,0,0,0,0,0,0,0,0,0,0,0,0,0,0,0,0,0,0,0,0,0,0,0,0,0,0,0,0,0,0,0,0,0,0,0,0,0,0,0,0,0,0,0,0,0,0,0,0,0,0,0,0,0
20,Galápagos,33042,2001,San Cristóbal,9667,-0.7999999999999999,-89.4,0,0,0,0,0,0,0,0,0,0,0,0,0,0,0,0,0,0,0,0,1,1,0,0,0,0,1,1,0,0,0,0,0,0,0,0,0,0,0,1,0,0,0,0,0,0,0,0,0,0,0,0,1,0,1,0,0,0,0,0,0,0,0,0,0,0,0,0,0,0,0,0,0,0,0,0,0,0,0,0,0,0,0,0,0,0,0,0,0,0,0,0,0,0,0,0,0,0,0,0,0,0,0,0,0,0,0,0,0,0,0,0,0,0,0,0,0,0,0,0,0,0,0,0,0,0,0,0,0,0,0,0,0,0,0,0,0,0,0,0,0,0,0,0,0,0,0,0,0,0,0,0,0,0,0,0,0,0,0,0,0,0,0,0,0,1,0,0,0
20,Galápagos,33042,2003,Santa Cruz,20302,-0.633333,-90.366667,0,0,0,0,0,1,0,0,0,0,0,0,0,0,0,0,0,0,0,0,0,0,0,0,0,0,0,0,0,0,0,0,0,1,0,0,0,0,0,0,0,0,0,0,0,0,0,0,0,0,0,0,0,0,0,0,0,0,0,0,0,0,0,0,0,0,0,0,0,0,0,1,0,1,0,0,0,0,0,0,0,0,0,0,0,0,0,1,0,0,0,0,0,0,0,0,0,1,0,0,0,0,0,0,0,0,0,0,0,0,0,0,0,0,0,0,0,0,0,0,0,0,0,0,0,0,0,0,0,0,0,1,0,0,0,0,0,0,0,0,0,0,0,0,0,0,0,0,0,0,0,0,0,0,1,0,0,0,0,0,1,0,0,0,0,0,0,0,0
09,Guayas,4387434,0902,Alfredo Baquerizo Moreno,32110,-1.9166670000000001,-79.516667,1,0,0,0,0,0,0,0,0,0,0,0,0,0,0,0,0,0,0,0,0,0,0,0,0,0,0,0,0,0,0,4,2,0,0,0,1,0,0,0,0,1,0,0,0,0,0,0,0,0,1,0,1,0,0,0,1,0,0,0,0,0,0,0,1,0,0,0,2,0,0,1,0,0,0,0,0,0,0,0,0,0,0,0,0,1,0,0,1,0,0,0,2,1,2,0,2,0,1,0,0,0,0,2,3,1,0,0,0,0,1,0,2,0,1,1,0,0,0,1,1,0,1,0,0,0,1,0,0,0,1,0,0,0,0,0,0,0,0,0,1,0,1,0,0,0,0,1,1,0,1,0,0,0,1,0,0,0,0,1,2,0,0,0,0,0,0,0,0
09,Guayas,4387434,0903,Balao,26348,-2.91,-79.81,0,0,0,0,0,0,0,0,0,0,0,1,0,1,0,0,0,1,1,1,0,0,1,0,1,1,0,0,0,0,0,0,0,1,0,0,0,0,1,1,0,0,1,0,0,0,0,0,0,0,0,0,1,0,0,0,0,0,0,0,0,0,0,0,0,1,0,0,0,0,0,0,0,0,0,0,0,0,0,0,0,0,0,0,0,0,0,0,0,1,2,2,0,0,2,1,0,0,0,2,2,1,1,2,0,1,1,1,0,2,1,2,1,0,0,1,1,1,0,0,2,0,1,1,0,0,0,0,1,1,0,0,0,0,0,1,0,1,0,0,0,0,0,0,0,0,0,0,0,0,1,0,0,0,0,0,0,0,0,0,0,0,0,0,0,0,0,0,0
09,Guayas,4387434,0904,Balzar,60260,-1.36,-79.9,1,0,0,1,1,0,1,0,0,1,2,1,1,0,1,3,0,0,0,0,0,2,1,1,1,0,2,2,0,1,0,0,0,3,1,0,1,2,0,2,0,0,0,0,0,0,0,0,0,1,1,0,2,0,0,0,1,0,1,0,1,0,2,4,0,1,1,0,0,0,2,0,2,1,0,0,0,0,0,2,0,0,0,0,1,0,1,1,1,0,3,3,2,2,2,1,2,3,1,3,1,2,0,4,2,3,1,1,1,2,2,1,1,1,2,3,0,2,2,2,3,0,2,2,1,1,3,1,1,2,3,0,1,1,0,1,1,2,1,0,2,0,2,0,0,0,0,0,0,0,0,0,0,2,1,0,1,1,0,2,0,0,1,1,1,0,0,0,0
09,Guayas,4387434,0905,Colimes,26169,-1.55,-80.016667,0,0,0,0,1,0,0,0,0,0,0,0,2,0,0,0,1,1,1,0,0,0,0,0,0,0,0,0,0,0,1,1,0,1,0,0,0,0,0,1,0,0,0,0,1,0,0,0,0,0,0,0,0,0,0,0,0,0,0,0,0,0,1,0,0,0,1,0,1,0,0,0,0,0,0,0,0,0,0,0,0,1,0,0,0,0,0,1,0,0,0,0,1,2,0,0,0,0,0,0,1,1,0,0,0,1,0,2,1,0,0,0,0,0,0,1,1,0,0,0,0,0,0,1,0,0,0,0,0,0,0,0,0,0,0,0,1,1,0,0,0,0,1,0,0,0,0,0,0,2,0,0,0,1,0,0,1,1,0,0,0,0,0,0,0,0,0,0,0
09,Guayas,4387434,0923,Coronel Marcelino Maridueña,13132,-2.2,-79.42,0,0,0,0,0,0,0,0,0,0,0,0,0,0,0,0,0,0,1,0,0,0,0,0,0,0,0,0,0,0,0,0,0,0,0,0,0,0,0,0,0,0,0,1,0,0,0,1,0,0,0,0,0,0,0,0,0,0,0,0,0,0,1,0,0,0,0,0,0,0,0,0,0,0,0,0,0,0,0,1,0,0,1,0,1,0,0,0,0,1,1,0,0,1,1,2,0,1,2,1,1,0,0,0,0,0,0,1,0,1,0,0,0,0,0,0,0,0,0,0,1,0,0,0,0,0,0,0,0,1,0,0,1,1,0,0,0,0,0,0,0,0,0,0,0,0,0,0,0,0,0,0,0,1,0,0,2,0,0,0,0,0,0,0,1,0,1,0,0
09,Guayas,4387434,0906,Daule,173684,-1.866667,-79.983333,5,4,2,3,0,1,0,4,3,4,2,3,3,1,2,1,0,1,3,2,2,1,0,2,1,0,0,2,0,4,2,1,1,2,2,1,1,1,3,0,2,1,2,7,1,2,1,2,1,4,2,1,2,1,4,2,4,1,1,0,0,2,3,0,3,1,3,2,1,2,0,1,1,2,1,2,0,0,2,5,5,10,3,5,10,9,11,23,14,20,21,22,22,19,25,25,22,14,16,13,14,11,13,9,8,11,8,13,5,4,9,10,3,5,1,5,5,7,2,1,4,2,4,2,4,2,2,0,2,0,1,3,5,1,0,2,1,1,0,1,0,1,2,0,1,1,2,2,3,0,3,2,1,1,2,1,0,3,2,1,0,3,2,2,1,1,0,1,1
09,Guayas,4387434,0907,Durán,315724,-2.1666670000000003,-79.833333,4,2,2,2,2,1,1,2,1,0,0,2,2,2,3,1,0,2,6,3,2,0,1,0,2,2,0,2,0,1,1,0,2,1,4,2,0,5,1,0,1,2,1,4,1,0,1,0,3,0,2,0,2,2,0,1,1,3,1,3,5,3,1,0,4,1,2,3,2,1,0,2,1,2,3,2,1,1,2,2,4,4,3,12,7,10,18,21,22,28,29,31,42,41,29,39,38,36,27,27,28,21,28,15,23,12,13,7,12,12,10,6,9,6,3,3,7,3,4,4,4,2,7,2,5,4,3,4,4,5,2,2,1,4,2,4,2,5,2,1,0,3,1,1,3,2,3,4,1,2,1,1,1,4,0,2,0,0,5,4,1,2,2,2,0,2,1,0,2
09,Guayas,4387434,0909,El Triunfo,59636,-2.33,-79.4,1,2,1,0,1,2,0,1,0,1,1,0,0,1,1,0,1,1,1,0,2,0,0,0,2,0,0,0,1,1,0,0,0,0,0,0,0,0,1,0,1,1,1,1,0,0,1,0,0,0,0,0,0,0,1,0,3,0,1,1,0,0,0,0,1,1,0,0,0,0,1,1,0,2,0,2,1,0,0,0,0,0,1,0,1,1,0,0,2,1,3,0,2,3,4,3,1,1,4,3,3,0,3,2,1,0,4,1,1,1,3,1,0,2,1,1,2,5,0,2,0,0,0,0,1,0,0,3,0,0,0,0,1,0,0,0,0,1,1,2,0,0,1,0,0,0,0,0,1,0,0,0,0,0,0,0,1,0,0,1,0,1,1,0,1,1,0,0,0
09,Guayas,4387434,0908,Empalme,86073,-1.046111,-79.633611,0,1,0,1,1,1,1,0,2,0,0,1,0,1,1,0,1,0,2,1,0,0,0,0,1,1,2,0,0,0,1,0,1,0,1,0,1,0,1,2,1,3,1,0,2,2,1,1,1,0,1,0,0,1,0,0,0,2,1,0,2,0,1,3,2,4,0,4,0,1,0,2,0,1,2,0,0,1,0,0,0,0,1,0,0,1,0,0,1,1,0,0,0,3,3,0,0,3,0,2,0,2,3,0,3,0,4,2,0,2,1,0,1,0,0,3,0,1,0,0,0,0,0,1,2,0,2,0,2,2,0,1,2,2,1,0,0,1,2,4,0,2,0,2,1,1,2,5,1,1,2,1,0,3,1,1,0,2,2,0,1,0,0,2,1,1,1,0,0
09,Guayas,4387434,0927,General Antonio Elizalde,13156,-2.2,-79.17,0,0,0,0,0,0,0,0,0,0,0,0,1,0,0,0,1,0,0,0,0,0,0,0,0,0,0,1,0,0,0,0,0,0,1,0,0,0,0,0,0,0,0,0,0,0,1,0,1,0,0,0,1,0,0,0,0,0,0,0,0,0,0,0,0,1,0,0,0,0,0,1,0,0,0,0,0,0,0,0,0,0,0,0,0,0,0,0,0,0,0,0,0,0,0,0,0,0,0,2,1,2,0,0,0,2,1,0,0,0,0,0,0,0,0,0,1,0,0,1,0,0,0,0,0,0,0,0,0,1,0,0,0,0,0,0,1,0,0,1,0,0,1,0,0,0,1,0,0,0,1,1,0,1,0,0,0,0,1,0,0,1,0,0,0,0,0,0,0
09,Guayas,4387434,0901,Guayaquil,2723665,-2.183333,-79.883333,57,59,64,44,50,56,48,56,46,47,36,48,66,40,31,44,49,39,54,62,39,46,52,38,54,48,50,36,42,41,38,36,39,41,48,35,45,32,46,50,49,47,53,33,49,41,52,37,50,50,39,43,48,48,40,38,57,45,38,59,46,44,43,56,43,54,48,38,56,51,40,46,55,42,45,39,42,59,48,78,76,89,112,174,205,271,337,418,452,491,524,632,586,608,630,561,511,525,487,467,413,393,369,354,278,267,224,215,178,201,186,160,140,129,124,131,111,113,101,104,79,92,78,83,92,69,81,69,69,68,69,71,67,61,46,60,53,50,54,48,55,48,68,44,35,55,51,28,56,51,47,43,59,34,41,55,51,40,57,49,46,60,40,49,42,40,44,43,24
09,Guayas,4387434,0928,Isidro Ayora,14582,-1.8833330000000001,-80.166667,1,0,0,0,0,0,0,0,1,0,0,0,0,0,0,0,0,0,0,1,0,1,0,0,0,0,0,0,1,0,1,0,0,0,1,1,0,1,0,0,0,0,1,0,0,0,0,0,0,1,0,0,1,0,0,0,0,0,0,1,0,0,0,0,0,1,0,0,0,0,0,1,1,0,0,0,0,0,0,0,0,0,1,1,0,0,3,1,1,0,0,2,3,1,3,1,1,2,2,0,1,2,2,2,1,1,1,0,2,1,1,0,2,1,1,2,0,1,0,0,1,0,0,0,1,0,0,0,1,1,0,1,0,0,0,0,0,1,0,0,0,0,0,0,0,0,0,0,0,0,0,1,0,1,0,0,0,0,0,0,0,0,0,0,1,0,0,0,0
09,Guayas,4387434,0924,Lomas de Sargentillo,24220,-1.8833330000000001,-80.083333,0,1,1,1,0,0,0,1,0,0,0,0,0,0,0,0,0,0,0,0,0,0,2,0,0,0,0,1,0,0,0,0,0,0,0,0,0,0,0,0,0,1,0,1,0,0,0,0,0,0,0,0,0,0,1,0,0,1,1,1,0,0,0,0,0,0,0,0,0,0,0,0,0,1,0,0,0,0,0,1,1,0,0,0,0,3,4,1,4,5,6,3,6,1,2,5,3,4,3,2,5,4,5,5,2,2,4,5,3,5,3,2,1,1,3,1,0,2,2,0,0,1,2,1,0,0,1,2,0,1,0,0,0,1,0,0,0,0,0,0,0,2,0,0,0,0,0,0,0,0,0,0,0,0,0,0,1,1,0,1,0,0,1,0,0,0,0,0,0
09,Guayas,4387434,0910,Milagro,199835,-2.126944,-79.599167,2,4,0,3,3,4,5,2,2,3,6,5,6,7,6,1,2,4,7,2,3,1,0,2,2,6,2,3,3,0,0,3,3,2,4,1,4,1,4,1,4,1,2,3,3,2,5,4,2,10,2,2,1,1,8,5,1,1,1,4,3,4,7,2,6,5,2,3,2,2,2,2,3,5,5,1,4,6,2,8,3,7,6,5,12,14,13,12,24,29,24,29,22,30,25,27,16,20,29,25,25,20,12,15,19,18,9,13,5,11,4,9,11,10,6,7,9,4,6,10,6,6,10,6,7,7,6,4,8,4,5,8,1,2,1,1,2,1,3,5,3,2,2,3,6,6,5,3,4,3,3,6,0,3,6,1,3,2,1,4,2,3,1,1,0,1,3,4,1
09,Guayas,4387434,0911,Naranjal,95052,-2.6728,-79.615,2,1,0,1,0,1,2,0,1,3,2,1,0,1,2,0,0,0,1,1,5,2,1,0,4,1,1,1,2,1,0,1,0,0,1,0,1,0,0,0,0,0,0,2,0,2,0,1,0,0,1,1,6,0,1,0,0,1,2,1,0,2,0,1,2,0,0,0,1,1,2,1,0,1,0,3,0,0,1,0,0,0,0,0,0,0,0,0,0,0,0,1,0,1,0,2,0,3,3,3,1,3,3,4,1,1,3,1,3,2,2,1,0,3,2,1,3,2,1,2,1,1,0,1,1,2,1,0,3,0,2,0,1,2,1,1,2,1,1,0,0,0,0,1,0,0,2,0,1,0,1,0,1,0,0,0,0,0,2,0,0,0,1,2,0,0,0,1,1
09,Guayas,4387434,0912,Naranjito,43862,-2.173,-79.4671,1,1,2,0,1,0,0,1,3,0,0,0,1,2,0,1,0,0,3,2,0,0,0,0,0,0,0,0,0,1,0,0,1,0,0,0,0,0,1,1,0,0,1,0,2,1,0,0,0,0,0,0,0,0,1,0,0,1,0,1,0,0,0,0,1,1,0,1,0,0,0,0,1,0,1,0,0,1,0,0,0,1,0,0,1,0,0,0,1,0,0,0,0,2,4,4,3,2,2,1,2,3,3,1,4,2,5,4,2,2,4,1,2,2,2,2,0,2,1,1,2,1,1,1,1,1,1,1,2,1,0,4,0,1,0,0,1,0,3,1,0,0,0,0,1,0,1,0,0,2,0,0,1,0,0,0,0,0,0,0,1,1,0,0,0,1,0,0,1
09,Guayas,4387434,0925,Nobol,26444,-1.9166710000000002,-80.011539,0,0,0,0,0,0,0,1,0,0,0,0,0,0,0,0,0,1,0,0,1,1,0,0,0,0,0,0,0,0,0,0,1,0,0,0,0,0,0,1,0,1,0,0,1,0,0,0,0,0,0,0,0,0,0,1,1,0,1,0,0,0,0,1,0,0,0,0,0,0,0,0,0,1,0,2,0,0,0,0,0,2,1,0,0,1,1,1,3,5,1,2,2,1,3,4,4,3,2,1,1,2,2,2,0,0,3,0,1,1,2,1,0,0,1,0,1,0,0,0,1,0,0,0,0,0,0,1,0,0,0,0,1,0,0,0,0,0,0,0,0,0,0,0,0,0,0,0,0,0,0,0,1,0,0,0,0,1,0,0,0,0,0,0,0,0,0,0,0
09,Guayas,4387434,0913,Palestina,18451,-1.6263,-79.977,0,0,0,0,0,0,0,0,1,0,0,0,0,0,0,1,1,1,1,0,0,1,0,0,0,0,0,0,0,0,0,0,0,0,0,0,0,2,0,0,1,0,0,0,0,0,1,0,1,0,0,0,1,0,0,0,1,0,0,0,0,0,0,0,0,0,0,0,0,1,0,0,0,0,0,0,0,0,0,0,0,0,0,0,0,0,0,1,0,0,0,1,2,0,1,0,0,0,0,0,0,0,0,2,0,0,0,1,0,0,1,0,1,0,0,0,0,0,0,0,0,1,0,0,0,1,0,0,0,0,0,0,0,0,0,0,0,0,0,1,0,0,0,0,0,0,0,0,0,0,0,0,0,0,0,0,0,0,1,0,0,0,0,0,0,0,0,0,0
09,Guayas,4387434,0914,Pedro Carbo,51802,-1.833333,-80.233333,0,0,0,1,1,0,3,0,0,0,1,0,1,1,0,1,0,0,0,1,0,0,0,0,2,0,0,0,0,1,1,1,0,0,0,0,1,0,0,0,0,0,3,0,0,0,0,0,0,0,1,1,0,0,0,0,0,2,1,1,0,1,2,0,0,0,2,0,0,0,0,1,2,1,0,2,2,0,1,0,0,1,0,0,5,4,2,3,5,10,6,5,4,9,8,6,13,7,4,8,13,8,4,5,7,3,0,1,5,3,3,4,3,0,2,3,2,2,5,1,3,2,0,4,1,0,3,3,1,1,4,2,2,3,2,1,0,2,0,0,1,0,2,1,1,2,1,1,2,2,0,0,0,1,0,0,0,1,0,0,1,1,0,0,0,2,0,1,1
09,Guayas,4387434,0921,Playas,59628,-2.62333,-80.3875,1,1,1,1,3,0,2,0,3,0,0,0,0,1,0,0,0,0,0,0,0,0,0,0,0,1,1,1,0,0,0,2,0,0,0,1,2,1,0,0,1,0,1,1,2,0,1,0,0,0,1,1,1,0,0,0,1,0,1,1,0,1,0,0,0,1,0,0,2,0,0,1,1,0,0,0,0,0,1,1,0,0,0,2,2,0,0,2,5,4,5,4,6,5,2,3,6,4,3,6,6,7,0,4,1,2,6,5,1,2,4,3,7,1,2,2,2,2,3,2,2,1,0,0,2,2,1,0,0,1,0,2,1,0,1,0,0,1,0,0,2,0,1,0,1,0,1,3,1,0,0,0,1,0,1,0,0,1,0,1,0,0,0,0,0,0,0,0,0
09,Guayas,4387434,0919,Salitre,65765,-1.829444,-79.815556,1,1,0,1,2,0,0,1,0,0,1,1,2,1,0,1,2,2,2,0,1,1,1,1,2,0,0,0,1,0,2,0,0,0,0,0,1,1,0,2,1,1,1,0,2,0,0,0,0,1,0,1,1,0,0,0,2,1,0,0,1,0,2,2,0,0,0,0,0,1,0,0,0,1,0,0,0,0,0,1,0,0,2,1,2,2,4,2,2,1,4,5,5,4,4,6,3,1,3,2,3,1,1,3,3,0,2,2,0,2,0,0,1,1,2,0,2,2,1,0,0,0,1,0,1,1,1,0,1,0,0,3,1,2,1,1,1,0,1,1,1,1,0,0,0,0,1,1,2,0,1,1,1,0,0,0,1,0,1,1,2,0,0,2,0,0,1,0,1
09,Guayas,4387434,0916,Samborondón,102404,-2.183333,-79.883333,0,0,0,0,1,1,0,2,0,0,2,0,2,0,0,0,3,3,3,0,1,0,1,3,1,0,0,2,0,0,0,2,2,1,0,0,2,0,1,2,0,1,1,0,2,0,1,0,0,2,0,1,2,1,2,1,1,0,0,1,1,0,0,0,1,0,0,0,0,0,1,1,0,2,1,1,0,1,1,0,4,1,2,3,1,1,5,4,2,7,5,7,15,9,8,4,4,6,5,7,5,8,6,5,6,7,3,3,3,1,8,1,3,5,3,1,1,4,2,0,2,3,1,3,0,0,0,1,2,1,2,2,0,2,0,0,2,0,0,0,0,1,1,1,2,3,0,0,1,0,1,0,1,0,0,0,0,5,1,2,0,0,1,0,1,0,1,0,0
09,Guayas,4387434,0920,San Jacinto De Yaguachi,78204,-2.12,-79.69,0,0,0,0,1,1,0,0,1,0,1,0,0,1,0,0,2,0,1,0,0,0,0,0,1,0,0,1,0,1,0,1,0,0,2,0,0,1,1,2,0,0,0,1,0,1,1,0,0,0,0,0,0,0,0,0,0,0,0,0,1,1,1,0,0,0,1,1,0,1,1,0,0,0,1,0,0,0,1,0,1,1,0,0,1,3,1,0,1,0,5,6,2,3,3,5,4,4,2,3,3,2,2,2,1,1,1,0,2,1,0,1,1,2,2,2,1,2,2,1,3,0,1,3,0,1,2,1,0,1,1,0,1,2,0,0,1,1,1,0,0,2,2,1,1,0,1,4,0,1,0,1,1,1,1,1,1,3,2,0,0,1,1,0,0,0,0,1,0
09,Guayas,4387434,0918,Santa Lucía,45004,-1.7138890000000002,-79.985,1,1,0,0,1,1,0,0,1,0,0,0,0,0,0,0,2,2,0,1,0,0,0,0,1,2,0,0,1,0,1,0,0,0,0,0,1,0,1,0,1,1,1,0,0,0,1,1,1,2,0,0,1,0,0,1,3,1,0,0,1,2,2,1,1,0,1,0,1,1,1,0,0,0,1,1,1,3,1,2,2,0,5,3,4,8,6,10,6,12,12,13,4,12,16,5,4,7,10,4,3,5,3,5,3,2,2,2,2,0,3,2,2,2,3,1,0,4,2,2,1,1,2,0,2,3,0,3,0,2,4,0,1,0,0,0,1,0,1,0,2,1,0,0,1,1,2,0,2,1,0,1,0,1,1,1,0,0,0,0,0,2,0,0,0,0,3,0,1
09,Guayas,4387434,0922,Simón Bolivar,32224,-2.156667,-79.8875,0,1,0,0,0,0,0,2,1,0,0,0,0,0,0,0,0,0,0,0,1,0,0,0,1,0,0,0,0,0,0,0,1,0,0,0,0,0,0,0,0,0,0,0,0,0,1,0,0,0,0,0,0,0,0,0,1,0,0,0,0,0,0,1,0,0,0,0,0,0,0,0,0,0,0,0,0,0,0,0,0,1,1,0,0,0,0,0,0,0,0,1,0,5,1,2,1,1,0,1,1,1,1,1,0,1,0,1,1,0,0,1,0,0,1,1,1,0,1,1,0,1,0,0,0,1,0,1,0,1,0,1,0,0,1,0,0,0,0,0,0,0,0,0,0,1,0,0,0,0,0,0,0,0,0,0,0,0,1,0,0,0,0,0,0,0,0,0,0
10,Imbabura,476257,1002,Antonio Ante,54311,0.32,-78.21,0,0,1,0,1,0,0,0,0,0,0,0,0,0,0,0,2,2,1,0,0,0,0,0,0,0,0,0,0,0,1,1,0,0,0,0,1,0,1,0,0,1,0,1,0,1,1,0,0,0,0,0,1,2,0,0,0,1,0,1,0,0,0,0,1,0,0,1,0,0,2,0,0,0,0,0,0,0,0,1,0,0,0,0,0,0,2,0,0,0,1,0,0,1,0,0,1,0,0,0,1,1,0,0,0,1,0,0,1,0,0,1,1,0,0,1,0,2,0,1,1,0,1,1,0,0,0,0,1,0,0,0,0,1,0,0,0,0,0,1,0,1,1,1,2,0,0,0,0,1,0,0,1,1,2,0,1,4,0,0,0,2,0,1,2,1,0,0,0
10,Imbabura,476257,1003,Cotacachi,44203,0.3,-78.266667,3,2,0,1,0,2,0,0,0,0,0,1,0,0,1,1,0,0,0,1,2,0,1,0,1,0,2,0,0,0,0,0,2,0,2,0,1,0,1,0,0,0,0,1,0,0,0,1,1,0,0,0,0,0,0,0,2,0,1,0,0,0,0,0,0,0,0,0,0,1,0,1,0,0,0,0,1,0,0,0,2,0,0,0,0,1,0,0,0,0,0,0,0,0,0,1,0,0,0,0,0,0,0,0,0,1,0,1,0,1,0,1,0,1,0,0,0,1,0,0,0,0,0,1,0,0,0,0,1,0,0,0,0,0,0,0,0,0,1,1,0,0,0,0,2,0,0,0,1,0,1,0,0,1,1,0,1,1,0,0,0,1,1,1,0,0,0,0,0
10,Imbabura,476257,1001,Ibarra,221149,0.362678,-78.130667,4,1,5,3,5,2,5,0,6,2,4,6,4,2,4,3,1,4,1,2,2,7,3,5,3,2,4,4,2,3,5,5,3,2,4,4,4,3,1,3,4,1,5,2,2,4,3,3,7,2,2,1,4,2,3,6,3,1,2,2,3,1,2,4,2,1,5,1,5,5,2,3,3,3,4,2,1,2,5,3,2,2,2,2,2,6,4,5,5,2,2,3,3,3,5,3,4,2,4,4,2,6,2,5,1,2,2,1,3,5,2,4,3,3,1,1,2,1,4,6,5,4,2,2,0,1,0,3,3,7,4,4,6,5,5,5,3,3,2,1,3,8,3,4,7,3,3,3,4,1,4,2,5,4,2,7,6,5,2,10,6,3,2,7,2,3,2,5,2
10,Imbabura,476257,1004,Otavalo,125785,0.23333299999999998,-78.266667,2,3,1,2,1,0,0,0,0,0,2,1,3,3,3,4,1,0,3,2,0,1,2,2,1,2,1,3,1,2,0,1,1,2,3,1,1,2,0,2,2,2,2,0,2,1,1,1,3,0,2,1,0,0,1,0,1,0,0,2,0,2,1,0,1,0,2,0,1,2,1,0,2,1,0,2,1,0,1,1,0,0,3,1,1,0,0,1,0,0,1,2,1,2,2,0,1,1,0,2,2,3,0,2,1,2,3,3,0,0,0,3,2,0,1,0,2,3,3,0,1,0,0,1,4,0,2,3,0,1,2,3,0,2,0,0,3,0,1,1,0,2,0,1,0,1,2,0,0,1,0,1,0,1,1,2,2,2,1,2,2,0,0,0,1,0,2,3,1
10,Imbabura,476257,1005,Pimampiro,13269,0.39999999999999997,-77.97,0,0,0,1,0,0,0,0,0,0,1,0,0,0,0,0,0,0,1,0,0,0,1,1,0,0,0,1,0,0,0,0,0,0,0,0,0,0,0,0,0,1,0,0,0,0,0,0,0,1,0,0,2,0,0,0,0,0,0,0,0,1,1,0,0,0,0,0,0,1,0,0,0,0,0,0,0,0,0,0,0,0,0,0,0,0,1,0,0,0,0,0,0,0,1,0,0,0,0,0,0,1,0,0,0,0,0,0,0,0,0,0,0,0,0,0,0,1,0,0,0,1,1,0,0,0,0,0,0,0,0,1,0,0,0,0,1,0,1,0,0,0,0,0,0,0,0,0,0,0,0,0,0,0,0,0,0,0,0,0,0,0,0,1,0,1,0,0,0
10,Imbabura,476257,1006,San Miguel de Urcuquí,17540,0.52,-78.2,0,0,0,0,0,0,0,0,1,0,0,0,1,1,0,0,0,0,0,0,0,0,0,0,0,0,0,0,0,0,0,0,0,0,0,0,1,0,1,0,0,0,0,0,0,0,0,0,0,0,0,0,0,1,0,1,0,0,0,0,0,0,0,0,0,0,0,0,0,0,0,0,0,0,0,0,0,0,0,0,0,1,0,0,0,0,0,0,0,0,0,0,0,0,0,0,0,0,0,0,0,0,0,0,1,1,0,0,0,0,2,0,0,0,0,0,0,0,0,0,0,0,0,0,0,0,0,0,0,0,0,1,0,0,0,1,0,0,0,0,0,0,0,0,0,0,1,0,0,0,0,0,0,0,0,0,0,0,1,0,0,0,0,0,0,0,0,0,0
11,Loja,521154,1102,Calvas,29565,-4.32,-79.56,1,0,0,0,0,1,0,1,0,0,0,1,0,0,0,0,1,0,0,0,2,0,0,0,0,0,2,0,0,0,0,0,0,0,1,0,0,0,1,0,0,0,2,3,2,0,1,1,1,2,0,0,0,1,0,0,0,0,0,0,0,4,0,0,0,0,0,1,1,1,0,0,1,0,1,0,1,0,1,0,0,1,0,0,0,0,1,1,1,0,1,0,0,0,1,0,0,0,1,2,0,1,0,0,0,0,0,0,1,1,0,0,0,0,0,0,1,0,0,0,1,2,0,0,1,0,0,0,0,0,1,2,0,0,0,0,1,2,2,0,1,0,0,0,1,0,0,1,1,1,0,1,0,0,0,4,1,3,0,0,0,0,1,0,1,0,1,1,0
11,Loja,521154,1103,Catamayo,35961,-3.9800000000000004,-79.35,1,0,0,1,1,0,0,0,0,0,0,0,0,0,1,0,0,0,0,0,1,0,0,0,0,0,0,0,0,0,0,0,0,0,0,0,1,0,0,1,0,2,0,0,0,1,0,0,0,0,0,0,0,0,1,0,0,0,0,0,0,1,0,0,0,0,0,0,0,0,0,0,1,0,1,0,0,0,0,0,1,0,1,1,0,0,0,0,0,0,0,0,1,0,0,0,1,1,0,1,0,1,1,0,0,0,1,0,0,1,0,0,0,0,0,0,0,2,0,1,1,1,0,0,0,0,0,1,1,0,0,1,1,0,1,0,0,0,1,0,0,0,0,1,0,1,0,0,1,0,0,0,1,0,1,1,0,0,0,0,0,0,0,0,0,1,1,0,0
11,Loja,521154,1104,Celica,16160,-4.1025,-79.954444,0,0,0,0,0,0,0,0,0,0,0,0,0,0,0,0,0,0,0,1,0,0,0,0,0,0,0,0,1,0,0,0,0,0,0,0,0,0,1,0,0,0,1,0,0,0,0,0,0,0,0,0,0,0,1,0,0,0,0,0,0,0,0,0,0,0,0,0,0,0,0,0,0,0,0,0,0,0,0,0,0,0,0,0,0,0,0,0,0,0,0,0,0,0,0,1,0,1,0,0,0,0,0,0,0,0,0,0,0,0,0,0,0,0,0,0,0,0,0,0,1,0,0,0,0,0,0,0,0,0,0,0,0,2,0,0,0,0,0,1,0,0,0,0,0,0,0,0,0,0,0,0,0,0,0,0,0,0,0,0,0,1,0,0,0,0,0,0,0
11,Loja,521154,1105,Chaguarpamba,6620,-3.85,-79.65,0,0,0,0,0,0,0,0,0,3,0,0,0,0,0,0,0,0,0,0,1,0,0,0,0,0,2,0,0,0,2,0,1,0,0,0,0,0,0,0,0,0,0,0,0,0,0,0,0,0,0,0,0,0,0,0,0,0,0,0,0,0,0,0,0,0,0,0,0,0,0,0,0,0,0,0,0,0,0,0,0,0,0,0,0,0,0,1,0,0,0,0,0,1,0,0,0,0,0,0,0,0,0,1,0,0,0,0,0,0,0,0,0,1,0,0,0,0,0,0,0,0,0,0,0,0,0,0,0,0,0,0,0,0,0,0,0,0,0,0,0,0,0,0,0,0,0,0,0,0,0,0,0,0,0,0,0,0,0,0,0,0,0,0,0,0,0,0,0
11,Loja,521154,1106,Espíndola,14209,-4.583056,-79.426944,0,0,0,0,1,1,0,1,0,1,0,0,0,0,0,1,0,0,0,0,0,0,0,0,0,0,0,1,0,0,0,0,0,0,0,0,0,0,0,0,0,0,0,0,0,0,0,0,2,0,0,0,0,1,0,0,0,0,0,0,0,0,0,0,0,0,0,1,0,0,0,0,0,0,0,0,0,1,0,0,0,0,0,0,0,0,0,0,0,1,0,0,0,0,0,0,0,0,0,0,0,0,0,0,0,0,0,0,0,0,0,0,0,0,0,0,1,0,0,0,1,0,0,0,1,0,0,0,0,0,0,0,0,0,0,1,0,0,0,0,0,0,0,0,0,0,0,0,0,0,0,0,0,0,0,0,0,0,1,0,0,1,0,0,0,0,0,0,0
11,Loja,521154,1107,Gonzanamá,10953,-4.231389,-79.435278,0,0,0,0,0,0,0,0,0,1,0,0,0,0,0,0,0,1,0,0,0,0,0,0,0,0,0,0,0,0,0,0,0,0,0,0,0,0,0,0,0,0,0,0,0,0,0,1,1,0,0,1,0,0,0,0,0,0,1,0,0,0,0,0,0,0,1,0,0,0,1,0,0,0,0,1,0,1,0,0,0,0,0,0,0,0,0,0,0,0,0,1,0,0,1,0,0,0,0,1,0,0,0,0,0,0,0,0,0,0,0,0,0,1,0,0,0,0,0,0,0,1,0,0,1,1,0,1,0,0,0,0,0,0,0,0,0,0,0,0,0,0,0,0,1,0,0,0,0,0,0,0,2,0,1,0,0,1,0,0,0,0,0,0,0,0,0,0,0
11,Loja,521154,1101,Loja,274112,-3.9833330000000005,-79.2,5,4,6,2,4,8,2,3,5,6,2,5,3,8,4,3,3,2,3,5,3,6,5,2,2,4,6,2,7,5,5,3,6,5,2,3,2,5,2,3,7,4,4,1,3,4,2,0,0,0,5,2,2,6,4,5,8,4,6,4,0,2,4,3,7,2,8,5,3,6,4,0,3,2,2,6,6,1,1,1,4,2,4,2,6,3,2,1,6,3,2,1,0,3,4,5,6,3,2,1,1,8,1,3,4,4,1,3,2,6,9,2,6,2,7,3,4,2,2,3,3,1,5,3,0,4,9,2,5,3,5,2,4,3,4,5,1,4,3,4,2,4,9,4,2,5,5,1,4,2,4,6,5,5,3,4,2,4,7,1,6,1,4,5,1,0,6,5,1
11,Loja,521154,1108,Macará,20269,-4.383333,-79.95,0,0,1,0,1,0,0,0,2,0,0,0,1,0,0,1,0,2,0,0,0,0,0,0,1,0,0,0,0,0,0,1,0,0,0,0,0,0,0,0,0,0,0,0,0,0,0,0,0,0,0,0,0,0,0,0,0,0,0,0,0,1,0,0,0,0,0,0,0,0,0,0,0,0,0,0,0,0,0,0,0,0,0,0,0,0,1,0,0,0,0,0,0,0,0,0,0,0,0,0,0,0,0,0,0,1,0,1,0,0,0,0,1,0,0,0,0,0,0,1,0,0,1,0,0,1,1,1,0,1,0,0,0,1,1,0,0,0,0,0,0,0,1,0,0,1,0,0,0,0,0,0,0,0,0,0,1,0,0,1,2,0,0,0,0,0,0,0,0
11,Loja,521154,1116,Olmedo,4220,-3.934,-79.648,0,0,0,0,0,1,0,0,0,0,0,0,0,0,0,0,0,0,0,0,0,0,0,0,0,0,0,0,0,0,0,0,0,0,0,0,0,0,0,0,0,0,0,0,0,0,0,0,0,0,1,0,0,0,0,0,0,0,0,0,0,0,0,0,0,0,0,0,0,0,0,0,0,0,0,0,0,0,0,0,0,0,1,0,0,0,0,0,0,0,0,0,0,0,0,0,0,0,0,0,0,0,0,0,0,0,0,0,0,0,0,0,0,0,0,0,0,0,0,0,0,0,0,1,0,0,0,0,0,0,0,0,1,0,0,0,0,0,0,0,0,0,0,0,0,0,0,0,0,0,0,0,0,0,0,0,0,0,0,0,0,0,0,1,0,0,0,0,0
11,Loja,521154,1109,Paltas,23471,-4.050000000000001,-79.65,0,0,0,1,1,1,0,0,0,0,0,1,0,1,0,0,0,0,0,1,0,1,0,0,0,0,0,0,1,0,0,0,1,0,0,0,0,0,0,0,2,0,0,0,0,0,0,1,0,1,1,0,0,2,0,1,1,1,0,0,0,0,1,0,0,0,1,0,0,0,0,0,0,0,0,0,0,0,0,0,0,0,0,1,0,0,0,0,0,0,0,0,0,0,0,2,0,0,0,1,1,0,1,0,0,1,1,0,0,0,0,0,1,1,0,0,1,0,0,0,0,0,0,0,0,0,0,0,0,0,0,0,0,0,1,0,0,0,0,0,0,0,0,0,0,0,0,0,0,0,0,0,0,0,0,1,1,0,0,2,0,1,1,0,0,0,0,0,0
11,Loja,521154,1114,Pindal,10540,-4.1161,-80.1076,0,0,0,0,0,0,0,0,0,0,0,0,1,0,1,0,0,1,0,0,0,0,0,0,0,0,0,0,0,0,0,0,0,0,0,0,0,0,1,0,0,0,0,0,0,0,0,0,0,0,0,0,0,0,0,0,0,0,0,0,0,0,0,0,0,0,0,0,0,0,0,0,0,0,0,0,0,0,0,0,0,0,0,0,0,0,0,1,0,0,0,0,0,0,0,0,0,0,0,0,0,0,1,0,0,0,0,0,0,0,0,0,0,0,0,0,0,0,0,0,0,0,0,0,0,0,0,0,0,0,1,0,0,0,0,0,0,0,1,0,0,1,0,0,0,1,0,0,1,0,0,0,0,0,0,0,0,0,0,0,0,0,0,0,0,0,0,0,0
11,Loja,521154,1110,Puyango,15925,-3.87,-80.09,1,2,0,0,0,0,0,0,0,1,1,0,2,0,0,0,0,0,0,0,0,0,0,0,0,0,0,0,0,0,0,0,0,0,0,0,0,0,0,0,0,0,0,0,0,1,0,1,0,0,0,0,0,0,0,0,0,0,0,0,2,0,0,0,0,0,0,1,2,0,0,0,0,0,0,0,0,0,0,0,0,0,0,0,0,0,0,0,0,0,0,0,0,1,0,0,0,0,0,0,1,0,0,0,1,0,0,0,0,1,0,0,0,0,0,0,0,1,0,0,0,0,0,0,0,0,0,0,0,0,0,0,0,0,0,0,0,1,0,0,1,0,0,0,0,0,2,0,0,1,0,0,0,0,0,0,0,0,0,0,0,0,0,0,0,0,0,0,0
11,Loja,521154,1115,Quilanga,4197,-4.298,-79.3986,0,0,0,0,0,0,0,0,0,1,0,0,0,0,0,0,0,0,0,0,0,0,0,0,0,0,0,0,0,1,0,0,0,0,0,0,0,0,0,0,0,0,0,0,0,0,0,0,0,0,0,0,0,0,0,0,0,2,0,0,0,0,0,1,0,0,0,0,0,0,0,0,1,0,0,0,0,0,0,0,0,0,0,0,0,0,0,0,0,0,0,0,0,0,0,0,0,0,0,0,0,0,0,0,0,0,0,0,0,0,0,0,0,1,0,0,0,0,0,0,0,0,0,0,0,0,0,0,0,0,0,0,0,0,0,0,0,0,0,0,0,0,0,0,0,0,0,0,0,0,0,0,0,0,0,0,0,0,0,0,0,0,0,0,0,0,0,0,0
11,Loja,521154,1111,Saraguro,33506,-3.6253,-79.2411,0,0,0,0,1,1,1,1,1,0,0,1,0,0,1,0,1,1,1,0,0,0,1,0,0,0,0,0,0,1,1,0,0,0,2,1,0,0,1,1,1,0,0,0,0,0,0,1,1,0,0,0,0,0,0,0,0,0,0,1,0,0,1,0,0,0,0,0,0,1,0,1,0,0,0,0,0,0,0,0,0,1,0,0,0,0,0,0,0,0,1,0,0,0,0,0,1,0,0,0,0,0,0,0,0,0,0,1,0,0,0,0,0,0,0,0,0,0,0,0,1,0,0,0,0,0,1,0,1,0,0,0,0,0,0,0,0,0,0,0,1,1,0,0,0,0,0,0,0,0,0,0,0,0,1,1,0,0,0,0,0,0,0,0,0,0,0,0,0
11,Loja,521154,1112,Sozoranga,7121,-4.327778,-79.789722,0,0,0,0,0,0,0,0,0,0,0,0,0,0,0,0,0,0,0,0,0,0,0,0,0,0,1,0,0,0,0,0,0,0,0,0,0,0,0,0,0,0,0,0,0,0,0,0,0,0,0,0,0,0,0,0,0,0,0,0,0,0,0,0,0,0,0,0,0,0,0,0,1,0,0,0,0,0,0,0,0,0,0,0,0,0,0,0,0,0,0,0,0,0,0,0,0,1,0,0,1,0,0,0,0,0,0,0,0,0,0,0,0,0,0,0,0,0,0,0,0,0,0,0,0,0,0,0,0,0,0,0,0,0,0,0,0,0,0,0,0,0,0,0,0,0,0,0,0,0,1,0,0,0,1,0,0,0,0,0,0,0,0,0,0,0,0,0,0
11,Loja,521154,1113,Zapotillo,14325,-4.386360000000001,-80.2436,0,0,0,0,0,0,1,0,1,0,0,0,0,0,0,0,0,0,0,0,0,0,0,1,0,0,0,0,0,1,1,0,0,0,0,0,0,0,0,0,0,0,0,0,0,0,0,0,0,0,0,0,0,0,0,1,0,0,0,0,0,0,0,0,0,0,0,0,0,0,0,0,0,0,0,0,0,0,0,0,0,0,0,0,0,0,0,0,0,0,0,0,1,0,0,0,0,0,0,0,0,0,0,0,0,0,0,0,0,0,0,0,1,0,0,0,0,0,0,0,0,0,0,0,0,1,0,0,0,0,0,0,0,0,0,0,0,0,0,1,0,0,0,0,1,0,0,0,0,0,0,0,0,0,0,0,0,0,0,0,0,0,0,0,0,0,0,0,0
12,Los Ríos,921763,1202,Baba,43429,-1.784167,-79.676667,0,1,0,0,1,0,0,0,0,2,0,2,0,0,3,0,0,1,0,2,1,0,0,0,0,0,0,1,0,0,0,0,0,0,0,0,0,1,0,0,0,0,0,0,0,0,0,0,0,1,0,0,0,1,1,1,2,1,0,0,0,0,0,0,0,0,0,1,0,1,0,0,0,0,1,0,1,0,0,0,0,1,0,1,0,0,0,0,1,1,0,0,0,0,0,0,0,0,0,0,1,1,0,1,1,0,1,0,2,1,1,1,0,0,1,0,0,0,1,0,1,0,0,0,0,1,2,2,2,1,1,1,1,0,0,2,1,0,0,0,0,0,0,0,0,1,0,1,0,0,0,1,0,1,1,1,1,0,3,1,0,0,0,1,0,0,1,1,0
12,Los Ríos,921763,1201,Babahoyo,175281,-1.8,-79.533333,3,5,1,3,1,1,3,6,3,1,3,4,4,2,6,0,4,3,2,3,4,4,1,2,6,2,1,0,5,1,2,3,0,1,3,2,5,2,1,2,2,0,2,1,1,3,1,4,3,3,4,2,5,4,4,2,3,7,5,3,0,1,3,1,2,1,0,5,1,5,1,2,3,0,1,2,1,0,5,0,3,2,5,4,1,6,4,3,2,5,7,7,4,7,7,11,9,6,6,8,18,8,9,8,9,7,6,6,3,9,9,5,5,8,7,5,9,0,4,3,6,4,4,4,3,12,9,2,5,1,2,3,6,8,6,5,7,5,5,5,3,2,5,4,6,1,1,3,2,7,1,2,5,4,6,4,2,2,2,3,2,5,2,1,0,1,1,4,1
12,Los Ríos,921763,1210,Buena Fe,83654,-0.8985719999999999,-79.488916,0,0,0,1,0,0,0,2,1,0,2,0,1,1,0,1,1,0,0,0,0,1,1,0,1,0,1,2,0,0,0,0,0,0,1,0,0,1,2,0,0,1,0,0,0,2,0,0,1,0,0,1,3,0,0,1,2,0,0,1,1,0,1,0,0,0,1,2,2,0,0,0,0,1,0,0,0,0,1,2,0,0,0,0,0,0,0,2,1,1,0,1,1,1,0,1,1,1,0,1,1,0,0,0,1,1,0,0,2,2,0,0,1,1,1,1,2,0,1,2,1,2,0,1,1,0,0,1,1,2,0,0,2,2,3,1,1,3,1,4,2,0,0,0,0,2,1,0,0,1,0,1,0,0,1,1,0,1,0,0,4,1,2,2,2,0,0,0,0
12,Los Ríos,921763,1212,Mocache,43316,-1.18385,-79.50553,3,0,0,1,2,1,0,0,1,0,0,1,1,0,0,0,0,0,0,1,0,0,0,0,0,0,0,0,0,0,1,0,1,0,0,0,0,0,0,0,0,0,0,1,0,0,1,0,1,1,0,0,0,1,0,1,0,2,1,0,0,0,2,0,1,1,0,0,2,0,1,0,0,0,0,0,0,0,0,0,1,0,0,0,1,1,0,0,0,0,0,0,0,0,0,1,0,0,0,0,0,1,0,1,1,0,0,1,1,0,0,0,0,0,1,1,0,0,0,0,1,0,0,0,1,2,1,0,1,1,0,3,0,0,0,1,2,1,1,0,1,0,0,0,0,2,0,0,1,1,1,0,0,0,1,0,1,0,1,1,0,1,0,0,0,1,0,0,0
12,Los Ríos,921763,1203,Montalvo,28720,-1.7938,-79.2857,0,0,0,0,0,1,2,0,1,0,0,0,0,0,0,0,0,0,0,0,0,1,1,0,0,1,1,0,0,0,0,0,0,0,0,0,1,0,0,0,0,0,0,0,1,0,1,0,0,0,0,0,0,0,1,0,1,0,0,0,1,0,0,1,1,0,0,0,0,0,0,0,0,1,1,0,1,0,0,1,0,0,0,0,0,1,0,0,1,0,1,1,2,1,2,1,3,1,0,0,2,0,1,1,2,0,1,1,0,0,1,0,0,1,0,0,0,0,1,0,1,0,0,0,0,0,0,0,0,0,0,0,1,0,0,1,0,0,0,0,0,1,1,1,0,0,0,0,1,0,0,2,0,0,1,0,2,0,1,2,0,0,0,0,0,0,0,1,0
12,Los Ríos,921763,1209,Palenque,23638,-1.4328,-79.7495,0,0,0,0,0,0,0,0,0,0,0,0,0,0,0,0,0,0,0,0,1,0,0,0,0,1,0,0,0,0,1,0,0,0,0,0,1,0,0,1,0,0,0,1,0,0,0,0,1,0,1,0,0,0,0,0,0,0,0,0,2,0,0,1,1,0,0,0,0,0,0,0,0,0,1,0,0,0,0,0,0,0,0,0,0,0,0,0,0,0,0,0,0,0,0,0,1,0,0,0,0,0,0,0,0,0,0,1,1,1,0,1,0,0,0,0,0,0,0,0,1,0,0,0,1,0,0,0,0,0,0,0,1,0,0,0,0,0,0,0,1,0,0,0,0,0,0,0,0,0,1,0,0,1,0,0,0,0,0,0,0,0,0,0,0,0,0,0,0
12,Los Ríos,921763,1204,Puebloviejo,44725,-1.55,-79.533889,0,1,0,0,2,1,0,0,0,1,1,1,0,1,0,1,0,0,0,3,1,1,1,0,2,0,0,0,0,0,0,0,1,0,0,0,0,0,1,1,0,2,0,0,1,1,0,0,0,0,0,0,0,0,0,2,2,0,0,4,0,1,0,2,0,0,1,1,0,0,0,0,0,0,0,0,0,0,0,0,0,0,0,0,2,0,0,0,1,0,0,0,0,1,0,0,0,0,0,0,0,0,0,1,1,0,2,0,0,1,1,1,2,1,1,1,0,0,1,2,1,0,1,1,2,0,0,0,1,0,0,1,0,0,0,0,0,0,1,1,0,0,0,1,1,0,0,1,0,1,1,0,0,0,1,1,0,0,0,1,0,0,0,0,0,2,0,0,0
12,Los Ríos,921763,1205,Quevedo,213842,-1.033333,-79.45,2,1,4,2,6,1,4,3,1,6,0,1,3,2,1,3,1,1,2,2,1,0,0,3,2,1,5,3,1,1,4,2,2,6,2,3,3,3,1,3,2,4,3,4,1,5,2,1,0,3,4,3,1,2,0,4,5,6,4,4,5,3,2,5,1,5,5,3,4,6,1,1,1,1,5,0,1,3,0,4,4,4,1,4,4,1,10,6,3,10,5,6,7,8,8,6,9,7,6,9,8,16,9,5,11,9,8,12,7,9,9,9,9,7,10,12,5,7,5,6,10,7,8,5,4,8,7,6,6,7,8,5,4,5,7,4,9,8,5,4,6,2,6,5,6,3,4,7,6,5,4,4,3,6,2,4,3,3,3,9,5,4,9,5,9,3,2,4,1
12,Los Ríos,921763,1213,Quinsaloma,20428,-1.2062000000000002,-79.3145,0,0,0,0,0,1,1,0,0,0,0,0,0,0,0,0,0,0,0,1,0,0,0,1,0,0,0,0,0,0,0,0,0,0,0,1,0,0,0,0,0,0,0,0,0,0,1,0,0,0,0,0,0,0,0,0,0,0,0,0,1,0,0,1,0,0,0,0,0,0,0,0,0,0,0,0,0,0,0,0,0,0,0,0,0,0,0,0,0,0,0,0,0,0,0,0,0,1,0,0,0,0,1,0,0,0,0,0,0,0,0,0,1,0,0,0,0,2,0,1,0,0,0,0,0,0,0,0,0,0,1,0,0,0,0,0,0,1,0,0,0,1,0,0,0,0,1,0,1,0,0,0,0,0,0,0,0,1,0,0,1,1,0,0,0,0,0,1,0
12,Los Ríos,921763,1206,Urdaneta,32618,-1.570556,-79.471111,1,0,0,0,0,0,3,1,1,1,0,0,0,0,0,0,2,0,0,0,0,0,0,0,0,0,1,0,0,0,0,0,0,0,0,0,0,0,1,0,0,0,2,1,0,0,0,0,0,0,1,0,0,0,0,1,2,0,0,0,0,0,0,2,1,0,0,0,0,0,1,0,1,0,0,0,1,0,0,0,0,0,1,1,2,1,0,1,0,0,0,0,1,2,0,0,0,0,1,0,0,2,2,1,1,0,2,1,0,2,3,0,1,1,0,2,1,1,0,0,0,0,0,0,0,1,0,1,0,1,4,2,0,1,1,0,1,1,0,0,0,0,0,1,0,0,0,0,1,0,0,0,1,0,0,0,0,0,0,1,0,0,0,0,0,0,0,0,0
12,Los Ríos,921763,1211,Valencia,54637,-0.9525,-79.3531,0,0,0,2,0,0,0,1,0,0,0,1,0,0,1,0,0,0,0,0,1,0,0,0,0,0,0,0,0,0,0,0,2,0,0,1,0,0,1,0,0,0,1,0,0,0,1,1,0,1,0,0,0,0,0,0,0,0,0,0,0,0,0,0,0,1,0,0,0,0,0,0,1,1,0,0,0,0,0,0,0,1,0,0,0,0,0,0,0,0,1,0,0,0,1,0,0,0,0,0,1,0,1,0,0,0,1,0,0,0,1,1,1,1,0,0,1,0,1,0,2,1,2,2,0,1,0,1,0,0,2,0,0,1,0,1,1,0,1,0,0,1,0,0,0,0,0,1,1,1,1,1,0,0,0,1,0,0,0,0,0,0,1,1,0,0,0,0,0
12,Los Ríos,921763,1207,Ventanas,75146,-1.4500000000000002,-79.47,2,2,1,0,0,0,1,1,1,1,1,1,0,2,0,0,0,0,0,0,1,1,2,1,0,1,0,1,0,0,1,1,0,0,1,1,0,2,0,0,0,0,1,0,1,0,0,1,1,1,1,2,1,0,0,1,2,1,2,3,0,0,0,0,0,1,0,1,0,1,0,0,0,0,0,0,0,0,0,0,0,1,0,1,0,0,2,0,0,1,2,2,2,0,4,0,4,2,2,1,3,1,3,1,1,1,2,4,1,4,2,1,3,0,3,7,3,1,1,1,3,0,0,1,1,0,1,0,1,1,1,1,3,1,1,2,2,0,0,1,0,1,1,1,0,0,0,2,0,1,2,0,0,0,0,0,0,1,0,2,1,0,0,2,1,0,1,0,0
12,Los Ríos,921763,1208,Vinces,82329,-1.5583330000000002,-79.75,2,0,2,1,1,1,0,1,1,1,2,0,0,1,0,1,1,1,2,1,1,2,0,1,2,1,3,0,1,1,1,0,3,0,0,0,2,2,2,0,3,0,0,1,1,0,1,0,1,0,1,0,1,1,3,0,0,2,0,1,0,0,0,1,1,1,1,1,1,0,1,0,1,0,1,0,0,0,1,0,0,0,0,0,1,2,0,2,1,1,4,1,3,2,5,5,2,1,1,1,3,0,1,4,2,5,1,1,3,5,1,3,2,1,2,4,2,0,3,1,1,0,1,1,3,0,0,3,0,0,0,2,0,1,2,2,0,2,2,1,1,2,0,2,3,0,0,0,2,0,1,0,3,2,2,1,3,1,1,1,0,1,1,1,2,1,1,0,0
13,Manabí,1562079,1302,Bolívar,45493,-0.841944,-80.161944,0,0,1,3,1,0,1,1,0,1,0,0,0,0,0,0,0,2,0,0,0,1,1,2,0,0,2,1,3,1,0,0,1,0,0,1,1,1,1,0,2,0,0,1,0,0,0,0,0,0,1,0,0,1,1,2,0,0,1,2,0,1,0,0,1,1,1,0,0,0,0,2,0,1,1,0,0,1,1,1,1,0,0,1,0,0,1,0,0,0,0,0,0,0,0,1,1,1,1,2,0,0,1,1,1,1,1,0,0,1,1,0,2,0,1,0,1,1,1,0,0,1,0,0,0,0,0,0,1,0,1,1,0,1,1,0,2,1,0,1,1,0,0,0,1,0,1,2,0,0,1,0,0,0,4,0,0,0,1,1,0,0,1,1,0,0,0,1,0
13,Manabí,1562079,1303,Chone,131002,-0.683333,-80.1,1,2,1,4,1,0,2,0,2,2,2,2,3,1,2,3,1,0,5,0,2,1,1,1,1,1,2,1,1,0,1,1,0,4,2,0,0,1,4,1,0,5,0,0,0,1,3,1,0,1,0,3,1,1,0,0,1,0,3,1,3,2,1,4,2,2,1,1,1,2,1,1,1,2,1,4,1,0,1,0,2,1,2,1,0,2,1,3,4,0,3,5,1,0,3,2,1,5,2,1,3,2,4,1,0,2,4,2,1,3,2,4,3,3,3,5,2,1,3,1,3,5,2,4,8,5,0,1,3,2,4,1,5,4,1,3,5,2,4,1,1,5,3,1,3,3,4,1,2,2,4,1,1,0,3,2,2,1,5,4,1,2,1,8,2,2,1,3,2
13,Manabí,1562079,1304,El Carmen,111344,-1.3147000000000002,-80.0169,0,4,1,1,2,0,1,1,0,0,2,0,1,0,0,3,1,0,1,3,1,1,0,3,0,2,0,1,0,1,0,3,1,1,0,2,0,3,0,1,1,0,3,1,0,1,1,1,1,3,0,0,1,3,2,0,1,0,1,1,1,1,1,1,0,1,1,2,0,1,3,1,1,0,1,0,0,0,1,1,0,0,2,0,0,0,1,0,1,0,0,1,0,2,0,2,0,0,2,2,2,1,0,2,2,3,3,1,1,1,0,2,0,0,0,1,1,0,1,0,2,2,1,1,1,0,1,2,0,0,0,1,0,0,0,0,1,0,0,1,1,0,1,0,1,1,1,0,1,0,1,0,4,2,0,0,1,2,2,0,1,1,0,1,0,0,1,2,0
13,Manabí,1562079,1305,Flavio Alfaro,23822,-0.4054,-79.9058,1,1,0,1,0,2,0,0,0,0,2,0,0,0,2,0,0,0,0,0,1,1,0,0,0,0,1,0,0,0,1,0,0,1,0,0,0,0,2,0,1,0,0,0,0,0,1,0,0,0,0,1,0,0,1,0,0,1,0,0,0,0,1,0,0,0,0,0,0,0,0,0,0,0,1,1,1,1,0,0,0,0,0,0,2,1,0,0,0,0,0,0,0,0,0,0,1,0,0,1,0,0,1,0,3,0,0,1,0,1,1,0,0,0,0,2,2,0,0,0,0,0,0,0,1,0,2,0,0,0,0,0,1,1,0,0,0,0,1,1,0,1,0,0,1,1,1,0,0,0,0,0,0,0,1,0,1,1,1,0,0,0,1,0,0,0,0,0,1
13,Manabí,1562079,1320,Jama,26116,-0.2014,-80.2659,0,0,0,0,0,0,0,1,0,0,0,0,0,0,0,0,0,1,0,0,0,0,0,0,0,0,1,0,0,0,1,0,0,0,0,0,0,0,0,0,1,0,0,0,0,0,1,0,0,0,0,0,0,0,0,0,0,0,0,0,0,0,1,0,0,0,0,0,0,0,0,0,0,0,0,0,0,0,0,0,0,0,0,0,0,0,0,0,0,0,0,0,0,0,0,0,0,0,0,0,1,0,0,0,0,0,0,0,0,0,0,0,0,0,0,0,0,0,0,0,0,0,0,0,1,0,0,0,0,0,0,0,0,0,0,0,0,0,0,0,1,0,0,0,0,0,0,0,0,0,0,1,0,0,0,0,0,0,0,0,0,1,0,0,0,0,0,0,0
13,Manabí,1562079,1321,Jaramijó,28439,-0.94873,-80.6363,0,0,0,0,0,0,0,0,0,0,0,0,0,2,0,0,0,0,0,1,1,0,0,0,1,0,0,0,0,0,0,0,0,3,0,0,0,0,0,0,0,0,0,0,0,0,0,0,0,0,0,0,0,0,0,0,0,0,0,0,0,2,0,0,0,0,0,0,0,1,0,0,0,0,1,0,0,1,0,0,0,0,0,0,0,0,0,0,0,0,1,0,0,0,0,0,0,1,0,0,3,0,2,2,0,0,0,1,1,2,2,1,3,1,1,1,2,0,2,0,0,0,1,2,3,2,1,1,0,1,1,1,0,0,0,2,1,1,1,0,0,2,0,1,0,0,0,0,0,0,0,0,0,0,1,0,0,0,0,1,0,1,0,0,0,0,0,0,0
13,Manabí,1562079,1306,Jipijapa,74645,-1.3333300000000001,-80.5833,1,1,1,0,0,1,4,0,1,1,0,3,1,1,2,0,3,1,2,1,2,0,1,1,0,0,0,0,1,0,1,0,0,1,1,0,0,0,2,1,3,2,1,1,0,0,1,1,0,1,1,0,2,0,0,1,1,0,0,0,1,1,2,0,0,0,0,3,0,4,0,0,0,1,1,0,1,1,0,1,1,0,1,1,3,2,2,3,2,2,4,4,6,3,3,5,9,8,4,6,3,7,6,7,5,5,4,4,6,4,9,5,6,2,6,9,5,4,8,5,4,5,4,7,1,3,3,5,4,4,4,2,3,4,0,0,2,0,1,3,0,2,2,1,0,1,2,1,2,0,1,0,2,3,1,0,0,1,1,0,1,4,1,0,1,2,2,0,0
13,Manabí,1562079,1307,Junín,18820,-0.92916,-80.20569,1,1,0,0,0,1,0,1,0,0,0,1,0,0,0,1,1,0,0,1,1,0,0,0,0,0,0,0,0,0,0,0,1,0,0,0,0,0,0,2,0,0,0,0,1,0,0,0,0,0,0,0,0,0,0,0,0,0,0,1,0,1,0,0,0,0,0,0,0,1,0,2,0,0,1,1,0,1,1,0,0,0,0,0,0,0,0,0,0,0,0,0,0,1,1,0,0,0,0,0,0,0,0,0,0,1,1,1,0,0,0,0,0,0,0,0,0,0,0,1,0,0,0,0,0,0,0,0,0,0,0,0,0,0,0,1,0,1,0,0,0,1,2,0,0,0,0,0,0,0,1,0,0,0,0,0,0,0,0,0,0,0,0,0,0,0,0,0,0
13,Manabí,1562079,1308,Manta,264281,-0.950022,-80.7162,5,6,5,8,1,3,2,4,6,4,8,5,5,3,10,6,4,3,5,4,5,10,8,4,2,5,2,9,5,5,2,4,7,6,3,5,4,2,4,1,3,4,7,5,2,6,4,6,10,5,7,3,5,7,8,5,5,2,9,5,2,3,2,1,5,3,5,3,1,3,4,4,3,3,9,4,2,3,6,0,2,2,6,2,4,3,4,6,5,11,6,6,4,8,5,7,10,11,11,13,11,10,21,15,16,10,17,11,13,32,36,16,22,17,16,14,14,24,15,12,15,14,22,20,20,14,9,11,10,16,17,23,18,12,13,14,13,12,9,11,10,11,7,6,5,6,6,4,7,4,7,7,6,7,6,7,6,3,5,5,3,4,6,6,3,4,3,5,1
13,Manabí,1562079,1309,Montecristi,107785,-1.03333,-80.65,1,0,0,0,0,0,0,2,1,3,0,0,1,2,0,0,0,1,1,0,0,1,0,0,2,0,0,2,1,0,1,1,0,0,2,0,1,0,1,1,1,0,0,0,1,0,1,1,0,0,0,2,1,0,1,2,1,0,0,1,1,0,0,0,0,0,0,0,2,0,0,1,1,0,0,2,0,0,0,0,0,0,1,1,1,1,1,0,0,1,2,1,0,5,7,2,0,4,4,5,9,5,4,5,4,11,3,7,7,8,7,8,11,4,10,5,5,7,3,7,5,3,1,3,2,2,6,3,3,0,3,0,1,2,3,0,1,3,1,4,1,4,0,0,0,0,0,0,0,0,1,0,2,1,1,0,0,0,0,0,0,0,1,3,1,0,0,0,0
13,Manabí,1562079,1318,Olmedo,10194,-1.396111,-80.206111,0,0,0,0,1,1,0,0,0,0,0,0,0,0,1,0,1,1,0,2,1,0,0,0,0,0,0,0,0,0,1,0,0,0,1,0,0,0,0,0,0,0,0,0,1,0,0,1,0,0,0,0,0,0,0,0,0,0,0,0,0,0,0,0,0,0,0,0,0,0,0,0,2,0,0,0,0,0,0,0,0,0,0,0,0,0,0,0,0,1,0,0,0,0,0,0,0,0,0,0,1,0,0,0,0,0,1,0,0,0,0,1,0,0,0,0,0,1,0,0,0,0,0,0,0,0,0,0,0,0,0,0,0,0,0,0,0,0,0,0,0,0,0,0,0,0,0,0,0,0,0,0,0,0,0,0,0,0,0,0,0,0,0,0,0,0,0,0,0
13,Manabí,1562079,1310,Paján,37093,-1.57,-80.42,0,0,1,0,0,1,1,2,0,0,0,0,0,0,1,1,0,0,0,0,0,0,0,0,1,1,0,0,0,2,0,0,0,0,0,0,0,1,1,1,0,0,1,0,1,0,2,1,0,2,0,3,0,0,0,0,0,0,0,0,1,0,0,2,0,0,0,1,1,0,2,0,0,0,2,0,0,0,1,1,0,0,1,0,0,1,0,0,1,1,0,1,1,0,0,0,0,1,1,1,0,0,1,3,1,0,2,0,0,0,1,1,0,0,2,1,1,0,0,0,0,0,0,2,1,0,0,0,0,0,1,0,1,0,1,1,0,0,0,3,5,0,1,1,0,0,1,0,0,0,0,1,0,0,0,1,0,0,0,0,0,1,0,2,1,1,0,0,1
13,Manabí,1562079,1317,Pedernales,63441,0.07010000000000001,-80.0536,0,0,0,2,0,0,0,1,2,0,0,0,0,0,0,0,0,0,0,1,2,1,1,1,2,0,0,1,0,1,0,0,1,0,0,0,1,0,0,1,0,0,0,0,1,0,1,0,0,0,0,0,0,0,0,1,1,0,2,0,0,0,1,0,0,1,1,1,0,0,0,0,1,1,1,0,0,1,0,0,0,0,0,0,0,0,0,0,0,0,0,0,0,0,0,0,0,0,0,0,0,0,0,2,1,0,0,0,0,0,0,1,0,0,0,2,0,1,2,0,0,2,0,1,0,0,0,0,0,1,0,3,1,1,0,0,1,2,0,1,1,1,0,1,0,0,0,0,0,1,1,0,0,0,0,2,1,0,1,0,0,2,0,0,0,0,0,1,0
13,Manabí,1562079,1311,Pichincha,29599,-1.0473000000000001,-79.8186,0,0,0,0,0,0,0,1,1,0,0,0,0,0,0,0,0,0,0,0,0,0,1,0,0,0,0,0,0,0,1,0,0,0,1,0,0,0,0,0,0,0,0,0,0,0,0,0,0,0,0,0,0,0,0,1,0,0,0,0,0,0,0,0,0,0,1,0,0,1,0,0,0,0,0,0,1,0,0,0,0,0,0,0,0,0,0,0,0,0,0,0,0,0,0,0,1,0,0,0,1,1,1,0,0,0,0,0,0,0,0,0,0,0,0,0,0,0,0,0,0,0,1,0,0,1,0,0,1,0,0,0,1,0,0,0,0,0,0,0,0,0,0,0,0,1,0,1,1,0,0,1,1,0,0,0,0,0,1,0,1,1,0,0,0,0,0,1,0
13,Manabí,1562079,1301,Portoviejo,321800,-1.056181,-80.455217,8,5,5,8,6,4,7,6,9,7,4,3,7,6,3,4,6,6,6,8,2,6,6,8,5,6,2,3,8,6,7,6,6,9,6,3,7,9,2,5,4,4,9,8,5,6,2,6,4,5,6,9,3,7,2,7,5,5,4,4,1,1,4,7,3,1,7,8,10,5,7,6,8,4,4,3,3,2,5,8,3,6,4,2,4,2,5,1,8,5,14,8,10,10,15,24,22,16,15,8,13,16,20,23,12,13,13,14,15,9,13,15,10,12,15,13,16,11,7,9,12,12,13,11,13,10,18,9,5,18,12,11,12,7,14,8,14,9,8,7,8,6,10,7,6,11,15,9,5,13,7,8,7,5,6,9,7,7,7,6,6,8,10,5,6,6,5,3,0
13,Manabí,1562079,1319,Puerto López,24688,-1.566667,-80.816667,0,1,0,0,0,0,0,1,0,0,0,0,0,0,0,0,0,1,0,0,0,0,0,0,1,0,0,0,0,0,0,0,0,0,0,0,0,0,1,0,0,0,0,0,0,0,0,0,0,0,0,0,0,0,0,0,0,1,0,0,1,0,0,0,0,0,0,0,0,0,0,0,0,0,0,0,0,0,0,0,0,0,0,0,0,0,0,0,0,0,0,0,0,0,0,1,0,0,0,1,0,2,1,1,2,0,1,0,4,1,2,2,0,1,0,2,3,0,2,1,3,1,2,1,3,0,5,1,1,0,3,2,1,0,0,1,0,1,0,0,2,1,0,0,1,0,0,0,0,0,0,1,1,0,1,1,0,0,0,0,0,0,0,0,1,0,0,1,0
13,Manabí,1562079,1312,Rocafuerte,37312,-0.9199999999999999,-80.46,0,0,0,0,0,0,0,0,0,0,1,2,1,0,0,0,2,0,1,1,0,0,0,0,1,1,2,0,1,0,0,0,0,0,1,2,0,0,0,0,0,0,0,0,0,0,0,0,0,0,0,1,0,0,0,0,1,0,0,1,0,0,0,0,0,1,2,0,0,0,0,0,0,0,0,0,2,0,1,1,0,0,1,1,0,1,1,2,0,1,1,0,1,1,0,1,0,1,1,2,0,1,0,2,2,1,2,1,0,1,1,1,1,0,0,1,1,1,4,0,0,2,0,2,1,1,0,1,1,0,2,1,3,3,0,0,0,1,0,1,0,0,0,0,0,1,0,0,1,1,0,0,0,0,0,1,0,1,0,0,1,3,0,0,1,0,0,0,0
13,Manabí,1562079,1322,San Vicente,24799,-0.5892999999999999,-80.4088,0,1,0,0,0,1,0,0,0,0,1,0,1,0,0,1,0,0,0,0,0,0,0,0,1,0,0,0,1,0,0,1,1,0,0,0,0,0,0,0,0,0,1,0,0,1,0,0,1,0,1,0,0,0,0,0,0,0,1,1,0,0,0,0,1,0,0,1,0,0,0,0,0,0,1,0,0,0,0,0,0,0,0,0,0,0,0,0,0,0,1,0,1,0,0,0,0,0,0,0,0,1,1,0,1,0,0,1,0,0,0,1,0,0,0,0,0,0,0,0,0,0,2,0,0,0,0,0,0,1,0,0,0,1,0,0,0,0,0,0,0,0,0,0,0,0,0,2,0,0,0,0,1,1,0,0,0,1,0,0,0,0,0,0,0,0,0,0,0
13,Manabí,1562079,1313,Santa Ana,48152,-1.2069,-80.3709,0,1,0,0,0,0,0,2,0,0,1,1,0,1,0,0,0,1,0,0,0,2,1,0,1,0,0,0,0,0,0,0,0,0,2,0,0,0,1,0,0,1,0,1,1,0,0,0,0,0,2,0,0,0,0,0,1,0,0,2,0,1,0,0,0,0,0,0,0,0,1,0,0,1,0,1,0,0,0,0,1,0,0,1,0,0,0,1,0,0,1,0,0,0,0,0,0,0,0,0,1,0,0,0,0,1,4,0,1,0,1,1,0,0,0,0,0,0,0,0,0,0,0,0,0,1,0,1,1,0,0,0,1,0,1,0,0,1,0,1,1,0,0,0,0,1,0,1,1,0,0,1,0,1,0,0,0,0,0,0,0,0,0,0,0,0,0,0,0
13,Manabí,1562079,1314,Sucre,62443,-0.6,-80.416667,1,2,0,0,1,0,0,0,1,1,1,0,0,2,0,1,0,0,0,0,0,0,0,0,1,1,2,0,0,0,0,1,0,2,0,0,0,3,1,0,1,2,0,1,0,0,1,0,1,1,0,0,1,0,0,0,1,1,0,0,1,1,1,0,1,1,0,1,0,0,0,1,1,0,2,2,0,2,0,1,0,0,0,0,1,0,0,1,1,2,0,1,0,1,1,2,1,0,0,1,2,0,1,2,2,0,0,1,3,1,2,2,0,1,0,0,1,5,0,4,1,0,2,1,0,2,1,0,1,1,1,0,0,1,1,0,1,2,0,0,0,4,0,2,3,1,1,1,2,0,2,0,2,1,2,0,4,2,1,0,1,0,0,0,1,3,1,0,0
13,Manabí,1562079,1315,Tosagua,42297,-0.78,-80.26,0,0,1,3,0,0,0,2,0,1,0,1,0,0,0,0,1,0,1,0,1,0,0,1,1,0,1,0,0,1,1,1,0,0,0,2,1,1,1,0,0,0,0,0,0,0,0,1,1,0,0,1,0,0,0,0,1,1,0,0,0,0,0,0,0,0,0,2,0,0,0,3,0,1,0,0,0,0,0,0,0,0,1,0,0,0,0,0,1,1,0,0,0,1,0,1,0,0,1,1,0,1,0,2,0,1,0,0,0,1,0,1,0,0,0,0,0,1,0,1,0,0,1,0,0,1,1,0,0,1,2,2,0,0,1,0,0,1,0,0,2,2,0,1,0,0,1,0,2,2,0,0,0,0,2,0,1,1,0,0,2,1,1,1,0,0,0,0,0
13,Manabí,1562079,1316,Veinticuatro de Mayo,28514,-1.2788890000000002,-80.42,0,2,0,1,0,2,0,2,0,1,0,0,1,0,0,0,0,0,1,0,0,0,0,0,0,0,0,0,1,0,0,0,0,1,1,0,2,0,0,0,0,1,2,0,0,0,0,0,0,0,0,0,1,0,0,1,0,1,0,1,0,0,0,1,0,0,0,0,0,1,0,0,0,0,1,1,0,0,0,0,0,0,0,0,1,0,1,0,2,1,1,0,1,0,1,0,1,0,0,0,0,1,0,0,1,0,0,0,0,1,0,0,0,0,1,3,0,1,1,0,0,0,0,1,0,0,0,1,2,0,0,0,0,1,1,1,0,0,1,0,1,0,0,1,0,0,0,0,1,0,0,0,0,0,0,1,1,0,0,2,0,0,0,0,0,0,0,0,0
14,Morona Santiago,196535,1402,Gualaquiza,19555,-3.3800000000000003,-78.58,0,0,0,0,0,0,1,0,0,0,0,1,0,0,0,0,0,0,0,0,0,0,0,0,0,0,0,0,1,1,0,0,0,0,0,0,0,0,0,0,0,0,0,0,0,1,0,0,0,0,0,0,1,0,0,0,0,0,0,1,0,0,0,1,1,1,0,0,0,1,0,0,0,0,0,0,0,0,0,0,0,0,0,0,0,0,0,0,0,0,0,0,0,0,0,0,0,0,1,0,0,1,0,0,0,0,0,0,0,0,0,0,0,0,0,0,0,0,1,0,0,0,0,0,0,0,1,0,0,0,0,0,0,0,0,0,0,0,0,0,0,0,0,0,0,0,0,1,0,0,1,0,0,0,2,1,1,0,0,1,0,0,0,0,1,0,0,0,0
14,Morona Santiago,196535,1407,Huamboya,12382,-1.7850000000000001,-78.231944,0,0,0,0,0,0,0,0,0,0,0,0,0,1,0,0,0,0,0,0,0,0,0,0,0,0,0,1,0,0,0,1,0,0,0,0,0,0,0,0,0,0,0,0,0,0,0,0,0,0,0,1,1,0,0,0,0,0,0,0,0,0,0,1,0,0,1,0,0,0,0,0,0,0,0,0,0,0,0,0,0,0,0,0,0,0,0,0,0,0,0,0,0,0,0,0,0,0,0,0,0,0,0,0,0,0,0,0,0,0,0,0,0,0,0,0,0,0,0,0,0,0,0,0,0,0,0,0,0,0,0,0,0,0,0,0,0,0,0,0,0,0,0,0,0,0,0,0,0,0,0,1,0,0,0,0,0,0,0,0,0,2,0,0,0,1,0,0,0
14,Morona Santiago,196535,1403,Limón Indanza,10349,-2.96625,-78.430528,1,0,0,0,0,0,0,0,0,0,0,0,0,0,0,0,0,1,0,0,0,0,0,0,0,0,0,0,0,0,0,0,0,0,0,0,0,0,0,0,0,0,0,0,0,0,0,0,0,0,0,1,0,0,0,0,0,0,0,0,0,0,0,0,0,0,0,0,0,0,0,0,0,1,0,0,0,0,0,0,1,0,0,0,0,0,0,0,0,0,0,0,0,0,0,0,0,0,0,0,1,0,0,0,0,0,0,0,1,0,0,0,0,0,0,0,0,0,0,0,0,0,0,0,0,0,0,1,0,0,0,0,0,0,0,0,0,0,0,0,0,0,0,0,0,0,0,0,0,0,0,0,0,0,0,0,0,0,0,0,0,0,0,0,0,0,0,0,0
14,Morona Santiago,196535,1410,Logroño,7643,-2.6248,-78.1896,0,0,0,0,0,0,0,0,0,0,0,0,0,0,0,0,0,0,0,0,0,0,0,0,0,0,0,0,0,0,0,0,0,0,1,0,0,0,0,0,0,0,0,0,0,0,0,0,0,0,0,0,0,0,0,0,0,0,0,0,0,0,0,0,0,0,0,0,0,0,0,0,0,0,0,0,0,0,0,0,0,0,0,0,0,0,0,0,0,0,0,0,0,0,0,0,0,0,0,0,0,0,0,0,0,0,0,0,0,0,0,0,0,0,0,0,0,0,0,0,0,0,0,0,0,0,0,0,0,0,0,0,0,0,0,0,0,0,0,0,0,0,0,0,0,0,0,1,0,0,1,0,0,0,0,0,0,0,0,0,0,0,0,0,1,0,0,0,0
14,Morona Santiago,196535,1401,Morona,58281,-2.3000000000000003,-78.116667,2,0,0,0,0,2,1,2,0,1,1,2,0,0,0,0,2,2,0,1,1,0,0,2,0,1,0,0,0,0,0,1,1,2,1,1,1,0,1,2,1,0,1,0,1,1,0,0,0,0,1,1,1,0,0,0,0,0,0,0,0,1,0,1,2,0,0,0,3,0,0,1,0,1,1,0,0,0,1,0,0,0,0,0,0,0,0,0,1,2,1,1,1,0,2,0,0,0,0,1,1,0,0,0,1,0,0,2,1,1,0,2,1,0,0,1,0,0,1,0,0,0,0,0,0,0,0,1,0,2,0,1,0,0,1,0,0,1,0,1,1,0,2,0,0,0,0,1,1,2,1,2,0,1,1,2,0,0,0,3,1,1,0,0,1,2,1,2,1
14,Morona Santiago,196535,1411,Pablo Sexto,2897,-1.8030560000000002,-77.921111,0,0,0,0,0,0,0,0,0,0,0,0,0,0,0,0,0,0,0,0,0,0,0,0,0,0,0,0,0,0,0,1,0,0,0,0,0,0,0,0,0,0,0,0,0,0,0,0,0,0,0,0,0,0,0,0,0,0,1,0,0,0,0,0,0,0,0,0,0,0,0,0,0,0,0,0,0,0,0,0,0,0,0,0,0,0,0,0,0,0,0,0,0,0,0,0,0,0,0,0,0,0,0,0,0,0,0,0,0,0,0,0,0,0,0,0,0,0,0,0,0,0,0,0,0,0,0,0,0,0,0,0,0,0,0,0,0,0,0,0,0,0,0,0,0,0,0,0,0,0,0,0,0,0,0,0,0,0,0,0,0,0,0,0,0,0,0,0,0
14,Morona Santiago,196535,1404,Palora,7719,-1.7000000000000002,-77.94,0,0,0,0,0,0,0,1,0,0,0,0,0,0,0,0,0,0,0,0,0,0,0,1,0,0,0,0,0,0,0,0,0,0,0,0,0,0,0,0,0,0,0,0,0,1,0,0,0,0,0,0,0,0,0,0,0,0,0,0,0,1,0,0,1,0,0,0,0,0,0,0,0,0,0,0,0,0,0,0,0,0,0,0,0,0,0,0,0,0,0,0,0,0,0,0,0,0,0,0,0,0,0,0,0,0,0,0,0,0,0,0,0,0,0,0,0,0,0,0,0,0,0,0,0,0,0,0,0,0,0,1,0,0,0,0,0,0,0,0,0,0,0,0,0,0,0,0,1,0,0,0,0,0,0,0,1,0,1,0,0,0,0,1,0,0,0,0,0
14,Morona Santiago,196535,1405,Santiago,11087,-3.4298,-78.5656,1,0,0,0,0,0,0,0,0,0,1,0,0,0,0,1,0,0,0,0,0,0,0,0,0,0,0,0,0,0,0,0,0,0,0,0,0,0,0,0,0,0,0,0,0,0,1,0,0,0,0,0,0,0,0,0,0,0,0,0,0,1,0,0,0,0,0,0,0,0,0,0,0,0,0,0,0,0,0,0,0,0,0,0,0,0,2,0,0,0,0,0,0,0,0,0,0,0,0,0,0,0,0,0,0,0,1,0,0,0,0,0,0,0,0,0,0,0,0,0,0,0,0,0,0,0,0,0,0,0,0,0,0,0,0,0,0,0,0,0,0,0,0,0,0,0,0,0,0,1,0,0,0,0,0,0,0,0,1,0,1,0,0,0,0,0,0,0,0
14,Morona Santiago,196535,1406,Sucúa,23823,-2.4600000000000004,-78.17,0,0,0,0,1,0,1,0,1,1,0,0,2,0,1,0,1,0,0,2,0,0,0,0,0,0,0,1,0,0,0,0,2,0,0,0,0,0,0,0,1,0,2,0,1,0,0,0,0,0,1,1,0,1,0,1,0,0,1,0,0,1,0,0,2,0,0,0,0,0,0,0,0,0,0,0,0,0,0,0,1,0,0,1,0,0,0,0,0,0,0,1,1,0,1,0,0,0,0,0,0,0,0,0,0,0,0,1,0,0,0,0,1,0,0,0,0,0,0,0,0,0,0,0,0,0,0,0,0,0,0,1,0,0,1,1,0,0,0,0,0,0,0,0,0,0,1,2,0,1,1,0,0,0,0,0,0,0,0,0,1,0,0,0,1,0,0,0,0
14,Morona Santiago,196535,1409,Taisha,26773,-2.33995,-77.45808,0,0,0,0,1,0,0,0,1,0,0,0,0,0,0,0,0,0,0,0,0,1,0,0,0,0,0,1,0,0,0,0,0,0,0,1,0,0,0,0,0,1,0,1,1,0,0,0,0,0,1,1,0,0,0,0,0,0,1,0,0,0,0,0,0,0,0,0,0,0,0,0,0,0,0,0,0,0,0,0,0,0,0,0,0,0,0,0,0,1,0,0,0,0,0,0,0,0,0,0,0,0,0,0,0,0,0,0,0,0,0,0,0,0,0,0,0,0,0,0,0,0,0,0,0,0,0,0,0,0,0,0,0,0,0,0,0,0,1,0,0,0,0,0,0,0,0,0,0,0,0,0,0,0,1,0,0,0,0,0,0,0,1,0,0,0,0,0,0
14,Morona Santiago,196535,1412,Tiwintza,11041,-2.91767,-77.8017,0,0,0,0,0,0,0,0,0,0,0,0,0,0,0,0,0,1,0,0,0,0,0,0,0,0,0,0,0,0,0,0,1,0,0,0,0,0,0,0,0,0,0,0,0,0,0,0,0,0,0,0,0,0,0,0,0,0,0,0,0,0,0,0,0,0,0,0,0,0,0,0,0,0,0,0,0,0,0,0,0,0,0,0,0,0,0,0,0,0,0,0,0,0,0,0,0,0,0,0,0,0,0,0,0,0,0,0,0,0,0,0,0,0,0,0,0,0,0,0,0,0,0,0,0,0,0,0,0,0,0,0,0,0,0,0,0,0,0,0,0,0,0,0,0,0,0,0,0,0,0,0,0,0,0,0,0,0,0,0,0,0,0,0,0,0,0,0,0
15,Napo,133705,1503,Archidona,33068,-0.916667,-77.783333,2,0,0,0,1,0,0,0,1,1,0,0,0,0,0,0,0,1,0,0,0,0,0,1,0,1,0,0,0,0,0,0,0,0,0,0,1,0,0,0,0,0,1,0,0,0,0,0,2,0,0,1,0,0,1,0,0,0,1,0,0,0,0,0,0,0,0,0,0,0,0,0,0,0,0,0,0,0,0,0,0,0,0,0,0,0,0,0,0,0,1,0,0,0,0,0,0,0,2,0,0,0,0,1,0,1,0,1,0,0,0,0,1,1,0,1,0,0,0,0,1,0,0,0,0,1,0,0,0,0,0,1,0,0,2,0,0,1,0,0,0,1,0,1,0,1,1,1,0,1,0,0,0,1,0,0,2,1,0,0,1,0,1,1,0,0,0,1,0
15,Napo,133705,1509,Carlos Julio Arosemena Tola,4466,-1.1666670000000001,-77.85,0,0,0,0,0,0,0,0,0,0,0,0,0,0,0,0,0,0,0,0,0,0,0,0,0,0,0,0,0,0,0,0,0,0,0,0,0,0,0,0,0,0,0,0,0,0,0,0,0,0,0,0,0,0,0,0,0,0,0,0,0,0,0,0,0,0,0,0,0,0,0,0,0,0,0,0,0,0,0,0,0,0,0,0,0,0,0,0,0,0,0,0,0,0,0,0,0,0,0,0,0,0,0,0,0,0,0,0,0,0,0,0,0,0,0,0,0,0,0,0,0,0,0,0,0,0,0,0,0,0,0,0,0,0,0,0,0,0,0,0,0,1,0,0,0,0,0,0,0,0,0,0,0,0,0,0,0,0,1,0,0,0,0,0,0,0,0,0,0
15,Napo,133705,1504,El Chaco,10142,-0.34027799999999997,-77.808889,0,0,0,0,0,0,0,0,0,0,0,0,0,0,0,0,0,0,0,0,0,0,0,0,0,0,0,0,0,0,0,0,0,0,0,0,0,0,0,0,0,0,0,0,0,1,0,0,0,0,0,0,0,0,0,0,0,0,0,0,0,0,0,0,0,0,0,0,0,0,0,0,0,0,0,0,0,0,0,0,0,0,0,0,0,0,0,0,0,0,0,0,0,0,0,0,0,0,0,0,0,0,0,0,0,0,0,0,0,0,0,0,0,0,0,0,0,1,0,0,0,0,0,0,0,0,0,0,0,0,0,0,0,0,0,0,0,0,0,0,0,1,0,0,0,0,0,0,0,0,0,0,0,0,0,0,0,0,0,0,0,0,0,0,0,0,0,0,0
15,Napo,133705,1507,Quijos,6847,-0.463611,-77.892778,1,0,0,0,0,0,0,0,0,0,1,0,0,1,0,1,0,1,0,0,0,0,0,0,0,0,0,0,0,0,0,0,0,0,0,0,0,0,0,0,0,0,0,0,0,0,0,0,0,0,0,1,0,0,0,1,0,0,0,0,0,0,0,0,0,0,0,0,0,0,0,0,0,0,1,0,1,0,0,0,0,1,0,0,0,0,0,0,0,1,0,0,1,0,0,0,0,0,0,0,0,0,0,0,0,0,0,0,1,0,0,1,0,0,0,0,0,1,0,0,0,0,0,0,0,0,0,0,0,0,0,0,0,0,0,0,0,0,0,0,0,0,0,0,0,0,0,0,0,0,0,0,0,0,0,0,0,0,0,0,0,1,0,0,0,1,0,0,0
15,Napo,133705,1501,Tena,79182,-0.989,-77.8159,0,1,2,1,1,0,0,0,1,1,2,1,1,2,1,0,0,0,0,1,1,0,1,0,0,0,0,3,0,1,1,0,0,1,0,0,0,1,3,1,2,1,0,0,0,0,0,1,0,2,0,0,0,0,0,1,0,3,2,1,0,1,0,0,0,0,0,0,0,1,0,0,0,0,0,1,1,0,0,0,0,1,0,0,0,0,0,0,1,0,2,1,0,0,0,1,1,0,1,1,0,0,0,0,0,0,0,1,2,1,1,1,1,0,0,0,0,0,0,2,3,1,1,0,0,4,1,2,0,2,0,1,1,1,4,2,4,2,0,2,0,2,1,0,1,2,2,0,0,3,1,2,1,2,1,4,0,0,1,5,1,0,4,2,2,0,0,1,0
22,Orellana,161338,2202,Aguarico,3629,-0.921111,-75.399167,0,0,0,0,0,0,0,0,0,0,0,0,0,0,0,0,0,0,0,0,0,0,0,0,0,1,0,0,0,0,0,0,0,0,0,0,0,0,0,0,0,0,0,0,0,0,0,0,0,0,0,0,0,0,0,0,0,0,0,0,0,0,1,0,0,0,0,0,0,0,0,0,0,0,0,0,0,0,0,0,0,0,0,0,0,0,0,0,0,0,0,0,0,0,0,0,0,0,0,0,0,0,0,0,0,0,0,0,0,0,0,0,0,0,0,0,0,0,0,0,0,0,0,0,0,0,0,0,0,0,0,0,0,0,0,0,0,0,0,0,0,0,0,0,0,0,0,0,0,0,0,0,0,0,0,0,0,0,0,0,1,0,0,0,0,0,0,0,0
22,Orellana,161338,2203,La Joya de los Sachas,39352,-0.3,-76.85,2,0,0,0,1,0,2,0,1,0,1,0,0,1,1,0,0,0,0,0,1,0,0,0,0,0,0,0,0,0,0,0,0,0,1,0,0,0,0,0,0,1,0,0,0,0,0,0,0,0,0,1,2,0,1,0,0,0,0,1,1,1,0,0,0,0,0,2,0,0,0,0,0,1,0,0,0,0,0,0,0,0,0,0,0,0,0,0,0,0,0,0,0,0,0,1,0,0,0,0,2,0,0,0,0,0,0,0,2,0,0,1,0,0,0,0,0,0,0,0,0,0,1,0,0,1,0,0,0,0,0,0,0,2,0,0,2,0,0,0,0,0,0,0,0,1,0,0,0,0,0,0,0,0,0,0,0,0,0,0,0,0,0,0,0,0,0,0,0
22,Orellana,161338,2204,Loreto,24579,-0.6904,-77.3083,2,0,1,0,0,1,1,0,0,0,0,0,0,0,0,0,1,0,1,0,1,0,0,0,0,0,0,0,0,0,0,0,0,0,0,0,1,1,0,0,0,1,0,0,0,0,0,1,0,0,0,0,0,0,0,0,0,0,0,0,1,0,0,0,0,0,0,0,0,0,0,0,2,0,0,1,0,0,0,0,0,0,0,0,1,0,0,0,0,0,0,0,0,0,0,0,0,0,0,0,0,0,1,0,0,0,0,0,0,0,2,0,0,0,0,0,0,0,1,0,0,0,0,0,0,0,0,0,0,0,0,0,1,0,0,1,1,0,0,0,0,1,0,0,0,0,0,0,0,0,0,0,0,0,1,1,0,0,1,0,0,0,0,0,0,0,0,0,0
22,Orellana,161338,2201,Orellana,93778,-0.466667,-76.966667,1,1,0,2,0,0,1,1,0,0,1,1,0,2,1,0,1,1,2,1,0,0,0,2,1,1,1,0,0,2,0,0,0,0,0,1,1,1,0,1,0,0,1,0,0,2,0,0,0,0,1,0,0,2,1,2,0,1,1,0,0,0,0,2,1,2,0,1,0,0,1,0,0,0,0,1,1,0,0,1,0,1,0,0,1,0,0,0,0,1,0,1,0,0,0,0,0,0,0,1,3,0,0,0,1,1,0,1,0,2,1,0,1,0,2,0,0,0,1,1,1,1,1,1,0,1,0,3,1,0,1,2,0,0,0,1,1,0,1,0,0,0,0,1,1,0,0,3,0,1,1,2,0,1,0,3,2,0,2,1,0,2,1,0,1,0,1,0,0
16,Pastaza,114202,1604,Arajuno,8128,-1.2343700000000002,-77.6875,1,0,0,0,0,0,0,0,0,0,0,0,0,0,0,0,0,0,0,0,0,0,0,0,1,0,0,0,0,0,0,0,0,0,0,0,0,1,0,0,1,0,0,0,0,0,0,0,0,0,0,0,0,0,0,0,0,0,0,0,0,0,0,0,0,0,0,0,0,0,0,0,0,0,0,0,0,0,0,0,0,0,0,0,0,0,0,0,0,0,0,0,0,1,0,0,0,0,0,0,0,0,0,0,0,0,0,0,0,0,0,0,0,0,0,0,0,0,0,0,0,0,0,0,0,0,0,0,0,0,0,0,0,0,0,0,0,0,0,0,0,0,0,0,0,0,0,0,0,0,0,0,0,0,0,0,1,0,0,0,0,0,0,0,0,0,0,0,0
16,Pastaza,114202,1602,Mera,17547,-1.4600000000000002,-78.09,0,0,1,0,0,0,0,0,0,0,0,0,0,0,0,0,0,0,0,0,0,0,0,0,0,0,0,0,0,0,0,0,0,0,0,0,0,0,0,0,0,0,0,0,0,0,0,0,0,0,0,2,0,0,0,1,0,0,0,0,0,1,0,0,0,0,0,0,0,0,0,0,0,0,0,0,0,0,0,0,0,0,0,0,0,0,0,0,0,0,0,0,0,1,0,0,0,0,0,0,0,0,0,0,0,0,0,0,0,0,0,0,0,0,0,0,0,0,0,0,0,0,0,0,0,0,0,0,0,0,0,0,0,0,0,0,0,0,0,0,0,0,0,0,0,0,0,0,0,0,0,0,0,0,0,0,0,0,0,0,0,0,0,0,0,0,0,1,0
16,Pastaza,114202,1601,Pastaza,84377,-1.066667,-78.001111,1,1,0,0,1,0,1,2,3,1,1,0,3,2,0,1,1,0,1,0,2,0,0,2,1,1,0,0,5,0,0,0,0,0,1,0,0,1,0,2,0,0,2,1,0,5,2,0,1,0,2,0,1,1,0,6,1,0,0,1,1,1,2,1,0,0,1,1,0,1,2,0,0,0,2,1,0,0,1,1,0,1,0,1,0,0,0,2,0,1,1,0,3,1,0,0,0,0,0,1,0,0,2,0,0,0,0,1,0,2,0,1,0,1,0,1,3,2,1,0,0,1,1,2,0,1,0,0,0,2,2,0,0,0,1,1,1,0,1,0,0,1,0,0,0,1,0,1,0,0,0,3,0,0,1,1,0,0,2,1,1,0,0,0,0,2,1,1,0
16,Pastaza,114202,1603,Santa Clara,4150,-1.2671000000000001,-77.8882,0,0,0,0,0,0,0,0,0,0,0,0,0,1,0,0,0,0,0,0,0,0,0,0,0,0,0,0,0,0,0,0,0,0,0,0,0,0,0,0,0,0,0,0,0,0,0,0,0,0,0,0,1,0,0,0,0,0,0,0,0,0,0,0,0,0,0,0,0,0,0,0,0,0,0,0,0,0,0,0,0,0,0,0,0,0,0,0,0,0,0,0,0,0,0,0,0,0,0,0,0,1,0,0,0,0,0,0,0,0,0,1,0,0,0,0,0,0,0,0,0,0,0,0,0,0,1,0,0,0,0,0,0,0,0,0,0,0,0,0,0,0,0,0,0,0,0,0,0,0,0,0,0,0,1,0,0,0,0,0,0,0,0,0,0,0,0,0,0
17,Pichincha,3228233,1702,Cayambe,107660,0.043889000000000004,-78.1561,2,0,1,0,1,2,2,1,0,0,0,3,0,1,0,0,0,0,0,2,0,1,1,0,0,0,0,1,1,2,0,1,1,1,0,1,0,1,1,1,0,0,1,1,0,1,2,2,2,1,0,2,0,0,1,0,0,1,0,0,1,0,0,1,0,1,0,1,1,1,0,0,1,0,0,1,1,1,0,0,0,0,0,1,0,1,0,2,0,0,0,1,1,0,2,0,0,1,0,2,0,0,2,1,0,1,0,1,0,0,0,0,2,0,2,0,2,0,1,1,0,0,0,0,0,2,0,0,1,1,3,0,1,3,1,0,0,0,1,1,1,0,1,1,0,0,0,2,0,0,2,0,0,0,0,2,2,1,4,0,0,0,1,1,1,1,0,2,0
17,Pichincha,3228233,1703,Mejía,108167,-0.5101,-78.5698,2,1,1,1,1,0,1,0,0,0,1,0,1,0,1,1,1,1,2,1,1,1,1,2,0,2,1,2,1,0,0,0,0,2,1,0,0,2,2,0,1,1,1,0,3,1,1,1,0,1,1,2,0,3,0,1,2,0,3,1,1,0,0,1,1,0,0,1,0,0,2,0,0,1,1,0,1,0,0,1,0,1,0,0,1,0,2,2,2,1,0,3,0,0,0,1,2,0,0,0,2,2,0,0,0,2,0,2,0,0,1,3,0,0,1,0,0,4,0,0,0,4,0,2,3,0,2,2,2,0,0,0,2,1,0,2,3,0,1,0,2,1,0,1,0,0,2,1,1,0,1,0,0,1,2,2,0,0,3,4,0,1,4,1,2,1,2,1,1
17,Pichincha,3228233,1704,Pedro Moncayo,43281,0.043697,-78.34924,0,0,0,1,0,0,0,0,0,0,0,1,0,0,0,0,0,2,0,0,0,0,0,1,0,0,1,0,0,0,0,0,0,0,0,1,1,0,0,0,0,0,0,0,0,0,0,1,0,0,1,0,0,0,1,0,0,0,1,0,0,1,0,1,1,0,0,0,0,0,0,0,0,0,0,0,0,0,0,0,0,0,0,0,1,0,1,0,1,1,0,0,0,0,0,0,0,0,0,0,0,0,0,1,0,1,0,0,0,0,0,0,0,0,0,0,0,2,0,0,0,0,0,0,0,0,0,1,1,0,0,0,0,0,0,0,2,0,0,1,0,1,0,0,0,0,0,0,1,0,0,0,1,0,0,0,1,1,0,0,0,0,0,0,0,0,0,0,0
17,Pichincha,3228233,1708,Pedro Vicente Maldonado,17171,0.166667,-79,0,0,1,0,0,0,0,0,1,0,0,0,0,0,0,0,0,0,0,0,1,0,0,0,1,0,0,0,0,0,0,0,0,0,0,0,0,0,0,0,0,0,0,0,0,0,0,0,0,0,0,0,0,0,1,0,0,0,0,0,0,0,0,0,0,0,0,0,0,0,0,0,0,0,0,0,0,0,0,0,1,0,0,0,0,0,0,0,0,0,0,0,0,0,0,0,0,0,0,1,0,0,0,0,0,1,0,0,0,0,0,0,0,0,0,0,0,0,0,0,1,0,0,0,0,0,0,0,0,0,0,0,0,0,0,0,0,0,0,0,0,0,0,0,0,0,0,0,0,0,0,0,0,0,0,0,0,0,1,1,0,0,0,0,0,0,0,0,0
17,Pichincha,3228233,1709,Puerto Quito,24911,0.11699999999999999,-79.264,0,0,0,0,0,0,2,0,0,0,0,0,1,0,1,0,0,1,0,0,0,0,0,0,0,1,0,0,0,1,0,0,0,0,0,0,0,0,0,0,0,1,0,1,2,0,1,1,0,0,1,0,0,0,0,0,0,0,0,0,0,1,0,0,0,0,0,0,0,0,1,1,0,0,0,0,0,0,0,0,0,0,1,0,0,1,0,0,0,0,0,0,0,0,0,0,0,0,0,1,0,0,1,0,1,0,1,0,0,0,0,1,0,0,0,0,0,0,1,0,1,0,2,0,0,0,0,0,0,0,0,0,0,0,0,0,0,0,0,0,0,1,0,0,0,0,1,0,0,1,0,0,0,0,0,0,0,0,1,0,0,0,0,0,0,0,0,0,0
17,Pichincha,3228233,1701,Quito,2781641,-0.218611,-78.509722,35,35,43,45,35,35,34,30,37,36,39,43,33,35,44,24,44,42,24,39,39,28,20,39,41,40,34,37,34,27,42,32,30,39,23,40,32,39,29,44,30,44,32,36,46,39,48,34,36,31,35,34,46,36,32,38,30,31,38,50,29,35,25,27,36,38,27,40,34,35,39,38,22,28,34,34,26,35,26,24,26,38,25,31,34,32,35,43,36,42,38,48,46,42,33,32,42,41,35,35,40,34,48,41,36,41,40,37,32,27,51,38,40,32,48,40,40,40,49,46,41,38,39,49,43,51,56,42,35,41,42,49,38,53,35,49,39,54,39,52,52,51,44,56,59,52,48,50,58,62,54,41,59,58,50,49,44,39,43,52,51,49,59,56,56,48,54,42,26
17,Pichincha,3228233,1705,Rumiñahui,115433,-0.3345,-78.4475,4,0,1,0,1,0,0,0,2,1,1,1,1,2,0,3,0,0,0,1,1,0,0,1,0,0,1,0,3,2,3,0,3,1,0,0,2,0,1,0,0,0,1,2,2,1,1,3,0,0,0,0,0,1,3,1,0,2,0,0,3,1,1,1,0,1,1,1,2,3,2,0,0,1,2,0,1,0,0,1,0,1,2,3,2,1,2,3,2,1,0,0,1,1,1,0,0,0,1,0,0,0,1,0,3,0,3,2,0,1,2,0,0,0,0,1,3,0,0,0,1,0,1,2,0,3,1,0,0,3,1,1,0,0,0,1,1,4,1,1,1,1,0,3,0,0,0,0,1,3,4,0,2,3,1,1,0,1,2,3,3,2,0,2,1,2,2,5,0
17,Pichincha,3228233,1707,San Miguel de Los Bancos,29969,0.023000000000000003,-78.892,0,0,0,0,0,0,0,0,0,0,0,0,0,0,1,0,0,1,0,0,0,1,0,0,0,0,0,0,0,0,0,0,0,1,0,0,0,0,0,0,1,0,0,0,0,0,0,0,0,0,0,0,0,0,0,0,0,0,0,0,0,0,0,0,0,0,0,0,0,0,0,1,0,1,0,0,0,0,0,0,0,0,1,0,0,0,0,0,0,0,0,0,0,0,0,0,0,0,0,0,0,0,0,0,0,0,0,0,0,0,0,0,0,0,0,0,0,0,0,0,0,0,0,0,0,0,0,0,0,0,1,0,0,0,0,0,0,0,0,0,0,0,0,0,0,0,0,1,0,1,0,0,0,0,0,0,0,0,0,1,0,0,0,0,0,1,0,0,0
24,Santa Elena,401178,2402,La Libertad,117767,-2.233333,-80.9,1,2,1,1,2,0,1,1,1,1,0,0,2,1,0,1,0,1,0,0,2,0,3,0,0,1,0,3,1,0,0,0,3,0,0,1,1,0,1,0,1,2,0,1,1,0,0,1,1,0,1,4,2,2,1,0,0,0,0,0,1,1,1,0,1,2,3,0,1,1,0,1,1,0,1,1,0,0,1,1,0,0,1,0,3,2,2,2,4,4,3,8,10,7,12,10,10,8,12,14,16,10,8,13,9,12,11,6,5,13,7,6,7,4,7,5,3,5,5,6,4,2,2,2,5,2,6,1,1,3,0,1,2,2,0,0,1,1,2,1,1,4,0,4,1,1,0,1,2,3,0,2,0,2,2,0,2,1,1,0,0,0,0,1,0,3,1,0,0
24,Santa Elena,401178,2403,Salinas,94590,-2.216667,-80.95,0,0,1,0,1,1,2,1,1,0,2,0,1,3,0,0,0,0,1,0,0,1,2,0,0,0,0,1,1,0,1,0,0,1,0,0,0,1,1,0,0,1,0,1,1,4,2,2,0,1,1,0,1,0,1,1,3,0,0,1,0,0,1,1,1,0,1,1,1,0,1,0,1,0,0,2,1,0,0,0,1,1,1,1,1,0,3,0,1,1,4,3,5,4,3,3,4,4,3,6,5,2,10,4,3,5,6,5,5,5,3,4,4,3,2,2,2,3,6,3,2,6,3,3,2,0,3,5,1,1,4,1,2,2,0,3,2,2,3,5,1,0,2,2,3,1,0,0,1,2,0,1,1,2,0,2,0,0,2,1,2,2,3,1,0,0,1,3,0
24,Santa Elena,401178,2401,Santa Elena,188821,-2.2267,-80.8583,3,1,2,3,0,1,1,2,1,2,2,3,1,2,0,5,3,4,1,1,4,3,4,4,1,3,5,2,3,2,1,7,1,2,2,0,0,2,0,1,3,2,0,2,2,3,2,3,3,2,2,5,1,5,5,3,5,2,3,0,2,3,2,3,0,1,4,2,2,2,0,3,1,0,1,2,4,1,2,1,0,4,2,3,3,4,8,10,11,6,12,18,12,23,23,16,23,27,27,31,30,37,27,25,30,36,32,20,16,19,18,16,15,18,13,22,20,17,16,16,12,11,22,13,12,13,13,6,12,8,4,9,11,5,6,6,6,2,2,4,8,6,8,2,8,7,7,4,5,7,2,0,5,1,3,2,0,2,3,3,3,1,4,2,2,1,1,1,0
23,Sto. Domingo Tsáchilas,511151,2302,La Concordia,52571,0.0023,-79.3846,0,1,0,0,0,1,1,0,0,0,0,0,0,0,1,1,0,1,0,0,0,0,0,1,3,0,1,0,1,0,0,1,1,0,0,2,1,0,0,1,0,1,0,0,0,0,1,1,0,0,1,0,1,0,0,0,0,1,1,0,1,0,0,0,1,0,0,0,0,0,0,0,0,1,0,1,0,0,0,0,0,0,0,0,0,0,0,0,1,0,0,0,0,1,0,1,0,0,0,0,0,1,0,1,1,1,0,0,1,0,0,0,0,0,0,0,0,1,0,0,0,1,0,0,0,1,1,0,0,0,2,2,0,0,0,0,0,0,0,0,0,0,0,0,1,1,0,2,1,0,1,1,1,0,0,2,0,1,0,0,1,1,0,0,0,1,2,0,0
23,Sto. Domingo Tsáchilas,511151,2301,Santo Domingo,458580,-0.254167,-79.171944,4,9,2,9,4,9,9,9,5,4,6,5,5,5,11,8,6,5,4,7,4,7,11,2,8,4,5,7,7,8,3,3,8,7,4,4,5,8,4,7,6,8,9,8,6,2,10,3,6,8,4,2,5,13,5,4,9,9,10,12,13,12,4,2,3,7,6,4,9,3,2,6,3,4,3,9,2,3,4,3,3,4,7,4,5,6,5,5,5,8,9,9,7,10,5,5,7,8,7,17,4,5,10,12,8,8,7,7,6,8,12,11,4,9,10,4,10,5,7,9,3,7,6,10,11,4,6,5,8,6,3,11,4,8,6,11,7,8,9,13,12,10,15,8,6,12,7,8,7,21,11,8,14,4,7,12,18,10,6,14,15,9,12,21,10,12,6,7,3
21,Sucumbíos,230503,2106,Cascales,15882,-0.0675,-77.216944,0,0,0,0,0,0,0,0,0,0,1,0,0,0,0,0,0,0,0,0,0,0,0,0,1,0,0,0,0,0,0,0,0,0,0,0,0,0,0,0,0,0,0,0,0,0,1,0,1,0,0,0,0,0,0,0,0,0,0,0,0,0,0,0,0,0,0,0,0,1,0,0,0,0,0,0,0,0,0,0,0,0,0,0,0,0,0,0,0,0,0,0,0,0,0,0,0,0,0,0,0,0,0,0,0,0,0,0,0,0,0,0,0,0,0,0,0,0,0,0,0,0,0,0,0,0,0,0,0,0,0,0,0,0,0,0,0,0,0,0,0,0,0,0,0,0,0,0,0,0,0,0,1,0,1,0,0,0,0,0,0,0,0,0,0,0,0,0,0
21,Sucumbíos,230503,2107,Cuyabeno,7154,-0.128889,-76.413889,0,0,0,0,0,0,0,0,0,0,0,0,0,0,0,0,0,0,0,0,0,1,0,0,0,1,0,0,0,0,0,0,0,0,0,0,0,0,0,0,0,0,0,0,0,0,0,0,0,0,0,0,0,0,0,0,0,0,0,1,0,0,0,0,0,1,0,0,0,0,0,0,0,0,0,0,0,0,0,0,0,0,0,0,0,0,0,0,0,0,0,0,0,0,0,0,0,0,0,0,0,0,0,0,0,1,0,0,0,0,0,0,0,0,0,0,0,0,0,0,0,0,0,0,0,0,0,1,0,1,0,0,0,0,0,0,0,0,0,0,0,0,0,0,0,0,0,0,1,0,0,0,0,0,0,0,0,0,0,0,0,0,0,0,0,0,0,0,0
21,Sucumbíos,230503,2102,Gonzalo Pizarro,10007,0.047,-77.3228,0,1,0,0,0,0,0,0,0,0,0,0,1,0,0,0,0,1,0,0,0,0,0,0,0,0,0,0,0,0,0,0,0,0,0,0,0,0,0,0,0,0,0,0,0,1,0,0,0,0,0,0,0,0,0,1,0,0,1,0,0,0,0,0,0,0,1,0,0,0,0,0,0,0,0,0,0,0,0,0,0,0,0,0,1,0,0,0,0,0,0,0,0,0,0,0,0,0,0,0,0,0,0,0,0,0,0,0,0,0,0,0,0,0,0,0,0,0,0,0,0,0,0,0,0,0,1,0,0,0,0,0,0,0,0,0,0,0,0,0,0,0,0,0,0,0,0,0,0,0,0,0,0,0,0,0,0,0,0,0,0,0,0,0,0,0,0,0,0
21,Sucumbíos,230503,2101,Lago Agrio,119594,0.08472200000000002,-76.882778,1,0,3,1,3,1,0,2,2,2,1,0,3,2,1,0,1,0,0,3,1,1,2,0,1,0,1,1,1,2,2,1,1,0,4,0,0,1,3,2,2,3,2,3,1,1,0,0,2,1,0,2,1,0,2,0,1,0,5,0,2,3,2,3,2,1,0,0,3,2,1,3,3,2,1,0,1,0,0,2,1,1,0,0,0,0,0,0,0,1,1,1,0,0,1,0,0,4,0,1,1,2,1,1,2,1,0,1,0,5,0,0,1,0,2,3,1,2,0,2,1,1,1,1,3,0,0,2,0,3,0,2,4,2,2,1,1,4,0,3,2,3,1,1,2,0,0,2,2,1,4,2,3,1,3,0,3,2,1,3,1,4,1,2,2,2,1,3,0
21,Sucumbíos,230503,2103,Putumayo,16106,0.09999999999999999,-75.85,0,0,0,0,0,0,0,0,0,1,0,0,0,0,0,0,0,0,0,0,0,0,0,0,0,0,0,0,0,0,0,0,0,0,0,0,0,0,0,0,0,0,1,1,0,0,0,0,0,0,0,0,0,0,0,0,0,0,0,0,0,0,0,0,0,1,0,0,0,0,0,0,0,0,0,0,0,0,0,0,0,0,0,0,0,0,0,0,0,0,0,0,0,0,0,0,0,0,0,0,0,0,0,0,0,0,0,0,0,0,0,0,0,0,0,0,0,0,0,0,0,0,0,0,0,0,0,0,0,1,0,0,0,0,0,0,0,0,0,0,0,0,0,0,0,0,0,0,0,0,0,0,0,0,0,0,0,0,0,0,0,0,0,0,0,0,0,0,0
21,Sucumbíos,230503,2104,Shushufindi,57949,-0.1871,-76.645,0,1,1,0,1,0,0,1,0,2,0,0,0,0,0,0,0,1,0,1,0,1,0,1,0,0,2,0,1,0,0,0,0,0,0,0,0,0,0,0,0,1,0,1,0,0,1,0,0,0,0,0,0,1,0,0,0,0,0,0,1,0,1,2,0,0,0,0,0,0,0,1,0,0,0,1,0,0,0,0,0,1,0,0,0,0,0,0,0,0,0,1,1,1,1,0,0,0,0,1,1,0,0,0,2,0,0,1,0,0,2,0,1,0,1,0,0,1,0,1,1,0,0,2,1,1,0,1,0,0,0,0,1,0,0,0,0,1,1,0,0,1,0,0,0,0,0,0,1,0,0,0,0,0,0,0,1,0,0,2,0,1,1,1,0,1,0,0,0
21,Sucumbíos,230503,2105,Sucumbíos,3811,0.4592,-77.523,0,0,0,0,0,0,0,0,0,0,0,0,0,0,0,0,0,1,0,0,0,0,0,0,0,0,0,0,0,0,0,0,0,0,0,0,0,0,0,0,0,0,0,0,0,0,0,0,0,0,0,1,0,0,0,0,0,0,0,0,0,0,0,0,0,0,0,0,0,0,0,0,0,0,0,0,0,0,0,0,0,0,0,0,0,0,0,0,0,0,0,0,0,0,0,0,0,0,0,0,0,0,0,0,0,0,0,0,0,0,0,0,0,0,0,0,0,0,1,0,0,0,0,0,0,0,0,0,0,1,0,0,0,0,0,0,0,0,0,0,0,0,0,0,0,0,0,0,1,0,0,0,0,0,0,0,0,0,0,0,0,0,0,0,0,0,0,0,0
18,Tungurahua,590600,1801,Ambato,387309,-1.241667,-78.619722,12,5,11,3,5,4,2,10,8,3,10,3,8,5,2,5,4,9,8,5,6,10,7,9,5,3,7,5,6,6,4,0,5,6,6,6,9,3,8,9,3,5,10,8,6,4,4,4,3,7,8,8,4,6,2,5,10,9,8,9,5,5,4,3,7,10,7,4,5,4,3,4,2,6,4,3,9,3,4,4,3,4,6,6,7,7,7,8,7,9,9,2,5,7,4,9,5,10,4,7,9,7,2,6,7,10,5,11,12,4,10,14,5,10,7,5,12,7,11,9,4,9,3,10,11,10,6,8,7,5,14,8,8,12,6,14,4,8,12,12,18,13,9,9,11,11,10,6,12,6,15,6,11,14,8,9,18,12,8,11,11,7,13,19,19,8,17,10,5
18,Tungurahua,590600,1802,Baños,25043,-1.396389,-78.424722,1,0,0,0,0,0,1,0,2,0,0,0,0,0,1,0,0,0,0,0,0,1,0,0,0,0,0,0,1,0,0,0,1,0,1,0,0,1,0,1,1,0,0,0,0,0,1,0,0,0,0,0,0,0,0,0,0,0,0,0,0,1,0,0,0,0,1,0,0,1,0,1,0,0,0,0,0,0,0,0,0,0,0,0,0,0,0,0,1,0,0,1,0,0,0,1,0,0,0,0,0,0,0,0,0,0,0,0,0,0,0,0,0,0,0,0,0,0,0,1,0,0,0,0,0,1,0,1,0,1,0,0,0,0,1,0,0,0,0,0,0,0,0,0,0,0,1,0,1,1,0,2,0,0,0,0,0,1,0,1,0,0,0,0,0,0,0,0,0
18,Tungurahua,590600,1803,Cevallos,9936,-1.35,-78.616667,0,0,0,0,0,0,0,1,0,0,1,0,0,0,1,0,0,0,0,0,0,0,0,0,0,0,0,1,0,0,1,1,0,0,0,0,0,0,0,0,0,0,0,0,0,1,0,0,0,0,1,0,1,0,0,0,0,1,0,0,0,0,0,1,0,0,0,0,0,0,0,0,0,1,0,0,0,0,0,0,1,0,0,0,0,0,0,0,0,0,0,0,0,0,0,0,0,0,0,0,1,0,0,0,0,0,0,0,0,0,0,0,0,0,0,0,0,0,0,0,0,0,0,0,0,1,0,0,0,0,0,0,0,0,1,0,0,0,0,0,0,0,0,0,0,0,0,0,0,0,0,0,0,0,0,1,1,0,0,0,0,0,1,0,0,0,0,1,0
18,Tungurahua,590600,1804,Mocha,7336,-1.4166670000000001,-78.666667,0,0,0,0,0,0,0,0,0,0,0,0,0,0,0,0,0,0,1,1,0,0,0,1,0,0,0,0,0,0,0,0,0,1,0,0,0,0,0,0,0,0,0,0,0,0,0,0,0,0,0,1,0,0,0,0,0,0,0,0,0,0,0,0,0,0,0,0,0,0,0,0,0,0,0,0,0,0,0,0,0,0,0,1,0,0,0,0,0,0,0,0,0,0,0,0,0,0,0,0,0,0,0,0,0,0,0,0,0,0,0,0,0,0,0,0,0,0,0,0,0,0,0,0,0,0,0,0,0,0,0,0,0,0,0,0,0,0,1,0,0,0,0,0,0,0,0,0,0,0,0,0,0,0,0,1,0,0,0,0,0,0,1,0,0,1,0,0,0
18,Tungurahua,590600,1805,Patate,15825,-1.316667,-78.516667,0,0,0,0,0,0,0,0,0,0,0,0,0,1,0,1,0,0,0,0,0,1,1,0,0,0,0,0,0,0,0,0,0,0,1,0,1,0,0,0,0,0,1,0,0,1,0,0,0,1,0,0,0,0,0,0,0,1,0,0,0,0,0,0,0,0,0,0,0,0,0,0,0,0,0,0,0,0,0,0,0,0,0,0,0,0,0,0,0,1,0,0,1,0,1,0,0,0,0,1,0,0,1,2,0,0,0,1,0,0,0,0,0,1,1,0,0,0,0,0,0,1,0,0,0,0,0,0,0,0,0,1,0,0,0,0,0,0,1,0,0,0,0,0,0,0,0,0,0,0,0,1,1,0,0,0,0,0,0,0,0,0,0,0,0,0,0,0,0
18,Tungurahua,590600,1807,Pelileo,66836,-1.3275000000000001,-78.540833,1,1,0,1,1,0,0,0,0,1,3,0,1,0,0,3,0,1,0,1,1,0,0,0,0,0,0,1,0,0,0,1,0,0,0,2,1,0,1,1,0,0,0,1,4,1,1,0,0,2,4,0,0,0,0,0,2,0,1,0,0,0,0,0,0,0,0,1,0,2,1,3,0,0,2,2,0,0,0,0,2,2,0,1,1,0,1,1,0,2,1,3,2,2,1,0,1,0,0,1,0,0,1,0,2,0,2,0,0,0,0,1,0,1,2,0,1,0,0,0,0,1,2,0,0,1,1,0,1,2,1,1,0,1,0,0,1,0,0,1,0,1,2,1,1,1,0,2,0,0,2,1,4,2,2,0,0,0,2,2,1,1,1,1,1,0,0,1,1
18,Tungurahua,590600,1808,Píllaro,43371,-1.1758330000000001,-78.555278,1,0,0,0,0,0,0,0,0,0,0,0,1,0,1,1,1,2,1,1,0,0,1,0,0,1,0,1,1,1,0,1,1,1,0,2,0,0,0,0,0,0,0,2,0,1,0,2,0,1,0,0,0,1,0,1,0,0,0,1,0,0,1,0,0,0,0,2,0,0,0,0,0,0,2,0,1,0,0,1,0,0,0,2,1,0,2,1,0,0,0,0,1,0,0,0,0,1,1,0,0,0,0,1,0,1,0,0,0,1,0,0,0,0,0,1,1,0,0,2,0,0,0,0,1,0,1,3,1,0,3,2,0,1,1,1,0,0,1,0,1,0,0,1,0,0,0,1,0,1,0,1,2,0,0,0,3,1,0,2,1,0,0,0,1,0,2,0,0
18,Tungurahua,590600,1806,Quero,20627,-1.3793000000000002,-78.607,0,0,0,1,0,0,0,0,2,0,0,0,0,0,0,0,0,0,0,0,0,0,0,0,0,0,0,0,1,0,0,1,0,0,1,0,0,0,0,0,0,0,0,0,0,0,0,0,0,0,0,1,0,0,1,0,0,0,0,0,0,0,0,0,0,0,0,0,0,0,0,0,0,0,0,0,0,1,0,0,0,0,0,0,0,0,0,0,0,0,0,0,0,0,1,0,0,0,0,0,0,0,1,0,0,0,0,0,0,0,0,0,0,0,0,0,1,0,0,0,0,1,1,0,0,1,0,0,0,0,0,0,0,0,0,0,1,0,0,0,0,0,0,0,1,0,0,0,1,0,0,0,0,0,1,0,0,0,1,0,0,0,0,1,1,0,0,0,1
18,Tungurahua,590600,1809,Tisaleo,14317,-1.35,-78.666667,0,0,0,0,0,0,0,0,0,0,0,0,1,0,1,1,0,1,1,0,0,0,0,0,2,0,0,0,0,0,0,0,0,1,0,0,0,0,0,0,0,0,0,0,0,0,0,0,0,0,0,0,0,0,0,0,0,0,0,0,0,0,0,0,1,0,0,0,0,0,0,0,0,0,0,0,0,0,0,0,0,0,1,0,0,0,0,0,0,0,0,1,0,0,0,0,0,0,0,0,0,0,1,0,0,0,0,0,0,0,0,0,0,0,0,0,0,0,0,1,0,0,1,0,0,0,0,0,0,1,0,0,0,0,0,0,0,0,0,0,0,0,0,0,0,0,0,1,0,0,0,1,0,0,1,0,0,0,0,0,0,0,0,0,0,0,0,0,0
19,Zamora Chinchipe,120416,1907,Centinela del Cóndor,8313,-3.8949100000000003,-78.78141,0,0,0,1,0,0,0,0,0,0,0,0,1,0,0,0,0,0,0,0,0,0,0,0,0,0,0,0,0,1,0,0,0,0,0,0,0,0,0,0,0,0,0,0,0,0,0,0,0,0,0,0,0,0,0,0,0,0,0,0,0,0,1,0,0,0,0,0,0,0,0,0,0,0,0,0,0,0,0,0,0,0,0,0,0,0,0,0,0,0,1,0,0,0,0,0,0,0,0,0,0,0,0,0,0,0,0,0,0,0,0,0,0,0,0,0,0,1,0,0,0,0,0,0,0,0,0,0,1,0,0,0,0,0,0,0,0,0,0,0,0,0,0,0,0,0,0,0,0,0,0,0,0,0,0,0,0,0,0,0,0,0,0,0,0,0,0,0,0
19,Zamora Chinchipe,120416,1902,Chinchipe,10679,-4.8628,-79.1328,0,0,0,0,0,0,0,0,0,0,0,0,0,0,0,0,0,0,2,0,0,0,0,0,0,0,0,0,0,0,0,0,0,0,0,0,0,0,0,0,0,0,0,0,0,0,0,0,0,0,0,0,0,0,0,0,0,0,0,0,0,0,0,0,0,0,0,0,0,0,0,0,0,0,0,0,0,0,0,0,0,0,0,0,0,0,0,1,0,0,0,0,0,0,0,0,0,1,0,0,0,0,1,0,0,0,0,0,0,0,0,0,0,0,0,0,0,0,0,0,0,0,0,0,0,0,1,0,0,0,0,0,0,0,0,1,0,0,0,0,0,0,0,0,0,0,0,0,0,1,0,1,0,0,0,0,0,0,0,0,0,0,0,0,0,0,0,0,0
19,Zamora Chinchipe,120416,1906,El Pangui,10945,-3.6249000000000002,-78.5871,0,1,0,0,0,0,1,0,0,0,0,0,0,0,0,0,0,0,0,0,0,0,0,0,0,0,1,0,0,0,0,0,0,0,1,0,0,0,0,0,0,0,0,0,0,1,0,0,0,0,0,0,0,0,0,0,0,0,0,0,0,0,0,1,1,0,0,0,0,0,0,0,0,0,0,0,0,0,0,0,0,0,0,0,0,0,0,0,0,0,0,1,0,0,0,0,0,0,0,0,0,0,0,0,0,0,0,0,0,0,0,0,0,0,0,0,0,0,0,0,0,0,0,0,0,0,0,0,0,0,0,0,0,0,0,0,0,0,0,0,0,0,0,0,1,1,0,0,0,0,0,0,0,0,0,0,1,0,0,0,0,1,0,0,0,0,0,1,0
19,Zamora Chinchipe,120416,1903,Nangaritza,8014,-4.048333,-78.682222,0,0,0,0,0,0,0,0,0,0,0,0,0,0,0,0,0,0,0,0,0,0,0,0,0,0,0,0,0,0,0,0,0,0,0,1,0,0,0,0,0,0,0,0,0,0,0,0,0,0,0,0,0,0,0,0,0,0,0,0,0,0,0,0,0,0,0,0,0,0,0,0,0,0,0,0,0,0,0,0,0,0,0,0,0,0,0,0,0,0,0,0,0,0,0,0,0,0,0,0,0,0,0,0,0,0,0,0,0,0,0,0,0,0,1,0,0,0,0,0,0,0,0,0,0,0,0,0,1,0,0,0,0,0,0,0,0,0,0,0,0,0,0,0,0,0,0,0,0,0,0,0,0,0,0,0,0,0,0,0,0,0,0,0,0,0,0,0,0
19,Zamora Chinchipe,120416,1908,Palanda,10144,-4.6498,-79.1321,1,0,0,0,0,1,0,1,0,0,0,0,0,0,0,0,0,0,0,0,0,0,0,0,0,0,0,0,0,0,0,0,0,0,0,0,0,0,0,0,0,0,0,0,0,0,0,0,0,0,0,1,0,0,0,0,0,0,0,0,0,0,0,0,0,0,0,0,0,0,0,0,0,0,0,0,0,0,0,0,0,0,0,0,0,0,0,0,0,0,0,0,0,1,0,0,0,0,0,1,0,0,0,0,0,0,0,0,0,0,0,0,0,0,0,0,0,0,1,0,0,0,1,0,0,0,0,0,0,0,0,0,0,0,0,0,0,0,0,0,0,0,0,0,0,0,0,0,0,0,0,0,0,0,0,0,0,0,0,1,0,0,0,0,0,0,0,0,0
19,Zamora Chinchipe,120416,1909,Paquisha,5992,-3.9327500000000004,-78.67426,0,0,0,0,0,0,0,0,0,0,0,0,0,0,0,0,0,0,0,0,0,0,0,0,0,0,0,0,0,0,0,0,0,0,0,0,0,0,0,0,0,0,0,0,0,0,2,0,0,0,0,0,0,0,0,0,0,0,0,0,0,0,0,0,0,0,0,0,0,0,0,0,0,0,0,0,0,0,0,0,0,0,0,0,0,0,0,0,0,0,0,0,0,0,0,0,0,0,0,0,0,0,0,0,0,0,0,0,0,0,0,0,0,0,0,0,0,0,0,0,0,0,0,0,1,0,0,0,0,0,0,0,0,0,0,0,0,0,0,0,0,0,0,0,0,0,0,0,0,0,0,0,0,0,0,0,0,0,0,0,0,0,0,0,0,0,0,0,0
19,Zamora Chinchipe,120416,1904,Yacuambi,7121,-3.63444,-78.9281,0,0,0,0,0,0,1,0,0,0,0,0,0,0,0,0,0,0,0,0,0,0,0,0,0,0,0,0,0,0,0,0,0,0,0,0,0,0,0,0,0,0,1,0,0,1,0,0,0,0,0,0,1,0,0,0,0,0,0,0,0,0,1,0,0,0,0,0,0,0,0,0,0,0,0,0,0,0,0,0,0,0,0,0,1,0,0,0,0,0,0,1,0,0,0,0,1,0,0,0,0,0,0,0,0,0,0,0,0,0,0,0,0,0,0,0,0,0,0,0,0,0,0,0,0,0,0,0,0,0,0,0,0,0,0,0,0,0,0,0,0,0,0,0,0,0,0,0,0,0,1,0,0,0,0,0,0,0,0,0,0,0,0,0,0,0,0,0,0
19,Zamora Chinchipe,120416,1905,Yantzaza,26447,-3.85,-78.75,0,0,0,1,0,0,0,0,0,1,0,0,1,0,1,0,0,0,1,0,0,0,0,0,0,0,0,0,1,0,0,0,0,0,0,0,0,0,1,0,0,0,0,0,0,0,0,0,0,0,2,0,1,0,0,1,0,1,1,0,0,0,0,1,0,0,0,0,0,1,0,0,1,0,0,0,0,0,1,1,0,0,1,0,0,0,0,0,0,0,0,0,0,0,0,0,1,0,0,1,0,0,1,0,0,0,0,0,0,0,0,0,0,1,0,0,0,0,0,0,0,1,0,0,0,0,0,0,0,0,0,0,0,0,0,0,0,0,1,0,0,0,0,1,1,0,0,0,0,1,0,1,0,0,0,0,1,0,1,0,0,1,0,1,0,0,0,0,0
19,Zamora Chinchipe,120416,1901,Zamora,32761,-4.12,-78.8,0,0,0,0,1,0,0,1,1,0,0,0,1,1,1,0,0,0,0,1,1,0,0,0,0,0,0,0,0,0,0,0,1,0,1,0,0,0,1,0,1,0,1,0,0,0,0,0,1,0,0,0,0,0,0,1,0,0,1,0,0,0,0,0,0,0,0,0,1,0,0,1,0,0,0,0,0,0,0,0,0,0,0,0,1,0,0,0,0,0,0,0,0,1,0,0,1,0,0,0,0,0,0,0,0,1,0,0,0,1,0,0,0,1,1,1,0,0,0,0,0,0,0,0,1,0,0,0,0,0,0,0,1,0,0,0,1,0,1,0,1,1,0,0,0,1,0,0,1,0,0,0,0,2,0,0,0,0,0,0,1,0,0,0,0,0,0,0,0
