provincia,provincia_poblacion,canton,canton_poblacion,lat,lng,01/01/2021,02/01/2021,03/01/2021,04/01/2021,05/01/2021,06/01/2021,07/01/2021,08/01/2021,09/01/2021,10/01/2021,11/01/2021,12/01/2021,13/01/2021,14/01/2021,15/01/2021,16/01/2021,17/01/2021,18/01/2021,19/01/2021,20/01/2021,21/01/2021,22/01/2021,23/01/2021,24/01/2021,25/01/2021,26/01/2021,27/01/2021,28/01/2021,29/01/2021,30/01/2021,31/01/2021,01/02/2021,02/02/2021,03/02/2021,04/02/2021,05/02/2021,06/02/2021,07/02/2021,08/02/2021,09/02/2021,10/02/2021,11/02/2021,12/02/2021,13/02/2021,14/02/2021,15/02/2021,16/02/2021,17/02/2021,18/02/2021,19/02/2021,20/02/2021,21/02/2021,22/02/2021,23/02/2021,24/02/2021,25/02/2021,26/02/2021,27/02/2021,28/02/2021,01/03/2021,02/03/2021,03/03/2021,04/03/2021,05/03/2021,06/03/2021,07/03/2021,08/03/2021,09/03/2021,10/03/2021,11/03/2021,12/03/2021,13/03/2021,14/03/2021,15/03/2021,16/03/2021,17/03/2021,18/03/2021,19/03/2021,20/03/2021,21/03/2021,22/03/2021,23/03/2021,24/03/2021,25/03/2021,26/03/2021,27/03/2021,28/03/2021,29/03/2021,30/03/2021,31/03/2021,01/04/2021,02/04/2021,03/04/2021,04/04/2021
Azuay,881394,Camilo Ponce Enríquez,36423,-3.050000000000000,-79.73333300000000,0,0,0,0,1,1,1,2,3,3,3,3,3,4,4,4,4,5,5,5,5,5,5,6,6,8,8,8,8,8,8,8,8,8,9,9,9,9,12,12,12,12,12,12,12,12,13,13,13,13,13,14,14,14,14,15,15,15,15,15,15,15,15,15,15,15,15,15,15,15,15,16,17,17,17,17,17,18,18,18,18,19,21,22,22,22,22,22,22,22,22,22,22,22
Azuay,881394,Chordeleg,15176,-2.933333000000000,-78.76666700000000,1,1,1,1,2,2,2,2,2,2,2,2,2,2,2,3,3,3,5,5,5,5,5,6,6,6,6,6,6,6,6,6,6,6,6,6,6,6,6,6,6,7,7,8,8,10,10,10,10,10,10,10,11,11,11,11,11,11,11,11,11,11,11,11,11,11,11,11,11,11,11,11,12,12,12,12,13,13,13,14,14,14,14,14,14,14,14,14,14,14,14,14,14,14
Azuay,881394,Cuenca,636996,-2.897414000000000,-79.00448100000000,11,22,37,48,59,72,80,96,110,123,137,149,163,177,186,197,214,221,237,248,262,275,285,303,309,320,339,352,363,373,384,401,418,430,444,458,476,483,499,508,514,527,539,554,571,584,599,610,621,630,643,653,666,703,714,725,739,745,758,772,786,798,806,816,833,842,853,867,878,886,897,909,923,938,945,953,967,979,992,1010,1021,1035,1050,1062,1071,1084,1102,1117,1125,1132,1139,1141,1141,1141
Azuay,881394,El Pan,3091,-2.786111000000000,-78.66500000000001,0,0,0,0,0,0,0,0,0,0,0,0,0,0,0,0,0,0,0,0,0,0,1,1,1,1,1,1,1,1,1,1,1,1,1,2,2,3,3,3,3,3,3,3,3,3,3,3,3,3,3,3,3,3,3,3,3,3,3,3,3,3,3,3,3,3,3,3,3,4,4,4,4,5,6,6,6,6,6,6,6,6,6,6,6,6,6,6,6,6,6,6,6,6
Azuay,881394,Girón,13037,-3.159028000000000,-79.14756800000001,0,0,1,1,1,1,1,2,2,2,3,5,6,6,6,6,8,8,9,10,11,11,11,11,13,13,14,15,15,16,17,17,17,17,19,20,20,20,20,21,21,21,22,22,23,24,24,24,24,24,24,25,26,27,27,27,28,28,28,29,29,30,30,30,33,33,34,34,36,37,37,37,37,37,37,38,39,40,40,40,40,40,40,42,43,43,43,43,44,44,44,44,44,44
Azuay,881394,Guachapala,3859,-2.769000000000000,-78.70900000000000,0,0,0,0,0,0,0,0,0,0,0,0,0,0,0,0,0,0,0,0,0,0,0,0,0,0,0,0,0,0,0,0,0,0,0,0,0,0,1,1,1,1,1,1,1,1,1,1,1,1,2,2,2,3,3,3,3,3,3,3,3,3,3,3,3,3,3,3,3,3,3,3,3,3,3,3,3,3,3,3,3,3,3,3,3,3,3,3,3,3,3,3,3,3
Azuay,881394,Gualaceo,49104,-2.900000000000000,-78.78333300000000,1,1,3,3,3,4,4,4,5,5,5,5,6,8,9,12,15,17,18,20,21,21,21,22,22,22,23,24,24,25,25,25,25,25,25,25,25,26,28,28,28,30,30,30,31,33,34,36,36,37,38,38,39,41,42,42,42,42,42,42,42,43,43,44,44,44,45,47,49,49,50,50,51,53,54,55,55,55,56,56,57,58,59,60,61,62,63,63,64,64,65,66,66,66
Azuay,881394,Nabón,17292,-3.336060000000000,-79.06368000000001,0,1,2,3,3,4,4,4,5,6,6,6,6,6,7,7,8,8,8,8,9,9,9,9,10,10,10,10,10,10,10,10,10,10,10,11,12,12,12,12,12,12,12,13,13,15,15,16,16,16,16,16,16,16,16,16,17,18,19,19,19,19,20,20,21,21,21,21,21,21,21,21,22,22,22,22,23,23,23,23,23,23,23,23,24,24,24,25,25,25,25,25,25,25
Azuay,881394,Oña,4128,-3.469640000000000,-79.15431000000000,0,0,0,0,0,0,0,0,0,0,0,0,0,0,0,0,0,0,0,0,0,0,0,0,0,0,1,1,1,1,2,2,2,2,2,2,2,2,2,2,3,3,4,4,4,4,4,4,4,4,4,4,4,4,4,5,5,5,5,6,6,6,6,6,6,6,6,6,6,6,6,6,6,6,6,6,6,6,6,6,6,6,6,6,7,7,7,7,7,7,7,7,7,7
Azuay,881394,Paute,29214,-2.781800000000000,-78.76000000000001,1,1,1,1,2,3,3,3,3,3,3,3,3,3,3,3,3,3,3,3,4,4,4,4,4,4,5,5,5,6,6,7,7,7,8,9,9,9,10,10,11,11,11,12,13,13,13,15,15,15,15,16,17,18,19,19,19,21,21,21,22,22,23,23,23,23,23,23,23,23,23,23,24,24,26,26,26,26,26,26,27,28,28,28,28,29,29,29,30,30,30,30,30,30
Azuay,881394,Pucará,10584,-3.233780000000000,-79.46120000000001,0,0,0,0,0,0,0,0,0,0,1,1,1,1,1,2,2,2,2,3,3,4,4,4,4,4,4,4,4,4,4,4,4,4,4,5,5,5,5,5,5,6,6,6,6,6,6,6,7,7,8,8,8,8,8,8,8,8,9,9,9,9,9,9,9,9,9,11,11,11,11,11,12,12,12,12,12,12,12,13,13,13,13,13,13,13,13,13,14,14,14,14,14,14
Azuay,881394,San Fernando,4156,-3.144500000000000,-79.25200000000000,0,0,0,0,0,0,0,0,0,0,0,0,0,0,2,2,2,2,3,3,3,3,3,3,4,4,4,4,4,4,4,4,4,4,4,4,4,4,4,4,4,4,4,4,4,4,4,4,4,4,4,4,4,5,5,5,5,5,5,5,5,5,5,5,5,5,5,5,5,5,7,7,7,7,7,7,7,7,7,7,7,7,7,7,7,7,8,8,8,8,8,8,8,8
Azuay,881394,Santa Isabel,20935,-3.274170000000000,-79.31560000000000,3,3,4,5,5,5,5,6,7,7,7,7,7,7,7,7,8,9,9,9,9,9,9,9,9,10,10,11,11,11,12,12,12,12,12,12,12,12,12,13,14,14,14,14,14,14,14,14,16,16,16,16,17,17,18,19,19,19,19,19,19,19,20,20,21,21,21,21,21,21,21,21,21,21,21,22,22,22,23,24,26,26,26,26,26,28,28,28,28,28,28,28,28,28
Azuay,881394,Sevilla de Oro,6890,-2.799833000000000,-78.65569400000000,0,0,0,0,0,0,0,0,0,0,0,0,0,0,0,0,0,0,0,0,0,0,1,1,2,2,2,2,2,2,2,2,2,2,2,2,2,2,2,3,4,4,4,4,4,4,4,4,4,4,4,4,4,4,4,4,4,4,5,5,5,5,5,5,5,5,5,5,5,5,5,5,5,6,6,6,7,7,8,9,9,9,9,9,9,9,9,9,9,9,9,9,9,9
Azuay,881394,Sígsig,30509,-3.089700000000000,-78.80320000000000,0,0,0,2,3,5,6,6,6,7,8,9,11,13,13,14,14,15,15,15,15,15,15,15,15,16,17,17,17,18,19,20,20,20,20,20,21,21,21,22,23,23,23,23,23,23,24,24,24,25,26,26,27,28,28,28,28,28,28,28,29,30,31,32,32,33,33,33,34,34,34,35,35,39,40,40,41,41,46,46,47,47,47,47,47,47,47,47,48,49,49,49,49,49
Bolívar,209933,Caluma,16429,-1.633330000000000,-79.25000000000000,0,0,0,0,0,0,0,0,0,0,0,0,0,1,2,2,2,2,2,2,2,2,2,2,2,2,2,2,2,2,2,2,2,3,4,4,4,4,4,4,4,5,6,7,7,7,7,8,8,9,10,12,13,13,14,14,14,15,15,15,15,15,15,16,16,16,16,16,18,18,18,18,19,20,20,20,20,20,20,20,20,20,21,21,22,22,22,22,23,23,23,23,23,23
Bolívar,209933,Chillanes,16850,-1.933333000000000,-79.06666700000000,1,2,2,2,2,2,2,2,2,2,2,4,4,5,5,5,5,5,5,6,6,6,7,8,8,9,9,9,9,11,12,13,13,14,15,15,15,15,15,15,15,15,15,15,15,15,16,16,16,16,18,18,18,18,20,21,21,21,21,21,21,22,22,22,22,22,22,22,22,23,23,24,24,25,26,26,27,28,29,30,30,31,31,32,32,33,33,35,35,35,35,35,35,35
Bolívar,209933,Chimbo,17378,-1.700000000000000,-79.01666700000000,0,0,0,0,0,0,0,0,0,2,2,2,3,3,3,3,3,3,3,4,4,4,4,4,4,5,5,5,5,5,5,5,5,6,6,6,7,7,7,7,7,7,7,7,7,8,10,11,11,11,11,12,12,12,12,12,12,13,13,14,14,14,14,14,14,14,15,16,16,16,16,17,17,18,18,18,19,20,20,21,22,22,24,24,24,24,24,25,25,25,25,25,25,25
Bolívar,209933,Echeandía,14081,-1.433330000000000,-79.26667000000000,0,0,0,1,1,1,1,1,1,2,2,2,2,4,5,5,6,6,6,6,6,6,6,6,6,6,6,6,6,7,7,8,8,8,8,8,8,8,9,10,11,12,12,12,12,12,12,12,12,12,12,12,12,12,12,12,12,12,12,12,12,12,13,13,13,14,14,14,14,14,14,15,15,15,15,15,16,16,16,16,16,16,16,16,17,17,17,17,18,19,19,19,19,19
Bolívar,209933,Guaranda,108763,-1.605556000000000,-79.00305600000000,2,3,3,3,4,5,7,8,8,11,14,15,16,18,20,21,25,29,32,34,36,36,39,40,41,41,42,43,44,44,44,45,47,47,48,49,52,54,54,54,56,56,57,57,60,62,63,64,65,66,69,74,76,79,81,83,84,84,87,89,90,93,95,97,98,100,105,107,108,112,113,116,117,121,123,125,130,131,134,139,141,142,145,148,151,152,154,157,163,165,167,167,167,167
Bolívar,209933,Las Naves,7428,-1.283330000000000,-79.30000000000000,1,1,1,1,1,1,1,2,2,2,2,2,2,2,2,2,2,2,2,2,2,2,2,2,2,2,2,2,2,2,3,3,3,3,3,3,3,3,3,3,3,3,3,3,3,3,3,3,3,4,4,4,4,4,4,4,4,4,4,4,4,4,5,5,5,5,5,5,5,5,5,5,5,6,6,6,6,6,6,6,6,6,6,6,6,6,6,6,6,6,6,6,6,6
Bolívar,209933,San Miguel,29004,-1.700000000000000,-79.03333300000000,1,1,1,3,4,7,7,8,8,8,8,8,8,10,11,12,24,25,27,28,29,30,30,32,32,34,35,35,35,35,36,38,38,39,40,41,41,42,45,45,45,45,46,46,46,46,46,47,47,47,47,48,48,49,49,49,50,50,51,51,51,52,52,53,53,55,55,56,56,58,58,58,58,58,59,59,59,60,62,64,65,66,66,67,68,68,69,69,70,70,71,71,71,71
Carchi,186869,Bolivar,15528,0.5070990000000000,-77.86245400000000,0,0,1,1,1,1,1,1,2,2,3,3,4,6,9,9,9,9,9,9,9,10,10,10,10,11,11,11,11,11,11,12,12,12,12,13,13,13,13,13,13,13,13,13,13,14,14,14,14,14,14,14,14,14,14,14,14,14,14,14,14,14,14,14,14,15,15,16,16,16,16,17,18,18,19,19,20,20,20,20,20,20,20,20,20,20,20,20,20,20,20,20,20,20
Carchi,186869,Espejo,13817,0.6210000000000000,-77.94000000000000,0,1,1,1,1,1,1,1,1,2,2,2,3,4,5,5,5,6,6,7,8,8,9,9,9,10,10,10,10,11,11,11,12,12,12,12,12,12,12,12,13,14,14,14,14,14,14,15,15,15,15,15,15,15,15,16,16,16,16,17,17,17,18,18,18,18,18,19,20,20,20,21,22,22,22,23,24,24,24,24,24,25,25,25,25,26,27,27,27,28,28,28,28,28
Carchi,186869,Mira,11969,0.5538999999999999,-78.04930000000000,0,0,0,0,0,0,2,2,2,2,3,3,3,3,3,3,3,4,4,4,4,4,4,4,4,4,4,5,6,6,6,6,7,7,7,7,7,7,7,7,7,7,8,8,8,8,9,9,9,10,10,10,10,10,11,11,12,12,12,12,12,12,12,12,12,12,12,12,12,12,12,12,12,12,12,12,12,12,12,12,12,12,12,13,13,14,14,14,14,14,15,15,15,15
Carchi,186869,Montúfar,34229,0.6100000000000000,-77.84000000000000,0,0,1,2,2,3,3,4,4,4,5,6,6,6,7,7,8,10,11,11,12,12,12,12,12,12,13,15,15,15,16,16,16,17,18,19,20,20,22,23,25,25,25,25,25,25,25,27,27,27,27,27,27,28,29,29,29,29,29,29,29,29,29,29,29,29,29,30,31,31,33,35,36,37,37,38,38,39,39,40,41,41,41,41,41,41,43,43,45,45,45,45,45,45
Carchi,186869,San Pedro de Huaca,8931,0.6311110000000000,-77.72527800000000,0,0,0,0,0,0,0,0,0,0,0,1,1,1,1,1,1,1,1,1,1,1,1,2,2,2,3,3,3,3,3,3,4,4,4,5,5,5,5,6,6,6,6,6,6,6,6,6,6,6,6,6,6,6,6,6,6,6,7,7,8,8,8,8,8,9,9,9,9,9,9,9,9,10,10,10,10,10,10,10,10,10,10,10,10,10,10,10,10,10,10,10,10,10
Carchi,186869,Tulcán,102395,0.8121800000000000,-77.71633000000000,5,8,13,14,16,16,20,27,29,33,36,39,43,46,49,53,55,60,62,63,66,71,74,79,87,90,93,94,97,101,103,104,106,107,109,112,113,113,113,113,114,118,120,121,123,124,124,126,126,128,129,132,132,133,134,136,139,141,145,146,146,146,147,148,149,151,153,154,154,156,157,159,160,164,164,167,169,169,171,177,181,184,186,189,191,191,191,193,194,195,195,196,196,196
Cañar,281396,Azogues,86276,-2.733333000000000,-78.83333300000000,0,1,3,5,9,10,13,13,15,17,18,19,23,27,32,34,35,39,40,43,47,49,53,56,61,63,64,67,67,68,70,71,74,78,84,93,95,97,97,100,100,104,109,109,110,111,112,112,113,117,120,122,125,126,127,128,131,135,136,137,138,143,146,150,150,153,154,157,160,161,166,169,171,173,173,177,181,184,185,188,189,190,193,194,195,198,200,200,201,204,205,205,205,205
Cañar,281396,Biblían,23741,-2.710000000000000,-78.88000000000000,0,1,1,1,1,1,4,4,5,5,5,5,5,5,6,6,6,6,7,7,7,7,7,8,8,9,9,9,9,9,9,10,10,11,11,12,12,13,13,13,13,13,13,13,13,14,14,15,15,15,15,15,15,15,15,15,15,15,15,15,15,15,15,15,15,16,16,16,16,16,16,16,16,16,16,16,17,17,17,17,17,17,18,18,19,19,19,19,19,19,19,19,19,19
Cañar,281396,Cañar,68747,-2.483700000000000,-78.97839999999999,1,1,1,1,2,3,4,4,4,5,6,7,7,8,9,10,11,11,12,12,14,14,15,15,16,16,17,17,18,18,19,19,20,20,20,20,20,20,20,20,22,24,24,26,27,27,29,30,31,32,32,32,34,35,36,36,37,37,38,39,40,40,41,43,44,46,47,48,48,53,54,54,55,56,56,57,58,58,59,60,61,61,63,63,63,65,66,66,66,66,66,66,66,66
Cañar,281396,Déleg,6782,-2.772600000000000,-78.91830000000000,0,0,1,1,1,1,2,2,2,2,2,2,3,3,3,3,3,3,3,3,3,3,4,4,4,4,4,4,4,4,4,4,4,4,4,4,4,4,4,4,4,4,4,5,5,5,5,5,5,5,5,6,6,6,6,7,7,7,7,7,8,8,8,8,8,8,8,8,8,8,8,8,8,8,8,9,9,9,9,9,11,11,12,12,12,12,12,12,12,12,12,12,12,12
Cañar,281396,El Tambo,12462,-2.508100000000000,-78.92489999999999,0,1,1,1,1,1,1,1,1,1,1,1,1,1,1,1,1,1,1,1,1,1,1,1,1,1,1,1,1,1,1,1,1,2,2,2,2,2,2,2,2,2,2,2,2,2,2,2,2,3,4,4,5,6,6,6,6,6,6,6,6,7,7,7,7,7,7,7,7,9,9,9,9,9,9,10,10,11,11,11,11,11,11,11,11,12,12,12,12,12,12,12,12,12
Cañar,281396,La Troncal,76872,-2.400000000000000,-79.33000000000000,3,4,5,5,8,11,12,12,12,14,16,17,17,20,23,24,25,25,25,26,26,27,28,29,29,29,29,30,30,30,34,35,35,35,37,37,37,40,40,44,44,46,47,49,50,51,52,53,54,55,56,57,57,57,57,58,58,61,61,61,62,62,62,65,65,65,65,69,70,73,75,77,78,78,79,82,83,86,87,87,88,88,89,94,95,95,99,99,99,99,99,99,99,99
Cañar,281396,Suscal,6516,-2.436400000000000,-79.05220000000000,0,0,0,0,0,0,0,0,0,0,0,0,0,0,0,0,0,0,0,0,0,0,0,0,0,0,0,0,0,0,0,0,0,0,0,0,0,0,0,1,1,2,2,2,2,2,2,2,2,2,2,2,2,2,2,2,2,2,2,2,2,2,2,2,2,2,2,2,3,3,3,3,3,3,4,4,4,4,4,4,4,5,5,5,5,5,5,5,5,5,5,5,5,5
Chimborazo,524004,Alausí,45054,-2.200000000000000,-78.84999999999999,1,2,3,3,3,3,4,5,6,6,6,7,7,9,9,10,11,12,12,12,12,14,16,16,17,18,18,18,19,19,19,21,23,23,23,26,26,26,26,26,27,27,27,27,28,28,28,28,29,30,30,31,33,33,33,33,33,34,36,36,36,37,37,38,38,38,39,40,40,40,40,40,41,42,42,42,44,44,44,44,46,47,47,47,47,47,47,47,47,47,47,47,47,47
Chimborazo,524004,Chambo,13378,-1.733333000000000,-78.58333300000000,1,1,1,1,1,1,1,2,2,2,3,3,3,4,4,4,4,4,4,4,4,4,4,5,5,5,5,6,6,6,6,7,8,8,8,8,8,8,8,9,9,9,9,9,9,9,9,10,10,10,10,11,11,12,13,14,14,14,15,15,15,15,15,15,16,16,17,17,17,17,17,17,17,17,18,18,19,20,20,20,20,20,21,21,21,22,22,22,22,22,22,22,22,22
Chimborazo,524004,Chunchi,12795,-2.283333000000000,-78.91666700000000,0,0,0,0,2,4,4,6,6,7,7,7,7,7,7,7,7,7,7,8,9,9,9,9,9,9,9,9,9,9,9,9,9,9,9,10,10,11,12,12,13,14,14,14,14,14,14,14,14,15,15,15,15,15,15,15,15,15,16,16,16,16,16,16,16,17,17,17,17,18,18,20,21,21,21,22,22,23,23,24,24,24,25,25,25,25,25,25,26,26,26,26,26,26
Chimborazo,524004,Colta,44838,-1.700000000000000,-78.75000000000000,2,3,4,6,7,7,8,11,13,13,13,13,13,13,13,14,14,15,15,15,15,15,16,16,16,16,16,18,20,20,20,20,20,22,23,24,26,26,26,26,26,26,29,31,33,33,33,33,33,33,34,35,35,37,37,39,39,39,40,41,42,43,44,44,45,45,46,47,49,51,51,51,51,52,52,55,55,56,56,56,57,57,58,60,60,60,60,61,62,62,62,62,62,62
Chimborazo,524004,Cumandá,17973,-2.200000000000000,-79.13333299999999,0,0,0,0,1,1,1,1,1,1,1,1,2,2,2,2,3,3,3,3,3,4,4,5,5,6,7,8,8,8,8,8,8,9,9,9,9,10,10,10,10,10,10,10,11,11,12,12,12,12,12,12,12,14,14,14,14,14,14,14,14,15,15,17,17,17,17,17,17,18,19,19,19,19,19,19,19,19,19,19,19,22,22,22,23,23,23,23,23,23,23,23,23,23
Chimborazo,524004,Guamote,58291,-1.933333000000000,-78.71666700000000,1,1,2,5,5,6,8,8,8,8,9,9,10,10,11,11,11,14,14,14,14,15,16,17,17,17,19,20,22,24,25,26,27,28,28,28,30,31,31,31,32,32,32,32,33,34,34,34,36,39,39,39,42,42,45,46,46,47,47,47,47,48,49,51,51,51,51,51,53,53,53,54,54,56,57,57,57,57,59,59,59,61,61,61,61,62,62,63,63,63,63,63,63,63
Chimborazo,524004,Guano,48395,-1.583333000000000,-78.63333299999999,0,2,2,3,3,4,4,6,6,7,7,9,10,10,11,11,12,12,12,12,12,12,15,16,17,17,17,18,18,21,21,21,22,23,24,24,24,24,24,25,25,28,28,28,29,29,29,30,30,30,30,31,31,31,31,32,34,34,34,35,38,39,39,39,39,40,42,42,43,44,45,46,46,46,46,46,46,46,47,47,49,49,50,50,51,51,51,52,53,53,53,53,53,53
Chimborazo,524004,Pallatanga,12277,-1.983333000000000,-78.95000000000000,0,0,0,0,0,0,0,0,0,0,0,0,0,0,0,0,0,0,0,0,1,1,1,1,1,1,1,1,1,1,1,2,2,2,2,2,2,3,3,3,3,3,4,4,4,4,4,4,4,4,4,4,4,5,5,6,6,6,6,6,7,7,7,7,7,7,7,8,8,8,8,9,10,10,10,10,10,10,10,10,10,10,10,10,10,10,10,10,10,11,11,11,11,11
Chimborazo,524004,Penipe,6955,-1.557300000000000,-78.53959999999999,0,0,1,1,1,1,1,1,1,1,1,1,1,1,1,2,2,2,2,2,2,2,2,2,2,2,2,3,3,3,3,4,4,4,4,5,5,5,5,5,5,5,5,5,5,5,5,5,5,6,6,6,6,6,6,6,6,6,6,6,6,6,6,6,6,6,6,6,6,6,6,6,6,6,6,6,6,6,6,6,7,7,8,9,9,9,9,9,9,9,9,9,9,9
Chimborazo,524004,Riobamba,264048,-1.674347000000000,-78.64829400000001,4,8,12,15,26,31,40,48,58,63,69,71,76,84,92,101,110,120,132,137,143,156,157,163,170,172,177,185,188,193,200,205,209,212,219,223,226,233,241,249,256,265,271,273,282,289,291,300,307,313,319,322,326,332,336,342,346,352,357,361,368,373,376,385,400,403,414,419,426,428,431,437,447,459,466,471,480,486,493,495,501,508,517,520,525,532,539,544,550,558,560,560,560,560
Cotopaxi,488716,La Maná,56905,-0.9300000000000000,-79.22000000000000,1,1,2,2,2,2,2,2,2,2,3,3,4,5,6,6,6,6,6,7,7,7,9,9,9,9,9,9,9,10,10,10,13,13,13,14,15,15,18,18,18,19,21,21,21,21,21,23,24,26,26,26,26,27,27,29,29,30,30,31,31,34,37,37,38,38,39,39,40,41,41,42,44,45,45,45,45,45,45,45,45,46,46,46,47,47,49,49,50,50,50,50,50,50
Cotopaxi,488716,Latacunga,205624,-0.9333330000000000,-78.61666700000001,7,10,14,19,23,29,32,38,42,51,63,71,79,82,84,90,96,101,103,106,112,118,122,130,134,144,147,155,158,164,173,183,189,194,201,210,212,220,228,239,248,254,265,271,274,280,286,293,298,306,308,313,314,326,332,340,341,346,350,357,361,363,369,377,381,387,391,393,397,400,404,407,409,413,419,427,430,436,446,454,459,466,469,476,479,484,488,493,498,498,498,498,498,498
Cotopaxi,488716,Pangua,24612,-1.133333000000000,-79.06666700000000,0,0,0,0,0,0,0,0,0,1,1,2,5,5,5,7,7,7,8,8,8,9,10,10,10,11,11,11,11,12,12,12,12,12,12,13,15,15,15,15,16,16,16,16,16,17,17,18,18,18,18,18,19,21,21,24,25,26,26,26,26,26,26,27,27,27,27,27,27,27,27,27,28,29,29,29,30,31,31,31,33,33,35,35,35,35,35,35,35,35,35,35,35,35
Cotopaxi,488716,Pujilí,79772,-0.9500000000000000,-78.69000000000000,2,2,2,3,4,4,5,6,7,8,10,10,10,12,12,12,13,13,14,14,15,15,16,18,18,20,22,23,24,25,27,28,31,31,32,34,34,34,35,35,36,36,36,36,37,37,37,39,40,42,42,42,44,46,46,46,46,46,48,48,49,50,50,52,52,53,54,55,55,55,56,59,60,61,61,62,62,63,63,65,67,68,69,69,70,73,77,77,77,77,77,77,77,77
Cotopaxi,488716,Salcedo,67100,-1.050000000000000,-78.58333300000000,2,4,5,5,5,5,7,8,9,11,12,12,12,15,15,15,15,15,15,15,18,20,22,23,24,26,27,28,29,29,31,31,32,32,34,35,35,35,35,35,37,38,38,40,42,44,44,45,48,48,50,52,53,53,55,56,56,56,56,57,57,57,59,59,60,61,62,62,65,65,67,67,68,68,68,70,72,75,76,76,76,79,81,81,83,83,83,83,84,84,84,84,84,84
Cotopaxi,488716,Saquisilí,31426,-0.8300000000000000,-78.67000000000000,1,1,1,2,2,3,5,5,6,6,7,7,7,8,9,10,10,10,10,10,10,10,10,10,10,10,10,11,11,11,12,12,13,13,14,14,14,16,16,17,18,18,19,19,19,19,19,19,19,20,20,20,21,21,21,21,21,21,22,22,22,22,23,23,23,23,23,23,23,23,23,23,23,23,24,24,25,25,25,25,25,26,26,26,27,27,27,27,27,27,27,27,27,27
Cotopaxi,488716,Sigchos,23277,-0.7000000000000000,-78.88333299999999,0,0,0,0,0,1,1,1,2,2,3,3,3,3,3,3,3,3,3,3,4,4,4,4,4,4,4,4,4,6,7,7,7,7,7,7,8,8,8,8,8,8,8,8,8,9,9,9,9,9,9,10,10,10,10,10,10,10,10,10,10,10,10,10,10,10,10,10,11,11,11,11,13,14,14,14,14,14,15,15,16,16,16,16,16,18,18,18,18,18,18,18,18,18
El Oro,715751,Arenillas,33473,-3.550000000000000,-80.06000000000000,2,2,2,2,2,2,2,2,3,3,4,4,4,4,4,4,7,7,7,7,8,8,8,8,8,8,8,8,10,10,10,11,11,12,12,13,13,13,13,13,15,16,17,18,18,18,18,18,18,18,18,18,19,21,22,22,22,23,28,28,28,29,29,30,30,31,32,32,34,35,35,36,36,37,37,37,38,38,38,38,38,39,40,40,40,40,41,42,42,43,43,43,43,43
El Oro,715751,Atahualpa,6436,-2.900000000000000,-78.93333300000000,0,0,0,0,1,1,1,1,1,2,2,3,3,3,3,3,3,3,3,3,3,3,3,3,3,3,3,3,3,3,3,3,3,3,4,4,5,5,5,5,5,5,5,5,6,6,6,6,6,6,6,6,6,6,6,6,6,6,6,6,6,6,6,6,6,6,7,7,7,7,7,8,8,8,8,8,8,8,8,8,8,8,8,8,8,8,8,8,8,9,9,9,9,9
El Oro,715751,Balsas,9233,-3.762600000000000,-79.82530000000000,0,0,0,0,0,0,0,0,0,0,0,0,0,0,0,0,0,0,0,0,0,0,0,0,0,0,0,0,0,0,0,0,0,0,0,0,0,0,0,0,0,0,0,0,0,0,0,0,0,0,2,2,2,2,2,2,2,2,2,2,2,2,2,2,2,2,2,2,2,2,2,3,3,3,3,3,3,4,4,4,4,4,4,4,4,5,5,5,5,5,5,5,5,5
El Oro,715751,Chilla,2379,-3.450000000000000,-79.58000000000000,0,0,0,0,0,0,0,0,0,0,0,0,0,0,0,0,0,0,0,0,0,0,0,0,0,0,0,0,0,0,0,1,1,1,1,1,1,1,1,1,1,1,1,1,1,1,1,1,1,1,1,1,1,2,2,2,2,2,2,2,2,2,2,2,3,3,3,3,3,3,3,3,3,3,3,3,3,3,3,3,3,3,3,3,3,3,3,3,3,3,3,3,3,3
El Oro,715751,El Guabo,63645,-3.238800000000000,-79.82920000000000,0,0,1,1,1,1,1,3,4,4,6,6,7,7,8,11,13,13,16,16,17,19,20,22,23,23,24,26,26,27,29,31,31,32,33,33,34,37,38,39,40,41,41,41,44,44,44,44,44,44,44,44,44,47,47,49,51,52,52,53,53,53,53,53,53,54,56,56,57,60,61,61,62,62,62,62,62,62,62,63,63,64,66,67,67,68,68,68,70,70,70,70,70,70
El Oro,715751,Huaquillas,60440,-3.481380000000000,-80.24320700000000,2,2,2,2,2,3,4,5,6,6,7,8,8,8,10,10,10,11,12,13,14,14,15,16,16,17,20,20,20,22,23,24,26,26,27,28,28,32,33,33,34,35,35,36,36,38,41,41,42,43,44,44,45,45,47,48,48,49,50,50,50,50,51,52,52,52,53,53,54,54,55,56,57,59,60,60,61,61,63,63,64,66,66,66,67,67,68,68,68,68,68,68,68,68
El Oro,715751,Las Lajas,4963,-3.785000000000000,-80.06166700000000,0,0,0,0,0,1,1,2,2,2,2,2,2,2,2,2,2,2,2,2,2,2,2,2,2,2,2,2,2,2,2,2,2,2,2,2,2,2,2,2,2,2,2,2,2,2,2,2,2,3,3,3,3,3,4,4,4,4,4,4,4,4,4,4,4,4,4,4,5,5,5,5,5,6,6,7,7,7,7,7,7,7,7,7,7,7,7,7,7,7,7,7,7,7
El Oro,715751,Machala,289141,-3.266667000000000,-79.96666700000000,10,15,20,23,30,35,42,51,56,64,67,75,87,93,99,113,121,128,133,144,157,166,177,185,194,203,214,223,241,250,255,265,270,287,299,307,320,331,341,351,357,367,373,380,388,398,407,415,430,439,450,461,468,477,487,494,498,508,523,532,540,549,554,565,577,591,598,607,613,621,622,633,644,655,665,672,685,691,704,712,725,734,739,749,763,774,788,793,802,807,815,815,817,817
El Oro,715751,Marcabelí,6259,-3.786000000000000,-79.89780000000000,0,0,0,0,0,0,0,0,0,1,1,1,1,1,2,2,2,2,2,2,2,2,2,2,2,2,2,2,2,2,2,2,2,2,2,2,2,2,2,3,3,4,4,4,4,4,4,4,4,5,5,5,5,5,5,5,5,5,5,5,5,5,6,6,6,6,6,6,6,6,6,6,6,7,7,7,7,7,7,7,7,7,7,7,7,7,7,7,7,7,7,7,7,7
El Oro,715751,Pasaje,87723,-3.326900000000000,-79.80490000000000,3,5,7,7,8,9,12,14,15,16,16,19,19,20,21,21,22,23,25,28,31,32,32,34,37,37,37,38,40,42,44,45,46,46,47,48,49,50,54,56,56,59,59,63,65,66,67,69,70,71,74,76,76,78,81,81,85,86,86,86,87,87,87,88,88,90,90,93,93,94,96,98,98,99,99,100,101,102,102,102,103,105,107,111,112,113,114,115,116,118,119,119,119,119
El Oro,715751,Piñas,30206,-3.666667000000000,-79.65000000000001,1,2,2,3,4,4,6,7,8,8,8,9,11,12,12,13,13,13,15,15,16,16,16,17,17,17,19,20,20,21,22,23,23,23,23,24,24,26,26,27,28,31,34,36,36,37,40,41,41,41,42,43,45,45,45,46,46,48,50,50,50,50,50,51,51,51,51,52,53,53,54,55,57,59,59,60,63,63,65,65,65,65,66,66,68,69,71,71,72,72,72,72,72,72
El Oro,715751,Portovelo,14028,-3.720000000000000,-79.62000000000000,0,0,0,0,0,1,1,1,2,2,2,2,2,2,2,2,2,2,2,2,2,2,3,3,3,3,3,3,3,3,3,3,3,3,3,3,3,3,3,3,3,3,3,3,3,3,3,3,3,3,3,4,5,5,5,5,5,5,5,5,6,6,7,7,7,7,7,8,8,8,8,8,8,8,8,8,8,8,8,9,9,9,9,9,9,9,9,10,10,10,10,10,10,10
El Oro,715751,Santa Rosa,82171,-3.452222000000000,-79.96166700000001,0,2,4,7,7,7,7,7,8,8,10,11,11,13,14,15,16,16,17,17,17,18,19,21,21,23,25,27,27,27,29,29,30,31,32,33,33,33,33,35,36,37,38,39,40,40,40,42,42,43,44,44,45,45,45,45,50,50,53,55,55,56,57,59,62,64,65,65,65,65,66,66,68,71,72,73,74,76,78,80,80,80,80,81,81,83,84,86,87,89,90,90,90,90
El Oro,715751,Zaruma,25654,-3.433333000000000,-79.59999999999999,1,1,2,2,2,2,2,3,3,5,5,6,7,7,7,8,10,11,11,11,11,11,11,11,12,14,16,16,16,16,16,17,19,19,19,19,19,20,20,22,22,23,24,25,25,25,25,25,25,25,25,25,25,25,25,25,26,26,26,27,28,28,28,28,28,28,28,29,30,31,31,31,32,35,35,35,35,35,36,36,36,36,36,36,36,36,36,36,37,37,37,37,37,37
Esmeraldas,591083,Atacames,55495,0.8666670000000000,-79.83333300000000,0,0,0,1,1,2,2,2,2,2,2,2,3,3,4,5,5,6,7,8,8,8,8,8,9,9,9,9,10,12,13,14,14,14,15,15,15,16,16,16,16,16,17,17,18,18,19,19,19,19,19,20,20,20,21,21,22,22,22,22,23,23,23,24,24,27,28,29,29,29,29,29,29,30,31,32,32,32,32,32,33,33,34,35,35,35,37,38,38,38,38,38,38,38
Esmeraldas,591083,Eloy Alfaro,45629,1.250000000000000,-79,0,0,1,1,1,2,2,2,2,3,3,3,3,4,4,4,4,4,4,4,4,4,4,4,4,4,4,4,4,5,5,5,5,5,5,5,5,5,5,5,5,5,5,5,5,5,5,5,5,5,5,5,5,5,5,5,5,5,5,5,5,5,5,6,6,6,6,6,7,7,7,7,7,7,7,7,8,8,8,8,8,8,8,8,8,8,8,8,8,8,8,8,8,8
Esmeraldas,591083,Esmeraldas,218727,1.050000000000000,-79.20000000000000,1,4,6,8,10,13,15,18,19,21,26,29,30,32,33,36,39,44,46,50,54,60,62,69,74,76,79,82,83,84,89,90,93,95,100,102,104,107,113,116,121,127,130,135,139,146,150,155,156,160,164,167,171,173,177,183,186,191,196,198,202,208,212,218,225,230,233,238,242,245,252,260,267,275,278,286,292,300,309,314,322,328,333,342,345,347,349,354,358,360,362,363,363,363
Esmeraldas,591083,Muisne,31106,0.6067000000000000,-80.01830000000000,0,0,0,1,1,1,1,1,1,1,1,1,1,2,2,2,2,2,2,2,2,2,2,2,2,2,2,2,2,3,3,3,3,3,3,3,3,5,6,6,6,6,6,6,7,7,8,8,8,8,8,8,8,9,9,9,9,9,10,10,11,11,11,11,11,12,12,12,12,12,14,15,15,15,16,16,16,16,16,16,18,18,18,18,18,19,19,19,19,19,19,19,19,19
Esmeraldas,591083,Quinindé,145879,0.3300000000000000,-79.48000000000000,2,2,3,3,3,3,5,5,6,6,8,13,14,16,16,16,17,18,19,23,24,26,26,26,27,29,29,29,29,29,31,34,34,36,39,41,41,43,44,44,45,46,47,48,48,50,50,52,54,54,54,56,61,61,62,64,64,64,65,67,67,67,68,71,73,73,74,74,75,75,75,76,79,84,85,86,87,88,89,91,103,104,105,106,106,110,115,116,116,118,118,118,118,118
Esmeraldas,591083,Rioverde,31475,1.060200000000000,-79.40440000000000,1,1,2,2,2,2,3,3,3,3,3,3,3,3,3,3,3,3,3,3,3,4,4,6,6,6,6,8,8,9,10,11,11,12,12,12,12,13,13,13,13,13,13,13,13,13,13,13,13,14,14,14,14,14,15,15,15,16,16,16,17,17,17,17,17,17,18,19,19,21,21,22,22,22,22,23,24,24,24,24,24,24,24,24,24,25,25,26,26,26,26,26,26,26
Esmeraldas,591083,San Lorenzo,62772,1.265800000000000,-78.84139999999999,2,3,3,5,5,5,5,5,5,6,6,7,7,7,8,8,9,9,9,10,10,10,11,11,11,11,11,11,11,12,13,13,14,14,14,14,14,14,14,14,14,15,15,15,15,15,15,16,16,16,17,17,17,18,18,20,20,22,23,23,23,24,24,24,24,24,24,24,24,24,25,25,26,26,26,26,26,26,27,28,28,28,28,28,28,29,29,29,29,29,29,29,29,29
Galápagos,33042,Isabela,3073,-0.4724000000000000,-90.68110000000000,0,0,0,0,0,0,0,0,0,0,0,0,0,0,0,0,0,0,0,0,0,0,0,0,0,0,0,0,0,0,0,0,0,0,0,0,0,0,0,0,0,0,0,0,0,0,0,0,0,0,0,0,0,0,0,0,0,0,0,0,0,1,1,1,1,1,1,1,1,1,1,1,1,1,1,1,1,1,1,1,1,1,1,1,1,1,1,1,1,1,1,1,1,1
Galápagos,33042,San Cristóbal,9667,-0.8000000000000000,-89.40000000000001,0,0,0,1,1,1,1,1,1,2,2,2,2,2,2,3,4,5,6,7,7,8,8,9,9,9,9,9,9,9,9,9,9,9,9,10,10,10,10,10,10,10,10,10,10,10,10,10,10,10,11,11,11,11,11,11,11,11,12,13,13,13,13,13,13,13,13,13,14,14,14,14,15,16,16,17,17,17,17,17,18,18,19,19,19,19,19,19,19,19,19,19,19,19
Galápagos,33042,Santa Cruz,20302,-0.6333330000000000,-90.36666700000001,0,0,1,1,1,1,2,3,3,3,3,3,3,3,3,3,3,3,3,3,3,3,3,3,3,3,3,3,3,3,3,3,3,3,3,3,3,3,3,3,3,4,4,4,4,4,4,4,4,4,4,5,5,5,5,5,5,5,5,5,5,5,5,5,5,7,7,8,8,8,8,8,8,8,8,8,8,8,8,8,8,8,8,8,8,8,8,8,8,8,8,8,8,8
Guayas,4387434,Alfredo Baquerizo Moreno,32110,-1.916667000000000,-79.51666700000000,1,1,1,1,1,2,2,2,2,2,2,2,3,3,3,3,5,5,5,6,6,7,8,9,9,9,9,9,9,9,10,10,10,10,10,10,10,10,11,11,11,11,12,12,14,14,14,14,15,15,15,16,17,17,17,17,19,19,19,19,19,19,20,20,20,20,20,20,20,21,22,22,22,22,22,22,22,22,22,22,24,24,24,25,25,26,26,27,27,27,27,27,27,27
Guayas,4387434,Balao,26348,-2.910000000000000,-79.81000000000000,2,2,2,2,2,3,4,4,4,4,4,5,6,7,7,7,7,7,7,7,7,7,7,8,8,8,8,8,8,8,10,10,10,10,11,11,11,11,11,12,13,13,13,13,13,14,14,14,14,14,14,14,14,14,14,15,15,15,16,16,16,16,16,16,16,16,16,16,16,16,16,16,16,16,16,17,18,18,18,18,18,18,18,18,18,18,18,18,18,18,18,18,18,18
Guayas,4387434,Balzar,60260,-1.360000000000000,-79.90000000000001,0,1,3,3,4,5,5,5,5,5,6,6,8,8,8,10,11,11,11,11,12,13,17,17,18,18,19,19,20,21,21,21,21,21,21,21,22,23,23,23,24,24,24,25,26,26,28,30,31,31,32,33,34,34,36,37,37,40,42,44,45,46,47,48,50,51,51,51,53,54,56,56,56,57,61,61,62,63,63,63,64,65,65,65,68,69,69,71,71,71,71,71,71,71
Guayas,4387434,Colimes,26169,-1.550000000000000,-80.01666700000000,0,0,0,0,0,2,2,2,3,3,3,3,3,3,4,5,6,6,7,8,8,8,8,8,8,8,8,9,9,9,9,9,9,9,9,9,9,9,9,9,9,9,9,9,9,9,10,10,10,10,10,10,10,10,10,10,10,10,10,10,12,12,12,12,12,12,12,13,13,13,13,13,14,15,15,15,15,16,16,16,16,16,16,16,16,16,16,16,17,17,18,18,18,18
Guayas,4387434,Coronel Marcelino Maridueña,13132,-2.200000000000000,-79.42000000000000,0,0,0,0,0,0,0,0,0,0,1,1,1,1,1,1,1,1,1,1,1,1,2,2,2,2,2,2,2,2,2,2,2,2,2,2,2,2,2,2,2,2,2,2,2,2,2,3,4,4,4,5,5,5,5,5,5,5,5,5,5,5,5,5,5,5,5,5,5,5,6,6,7,7,7,7,7,7,8,8,9,9,9,9,9,9,9,9,9,9,9,9,9,9
Guayas,4387434,Daule,173684,-1.866667000000000,-79.98333300000000,4,7,10,11,14,18,21,21,24,26,32,33,34,34,39,41,42,44,45,49,50,51,54,55,59,62,66,66,68,69,72,74,75,79,82,83,88,89,89,91,94,97,98,101,103,105,108,108,109,111,114,116,116,116,120,122,126,127,129,131,133,135,136,138,140,141,143,147,150,153,155,157,161,165,165,166,168,172,176,177,178,181,185,185,188,192,198,202,204,206,208,209,209,209
Guayas,4387434,Durán,315724,-2.166667000000000,-79.83333300000000,2,6,9,10,11,14,15,16,17,18,22,24,29,30,33,35,37,39,40,44,45,50,52,56,56,56,58,59,62,64,67,67,69,73,75,77,78,80,84,86,88,89,91,92,96,97,99,104,107,109,111,114,115,116,118,119,119,120,126,131,132,133,137,141,143,144,147,151,152,155,158,160,162,165,170,173,173,181,184,185,187,190,193,197,200,202,209,209,210,212,216,218,220,220
Guayas,4387434,El Triunfo,59636,-2.330000000000000,-79.40000000000001,1,2,2,2,3,4,5,5,6,6,8,8,8,9,9,11,13,14,14,14,14,15,17,17,17,17,19,19,19,20,20,23,23,23,23,23,25,25,25,25,25,28,29,29,30,31,32,32,32,35,35,36,36,37,37,38,40,41,42,42,43,44,46,46,48,48,48,48,49,50,50,51,52,52,52,52,52,52,54,55,55,55,55,56,57,59,59,60,61,63,63,63,63,63
Guayas,4387434,Empalme,86073,-1.046111000000000,-79.63361100000000,1,2,3,6,7,7,8,8,10,11,12,13,14,15,15,16,18,18,19,20,21,23,24,24,24,25,26,27,28,28,30,31,31,34,34,35,37,39,40,42,43,45,47,48,49,51,53,54,55,55,57,58,59,60,60,61,62,63,65,67,68,70,71,75,76,79,82,84,84,85,85,85,86,87,90,90,91,94,94,96,96,98,98,99,99,99,99,99,99,99,100,100,100,100
Guayas,4387434,General Antonio Elizalde,13156,-2.200000000000000,-79.17000000000000,0,0,0,0,0,0,1,1,1,2,3,3,3,3,3,3,3,3,3,3,3,3,5,5,5,5,6,6,8,8,8,8,10,10,10,11,11,11,12,12,12,13,13,13,13,13,13,13,13,14,14,14,14,14,14,14,14,14,14,15,15,15,15,15,15,17,17,17,18,18,18,18,18,18,19,19,20,21,21,22,23,23,23,23,23,24,25,25,25,25,25,25,25,25
Guayas,4387434,Guayaquil,2723665,-2.183333000000000,-79.88333299999999,53,111,167,224,297,346,411,474,549,610,687,751,821,887,953,1015,1088,1143,1217,1283,1355,1419,1486,1545,1615,1684,1762,1829,1896,1962,2016,2066,2139,2195,2249,2307,2372,2441,2510,2586,2640,2708,2768,2837,2913,2979,3051,3119,3182,3256,3333,3392,3452,3553,3621,3692,3749,3828,3888,3959,4029,4095,4157,4222,4287,4353,4436,4522,4580,4653,4718,4797,4871,4939,5005,5078,5161,5235,5314,5397,5483,5554,5633,5717,5804,5891,5963,6061,6158,6238,6321,6391,6456,6467
Guayas,4387434,Isidro Ayora,14582,-1.883333000000000,-80.16666700000000,0,0,0,0,0,0,0,0,0,0,0,0,0,1,1,1,1,1,1,1,2,2,2,3,3,3,3,3,3,3,3,3,3,3,3,3,3,3,3,4,4,4,4,4,4,4,5,5,5,5,5,5,6,6,6,6,6,6,6,6,6,6,6,6,6,6,6,6,6,6,7,7,7,7,7,7,7,7,7,7,7,7,7,7,7,7,7,7,7,7,7,7,7,7
Guayas,4387434,Lomas de Sargentillo,24220,-1.883333000000000,-80.08333300000000,0,0,0,0,0,0,0,0,0,0,0,0,0,1,2,2,2,2,2,3,3,3,3,3,3,3,4,5,5,5,5,5,5,5,5,5,5,5,5,5,6,6,6,6,6,6,6,7,8,8,8,8,8,8,8,8,8,9,10,10,10,10,10,10,10,10,10,10,11,13,13,13,13,13,13,15,15,15,15,15,15,15,15,15,17,17,17,17,17,17,17,17,17,17
Guayas,4387434,Milagro,199835,-2.126944000000000,-79.59916699999999,6,11,15,18,23,27,30,35,40,43,46,51,54,59,66,69,76,82,85,87,93,104,111,117,123,136,145,152,154,164,166,173,183,186,191,199,204,209,215,221,224,228,232,239,243,245,250,254,261,263,270,275,281,285,296,302,309,313,316,328,330,333,339,341,349,353,356,361,369,375,379,381,388,392,397,409,416,419,425,430,437,442,449,459,465,468,475,480,487,496,496,496,497,497
Guayas,4387434,Naranjal,95052,-2.672800000000000,-79.61499999999999,2,2,3,3,5,6,6,6,6,7,7,8,8,10,10,11,14,14,14,14,14,17,17,18,18,20,21,21,21,23,24,25,27,28,29,29,30,30,31,32,33,36,36,37,37,39,39,40,41,41,42,42,43,44,45,46,47,48,48,49,50,52,52,52,54,55,56,58,59,60,61,62,63,65,66,66,66,71,71,74,74,75,75,76,76,77,81,82,83,83,83,83,83,83
Guayas,4387434,Naranjito,43862,-2.173000000000000,-79.46710000000000,0,0,0,0,0,1,2,3,5,6,6,6,7,7,7,8,8,9,9,10,10,10,11,12,14,14,15,18,18,18,18,19,20,22,22,22,22,23,24,24,24,25,25,25,29,30,31,31,34,35,36,37,37,37,37,37,38,38,38,38,38,38,39,39,40,41,41,41,42,42,43,43,43,43,46,49,51,52,53,54,55,55,56,58,59,60,60,62,63,64,64,64,64,64
Guayas,4387434,Nobol,26444,-1.916671000000000,-80.01153900000000,0,0,1,1,1,1,2,2,2,2,2,3,3,4,4,4,4,4,4,4,4,4,4,6,6,7,7,7,7,8,8,8,9,9,9,9,9,9,10,10,11,11,11,11,12,14,15,15,15,15,15,15,15,15,16,16,16,17,17,17,17,17,17,17,17,18,18,18,18,19,21,24,24,24,24,25,26,26,27,27,27,27,27,27,27,27,27,28,29,29,29,29,29,29
Guayas,4387434,Palestina,18451,-1.626300000000000,-79.97700000000000,1,1,1,1,1,1,1,1,2,2,2,2,2,3,3,3,3,3,5,5,5,5,6,6,6,6,6,6,6,6,6,7,7,7,8,8,8,9,9,9,9,9,9,9,9,10,11,11,11,11,11,11,11,11,11,11,11,11,11,11,11,11,12,12,12,12,12,12,12,13,13,14,14,15,15,15,15,15,16,16,16,17,17,17,18,18,18,19,19,19,20,20,20,20
Guayas,4387434,Pedro Carbo,51802,-1.833333000000000,-80.23333300000000,1,1,2,4,5,6,7,8,8,9,9,9,9,11,11,11,12,12,12,13,15,16,17,18,20,20,21,21,21,23,23,24,25,26,26,26,27,28,29,30,34,34,35,36,36,36,36,37,38,38,39,39,40,41,42,42,42,42,42,44,44,45,46,49,50,50,50,51,52,54,55,55,56,57,57,59,59,61,62,63,67,69,71,74,74,76,78,81,85,85,85,85,85,85
Guayas,4387434,Playas,59628,-2.623330000000000,-80.38750000000000,1,1,2,2,2,2,3,3,4,4,6,6,6,6,6,8,10,12,12,12,16,17,18,19,20,21,23,24,24,25,26,27,27,28,30,31,32,33,33,34,34,34,34,35,36,38,39,39,40,40,40,41,42,42,42,43,43,45,46,48,48,48,49,49,50,50,50,52,54,56,56,56,57,57,57,58,59,60,60,62,63,64,66,68,69,70,72,72,72,75,75,75,76,76
Guayas,4387434,Salitre,65765,-1.829444000000000,-79.81555600000000,0,2,2,2,3,5,7,8,8,8,8,8,8,8,8,8,9,10,10,11,13,14,16,16,20,20,20,22,24,24,24,24,25,26,26,27,28,29,29,29,29,29,31,32,33,33,33,33,36,36,37,37,38,39,40,40,41,43,45,46,46,47,48,48,49,50,51,51,51,52,52,53,53,56,57,57,57,57,57,58,60,62,62,63,64,67,69,70,71,72,74,74,74,74
Guayas,4387434,Samborondón,102404,-2.183333000000000,-79.88333299999999,2,3,3,3,5,6,7,8,8,8,8,9,10,14,15,17,20,24,25,27,29,31,32,35,36,36,38,39,39,39,41,42,43,45,47,48,51,53,56,58,59,59,62,62,64,66,67,68,68,68,68,69,70,71,71,74,75,75,75,76,78,81,81,82,82,84,85,85,85,86,87,88,90,90,91,93,93,94,95,97,97,97,98,98,99,100,104,104,105,105,105,105,105,105
Guayas,4387434,San Jacinto De Yaguachi,78204,-2.120000000000000,-79.69000000000000,0,1,1,1,1,1,2,2,2,3,5,6,7,7,8,8,9,10,10,10,13,14,14,14,14,14,15,17,18,19,19,19,19,19,19,20,21,21,21,21,21,21,21,23,26,27,29,30,31,35,37,38,40,40,41,42,42,43,44,47,48,52,54,55,55,55,56,58,59,61,61,61,64,64,65,65,65,66,68,68,69,69,71,74,74,76,79,79,80,80,80,80,80,80
Guayas,4387434,Santa Lucía,45004,-1.713889000000000,-79.98500000000000,0,0,1,1,1,1,1,1,1,1,2,2,2,2,2,3,4,5,6,7,8,9,9,11,11,12,13,15,15,15,15,17,17,17,18,18,19,20,20,20,20,21,22,24,24,24,25,25,25,26,27,28,28,28,28,28,29,29,29,30,30,31,31,31,32,32,32,32,32,32,32,33,33,33,33,35,35,35,37,37,39,40,40,40,40,40,40,41,41,42,43,43,43,43
Guayas,4387434,Simón Bolivar,32224,-2.156667000000000,-79.88750000000000,0,0,0,1,1,1,1,2,2,2,2,2,2,2,2,2,2,2,2,2,2,3,3,3,4,4,4,5,5,5,5,5,5,5,5,5,5,5,5,5,5,5,5,5,5,5,5,5,6,6,7,8,8,8,8,8,8,9,9,9,9,9,9,10,10,10,10,10,13,13,13,13,13,13,13,13,14,15,15,15,15,15,15,15,15,15,15,15,16,16,16,16,16,16
Imbabura,476257,Antonio Ante,54311,0.3200000000000000,-78.20999999999999,1,1,3,3,3,3,3,5,5,6,6,6,6,9,9,9,9,11,11,11,12,14,16,16,17,17,18,18,19,19,19,20,22,22,23,23,26,26,26,26,26,26,26,27,28,29,29,30,31,31,33,35,35,35,35,35,36,36,36,38,38,38,39,39,39,39,39,39,39,39,41,41,42,42,43,45,46,47,48,49,50,51,51,53,53,53,54,54,55,55,56,56,56,56
Imbabura,476257,Cotacachi,44203,0.3000000000000000,-78.26666700000000,2,3,3,4,5,5,6,6,6,6,6,6,8,8,8,8,8,9,11,11,15,15,15,15,16,18,19,19,22,22,22,23,24,25,25,25,25,26,27,27,28,28,28,28,28,28,28,31,31,31,33,33,33,34,35,35,36,38,39,41,42,43,43,44,44,44,44,44,45,45,46,46,46,47,47,47,48,48,50,51,51,52,52,52,53,53,53,53,53,53,53,53,53,53
Imbabura,476257,Ibarra,221149,0.3626780000000000,-78.13066700000000,2,4,8,15,18,22,29,34,40,47,54,57,61,66,74,79,85,91,96,101,106,113,117,119,123,127,136,139,142,154,164,169,176,182,188,192,199,205,208,214,226,232,236,242,252,256,258,265,268,270,272,277,284,290,293,300,304,305,307,311,316,319,323,325,331,334,340,343,350,353,354,361,367,373,376,381,383,387,392,395,401,405,413,419,426,431,433,442,451,458,461,461,461,461
Imbabura,476257,Otavalo,125785,0.2333330000000000,-78.26666700000000,4,6,7,9,10,13,15,15,18,19,20,22,23,26,26,28,29,29,30,31,31,31,34,37,40,41,44,47,50,51,54,54,57,59,60,62,62,65,66,66,68,69,70,71,73,75,78,78,81,82,82,82,84,85,85,86,90,96,99,101,103,104,104,105,107,107,108,109,110,113,115,115,116,117,117,117,117,118,119,121,122,125,129,129,132,135,136,137,139,143,143,144,144,144
Imbabura,476257,Pimampiro,13269,0.4000000000000000,-77.97000000000000,0,0,0,1,1,1,1,1,3,3,3,3,5,5,6,6,6,6,6,7,7,7,7,7,8,8,8,8,8,8,8,10,10,10,10,10,10,10,10,10,10,10,11,11,11,12,12,13,14,14,15,15,15,16,16,16,17,17,17,18,18,18,18,18,18,19,20,20,20,20,20,20,20,20,20,20,21,21,21,21,22,22,22,22,22,22,22,23,23,23,23,23,23,23
Imbabura,476257,San Miguel de Urcuquí,17540,0.5200000000000000,-78.20000000000000,0,0,0,0,0,0,0,0,0,0,0,1,1,1,1,1,1,1,2,3,5,5,5,5,5,5,5,5,5,5,5,5,5,5,5,5,6,6,6,7,7,7,7,8,8,8,8,9,9,9,9,9,9,9,9,9,10,10,10,10,10,11,11,11,11,11,11,11,11,11,11,11,11,11,12,12,13,14,14,14,15,15,15,15,15,15,15,15,16,16,17,17,17,17
Loja,521154,Calvas,29565,-4.320000000000000,-79.56000000000000,0,0,0,0,1,1,2,2,2,3,4,4,4,4,6,6,6,7,8,9,9,10,12,13,15,17,17,18,18,18,19,19,19,20,20,20,20,21,21,21,22,23,25,27,28,30,30,30,31,32,32,33,33,33,33,33,34,34,34,34,34,34,36,36,37,38,38,38,38,38,39,40,40,41,41,42,43,43,45,46,46,48,49,51,51,51,52,53,53,53,53,53,53,53
Loja,521154,Catamayo,35961,-3.980000000000000,-79.34999999999999,0,0,0,0,0,1,1,1,1,1,1,1,1,3,3,3,3,5,5,6,7,7,7,7,10,10,12,12,12,13,15,15,15,15,15,16,17,18,18,18,18,18,18,19,19,19,20,20,20,20,21,21,22,23,23,23,23,24,24,24,24,24,24,24,25,27,27,27,27,28,28,29,29,29,30,32,32,32,34,34,34,35,37,37,37,37,37,38,38,38,38,38,38,38
Loja,521154,Celica,16160,-4.102500000000000,-79.95444400000000,0,0,0,1,1,1,1,1,1,1,1,1,1,1,1,2,2,2,2,2,2,2,2,2,3,3,3,3,3,3,3,3,4,5,5,5,6,6,6,6,8,8,8,8,8,9,9,9,9,10,10,10,10,10,10,10,10,11,11,11,12,12,12,12,12,13,13,14,14,15,15,15,16,16,16,16,16,16,16,16,16,16,16,16,16,16,16,16,16,16,16,16,16,16
Loja,521154,Chaguarpamba,6620,-3.850000000000000,-79.65000000000001,0,0,0,0,0,0,1,1,1,1,1,1,1,2,2,3,3,3,3,3,3,3,3,3,3,3,3,3,3,3,3,3,4,4,4,4,4,4,4,5,5,5,5,5,5,5,6,6,6,7,7,7,7,7,7,7,8,8,8,8,9,9,9,9,9,9,9,10,10,10,10,10,10,10,10,10,11,11,11,11,11,11,11,11,11,11,11,11,11,11,11,11,11,11
Loja,521154,Espíndola,14209,-4.583056000000000,-79.42694400000001,0,0,0,1,1,1,2,2,2,2,3,3,3,3,4,5,5,5,6,7,7,7,7,7,7,7,7,7,7,7,7,7,7,7,8,8,9,9,9,9,9,9,9,9,9,9,9,9,9,9,9,9,9,9,9,9,9,9,9,9,9,10,10,10,10,10,10,10,10,10,10,12,12,12,12,12,12,12,12,12,12,14,14,15,15,15,15,15,15,15,15,15,15,15
Loja,521154,Gonzanamá,10953,-4.231389000000000,-79.43527800000000,1,1,1,1,1,1,1,1,1,2,3,3,4,4,4,4,4,4,4,4,4,4,4,4,4,5,5,5,5,5,5,5,6,6,6,6,6,6,6,6,7,7,8,8,8,8,9,9,9,9,9,9,9,9,10,10,10,10,10,10,10,10,10,10,11,11,11,12,12,12,12,12,12,12,12,13,13,13,13,14,14,14,14,14,15,16,16,17,17,17,17,17,17,17
Loja,521154,Loja,274112,-3.983333000000000,-79.20000000000000,5,10,16,24,28,34,36,41,44,45,51,51,55,59,63,65,67,68,76,80,93,100,104,108,111,115,118,121,123,128,139,149,157,160,169,174,182,187,195,198,204,208,218,224,228,239,242,250,257,265,273,276,278,282,283,291,294,297,308,318,323,329,336,343,349,359,365,374,388,394,403,406,413,421,427,434,447,458,470,483,497,502,507,518,529,536,545,556,570,582,582,582,582,582
Loja,521154,Macará,20269,-4.383333000000000,-79.95000000000000,0,0,0,1,1,2,2,2,2,2,2,2,2,3,3,3,3,3,3,4,4,4,4,4,4,4,4,4,5,6,6,6,6,6,6,8,8,8,8,8,8,8,8,8,8,8,10,10,11,11,11,12,14,14,14,16,16,16,17,17,17,17,17,17,17,17,17,17,17,17,17,18,19,19,20,20,21,21,22,22,24,27,27,27,27,29,29,29,29,29,29,29,29,29
Loja,521154,Olmedo,4220,-3.934000000000000,-79.64800000000000,0,0,0,0,0,0,0,0,0,0,1,1,1,1,1,2,2,2,2,2,2,2,2,2,2,2,2,2,2,3,3,3,3,3,3,3,3,3,3,3,3,3,3,3,4,4,4,4,4,4,4,4,4,4,4,4,4,4,5,5,5,5,5,5,5,5,5,5,5,5,5,5,5,5,5,5,5,5,5,5,5,5,5,5,5,5,5,5,5,5,5,5,5,5
Loja,521154,Paltas,23471,-4.050000000000000,-79.65000000000001,0,0,0,0,3,3,4,4,4,4,4,6,6,8,9,9,9,10,10,10,12,12,12,13,13,14,14,14,14,14,14,15,17,18,18,18,19,19,21,21,22,22,25,25,27,27,30,30,30,31,31,31,31,31,31,31,32,32,33,35,35,35,35,35,35,35,36,37,38,38,38,39,41,43,43,44,44,45,46,51,51,51,51,53,53,54,54,54,55,55,55,55,55,55
Loja,521154,Pindal,10540,-4.116100000000000,-80.10760000000001,0,0,0,0,0,0,0,0,0,0,0,0,0,0,0,0,0,0,0,0,0,0,0,0,0,0,0,0,0,0,0,0,0,0,0,0,0,0,0,0,0,0,0,0,0,0,1,1,1,1,1,1,1,1,1,1,1,1,1,1,1,1,1,1,1,1,1,1,1,1,2,2,2,2,2,2,2,2,2,2,2,2,2,2,2,2,2,2,2,2,2,2,2,2
Loja,521154,Puyango,15925,-3.870000000000000,-80.09000000000000,0,0,1,1,2,4,4,4,5,5,5,5,5,5,5,6,6,6,6,6,6,6,6,6,6,6,6,6,6,6,6,6,6,7,8,8,8,8,8,9,10,10,10,10,10,12,12,12,12,12,13,14,15,17,17,17,17,17,18,18,19,19,19,19,19,19,19,20,20,20,21,21,21,21,21,21,21,21,21,21,21,22,22,22,22,22,22,22,22,22,22,22,22,22
Loja,521154,Quilanga,4197,-4.298000000000000,-79.39860000000000,0,0,0,0,0,0,0,0,0,0,0,0,0,0,0,0,0,0,0,0,0,1,1,1,2,2,2,2,2,2,2,2,2,2,2,2,2,2,2,2,2,2,2,2,2,2,2,2,2,2,3,3,3,3,3,3,3,3,3,3,3,3,3,3,3,3,3,3,3,3,3,3,3,3,3,4,4,4,4,4,4,4,4,4,4,4,4,5,5,5,5,5,5,5
Loja,521154,Saraguro,33506,-3.625300000000000,-79.24110000000000,0,1,1,1,1,1,2,2,2,2,3,5,6,6,6,7,8,8,9,10,10,10,10,11,11,13,13,13,14,14,16,17,17,17,17,17,18,18,23,24,24,24,25,25,25,25,25,27,28,28,28,28,28,29,30,30,31,31,32,32,33,33,33,33,36,37,37,38,38,38,38,39,39,39,40,40,40,40,41,41,41,42,43,44,44,45,46,46,46,46,46,46,46,46
Loja,521154,Sozoranga,7121,-4.327778000000000,-79.78972200000000,0,0,0,0,0,0,0,0,0,0,0,0,0,0,0,0,0,0,0,0,1,1,1,1,1,1,1,1,1,2,2,2,2,2,2,2,2,2,2,2,2,2,2,2,2,3,3,3,3,3,3,3,3,3,3,3,3,3,3,3,3,3,3,3,5,5,5,5,5,5,5,6,6,6,6,6,6,6,6,6,6,6,6,7,7,7,7,7,7,7,7,7,7,7
Loja,521154,Zapotillo,14325,-4.386360000000000,-80.24360000000000,0,0,0,0,0,0,0,0,1,1,1,1,1,1,1,1,1,1,1,1,1,1,2,2,2,2,3,3,3,3,3,4,4,4,4,4,4,5,5,5,5,5,5,5,6,6,6,6,6,6,7,7,7,7,7,7,7,7,7,8,8,8,8,8,8,9,9,9,9,9,9,9,9,9,9,9,9,9,9,9,9,9,9,10,10,10,10,10,10,10,10,10,10,10
Los Ríos,921763,Baba,43429,-1.784167000000000,-79.67666699999999,0,0,0,1,2,3,4,5,6,8,8,8,9,9,11,14,17,17,17,17,18,18,18,18,18,18,18,19,20,20,20,20,21,23,23,23,24,26,26,27,28,28,29,30,30,30,30,31,32,33,34,36,36,37,37,39,39,40,40,40,40,40,41,41,41,42,42,42,42,42,42,42,42,43,43,43,43,44,44,45,45,47,48,48,48,48,49,51,51,51,51,51,51,51
Los Ríos,921763,Babahoyo,175281,-1.800000000000000,-79.53333300000000,2,8,10,18,23,28,33,34,36,39,43,47,50,56,59,61,69,72,76,82,87,96,103,108,114,120,122,125,128,130,132,139,147,151,153,158,162,167,171,178,182,184,185,191,193,196,203,207,214,217,223,229,235,242,244,247,251,257,266,272,273,277,280,285,290,300,309,315,320,324,328,332,339,348,350,351,356,356,359,359,362,366,371,379,383,385,393,399,403,407,408,409,409,409
Los Ríos,921763,Buena Fe,83654,-0.8985720000000000,-79.48891600000000,0,2,3,3,4,4,4,5,7,7,7,7,7,8,8,8,8,9,12,14,14,16,19,21,22,22,22,23,25,25,26,29,30,31,33,34,36,37,37,37,39,40,40,40,40,40,42,44,45,46,46,48,48,50,51,53,54,55,56,58,60,61,63,65,66,67,67,67,67,68,68,71,71,74,74,74,74,75,80,81,81,81,83,83,84,84,86,88,89,89,89,89,89,89
Los Ríos,921763,Mocache,43316,-1.183850000000000,-79.50552999999999,0,1,1,1,1,1,2,2,2,2,2,2,2,2,2,2,2,2,2,3,3,3,3,3,3,3,3,3,3,4,4,4,6,6,6,7,7,7,7,8,8,9,10,10,10,10,10,10,10,10,11,12,13,14,14,15,16,16,16,16,16,16,17,17,17,18,18,18,18,19,19,20,21,21,21,22,22,22,23,23,23,24,25,26,27,27,27,29,29,29,29,29,29,29
Los Ríos,921763,Montalvo,28720,-1.793800000000000,-79.28570000000001,3,4,4,5,5,5,5,5,5,5,6,6,7,8,9,10,10,11,11,11,12,12,12,13,13,14,16,18,19,19,19,20,22,22,23,23,23,24,24,24,24,25,25,25,25,25,25,25,26,27,27,27,27,28,28,28,29,29,30,31,31,31,31,31,31,31,32,32,32,32,33,33,33,33,34,34,34,34,34,34,34,35,35,35,35,35,37,38,38,38,38,38,38,38
Los Ríos,921763,Palenque,23638,-1.432800000000000,-79.74950000000000,0,0,0,0,0,1,2,2,2,2,2,2,2,2,2,2,2,2,2,2,3,4,5,6,6,6,6,7,7,7,7,8,8,8,8,8,8,8,8,8,8,8,8,8,9,9,9,9,9,11,11,11,11,12,12,12,12,12,12,13,13,15,15,15,15,15,16,16,16,16,16,18,18,18,18,18,18,18,18,18,19,20,20,20,20,20,20,20,20,20,20,20,20,20
Los Ríos,921763,Puebloviejo,44725,-1.550000000000000,-79.53388900000000,1,1,1,1,1,1,1,1,1,3,3,3,4,5,10,10,10,11,11,11,11,11,11,11,11,11,12,12,12,15,15,15,15,15,15,15,16,16,16,17,18,19,19,19,21,21,21,21,21,21,21,21,21,23,23,23,24,24,24,24,27,28,28,28,28,28,28,28,28,28,28,28,29,30,30,30,31,31,33,33,35,35,36,36,36,36,38,40,40,42,42,42,42,42
Los Ríos,921763,Quevedo,213842,-1.033333000000000,-79.45000000000000,4,11,12,15,18,23,26,28,34,37,45,47,50,53,56,60,65,65,71,75,79,85,89,92,105,109,115,120,123,129,131,138,141,147,152,159,163,171,176,182,188,192,200,209,215,219,228,231,236,246,248,254,264,269,277,282,288,292,298,306,315,321,326,334,340,344,352,361,369,376,388,393,403,409,415,422,429,436,436,442,448,454,456,464,467,471,477,485,494,496,498,498,498,498
Los Ríos,921763,Quinsaloma,20428,-1.206200000000000,-79.31450000000000,0,0,0,0,0,0,0,0,0,0,0,1,1,1,1,1,1,1,1,1,1,1,1,1,1,1,1,1,1,2,4,5,5,5,5,5,5,5,5,5,6,6,6,6,6,6,7,7,7,7,7,7,7,7,7,7,7,7,7,7,7,7,7,7,8,8,8,8,8,9,11,11,11,11,11,12,12,12,12,12,12,14,14,14,14,14,14,14,15,16,16,16,16,16
Los Ríos,921763,Urdaneta,32618,-1.570556000000000,-79.47111099999999,0,2,2,2,3,3,3,5,5,5,5,5,5,6,7,7,7,7,8,8,8,9,10,11,11,12,12,12,12,12,13,14,14,14,15,16,16,16,16,17,17,17,17,17,17,18,19,21,21,22,22,22,22,22,22,22,22,22,22,22,22,22,23,23,23,24,24,24,25,25,25,25,25,27,27,28,28,28,29,30,30,31,31,33,34,35,35,35,36,36,36,36,36,36
Los Ríos,921763,Valencia,54637,-0.9525000000000000,-79.35310000000000,1,1,1,2,2,2,2,2,2,2,3,3,5,6,8,8,8,8,9,10,10,10,10,10,11,11,11,11,11,11,11,12,12,12,13,13,14,14,14,14,14,14,15,15,15,15,16,16,16,16,16,16,17,18,18,18,18,18,18,18,18,20,22,23,23,24,25,27,27,28,28,28,28,28,28,28,28,29,29,30,31,31,32,32,32,32,32,32,32,34,34,34,34,34
Los Ríos,921763,Ventanas,75146,-1.450000000000000,-79.47000000000000,2,3,4,5,7,8,8,9,10,11,11,11,11,11,11,12,12,13,14,15,15,16,17,18,19,19,20,20,20,22,22,22,23,23,23,23,25,25,27,28,29,29,30,30,31,33,35,36,36,37,37,37,39,40,41,42,43,44,44,44,44,45,45,45,46,49,51,53,54,57,58,60,61,61,62,62,62,63,64,64,64,68,69,69,70,70,72,72,73,73,73,74,74,74
Los Ríos,921763,Vinces,82329,-1.558333000000000,-79.75000000000000,0,0,0,3,3,5,6,6,8,8,9,9,10,12,14,14,15,15,15,16,19,21,21,21,22,22,22,24,24,26,26,26,29,30,30,30,30,31,33,33,33,33,33,34,35,36,36,37,37,37,37,38,41,43,43,46,47,48,49,49,51,51,54,54,55,56,57,57,58,58,58,59,60,62,64,65,65,67,69,70,71,71,72,75,75,75,76,76,77,79,79,80,80,80
Manabí,1562079,Bolívar,45493,-0.8419440000000000,-80.16194400000001,1,2,2,2,2,2,2,2,2,2,3,3,3,3,3,5,6,6,6,6,6,6,6,7,7,7,10,10,10,10,10,10,10,12,14,15,16,17,18,18,19,20,20,21,21,23,23,24,25,25,25,25,26,26,26,27,30,31,31,31,32,32,35,35,35,38,40,41,41,41,41,42,42,42,42,42,43,44,44,46,49,49,50,50,50,50,50,52,52,52,53,53,53,53
Manabí,1562079,Chone,131002,-0.6833330000000000,-80.09999999999999,2,5,11,12,12,14,17,19,20,22,24,25,28,30,32,33,35,36,38,40,40,44,46,46,46,49,50,52,54,56,58,64,66,70,71,75,75,78,79,79,81,82,85,86,87,90,91,94,97,98,101,102,103,106,108,109,111,117,119,123,125,130,134,135,140,146,149,150,156,159,164,164,164,167,171,175,176,180,184,186,189,190,192,193,199,200,207,210,211,215,216,218,218,218
Manabí,1562079,El Carmen,111344,-1.314700000000000,-80.01690000000001,2,2,3,5,5,6,7,7,11,12,12,14,14,18,20,23,24,24,24,26,26,28,28,31,33,34,36,37,37,39,41,43,44,44,47,48,51,53,53,55,55,55,57,57,57,58,59,60,62,65,67,69,69,69,71,72,72,72,73,75,76,78,78,85,86,89,90,91,93,94,96,98,99,101,102,102,104,105,106,106,108,110,110,111,113,115,116,120,120,120,120,120,120,120
Manabí,1562079,Flavio Alfaro,23822,-0.4054000000000000,-79.90580000000000,0,0,0,0,0,0,0,0,0,0,0,1,3,4,4,4,5,5,5,5,6,7,8,8,8,9,9,9,10,10,10,10,11,11,11,13,13,14,14,14,14,14,14,15,16,16,17,18,19,19,21,21,21,21,21,21,22,22,22,22,22,22,22,22,22,23,23,23,24,24,24,24,24,25,27,27,28,28,28,28,29,30,31,32,33,34,34,35,35,35,36,36,36,36
Manabí,1562079,Jama,26116,-0.2014000000000000,-80.26590000000000,0,0,0,0,0,0,0,0,0,0,0,0,0,0,1,1,3,4,4,4,4,4,4,4,6,6,6,6,6,6,6,6,6,6,6,6,6,7,7,7,7,7,7,7,7,8,8,8,8,8,8,8,8,8,8,8,8,8,8,8,8,8,8,8,8,8,8,8,8,8,8,8,8,9,9,9,9,9,10,10,11,11,11,11,12,12,12,12,12,12,12,12,12,12
Manabí,1562079,Jaramijó,28439,-0.9487300000000000,-80.63630000000001,0,0,0,0,0,0,0,0,0,0,0,0,0,0,0,0,0,0,1,1,1,1,1,1,2,2,2,2,2,2,2,2,2,2,2,2,2,3,3,3,3,4,4,4,5,5,5,5,5,5,5,5,6,6,7,7,7,7,7,8,8,8,8,8,9,9,9,9,9,9,9,9,9,9,9,10,10,10,10,10,10,10,10,10,11,11,11,11,11,11,11,11,11,11
Manabí,1562079,Jipijapa,74645,-1.333330000000000,-80.58329999999999,1,3,4,5,5,5,6,7,7,10,10,11,14,16,17,18,20,20,21,21,21,21,21,21,22,23,23,24,26,26,28,32,34,34,37,40,41,46,46,47,52,53,57,60,62,64,66,67,69,69,72,74,75,76,79,80,81,85,86,87,89,90,91,93,95,95,96,98,98,101,102,106,107,110,111,112,114,118,123,126,126,129,130,131,132,136,138,139,140,140,141,141,141,141
Manabí,1562079,Junín,18820,-0.9291600000000000,-80.20569000000000,0,0,0,0,1,3,4,4,4,5,5,5,5,5,5,5,6,6,6,6,7,8,8,9,9,9,9,9,9,9,10,10,10,10,10,10,10,10,11,11,12,12,12,13,13,14,14,14,15,16,17,17,18,18,18,19,19,19,19,19,19,19,20,20,20,20,20,20,20,20,20,20,20,21,21,21,21,21,22,22,22,23,23,23,23,23,24,24,24,24,24,24,24,24
Manabí,1562079,Manta,264281,-0.9500220000000000,-80.71620000000000,5,9,16,23,31,36,41,50,56,60,63,71,75,79,87,90,93,102,113,120,131,136,143,152,158,168,172,177,185,192,200,208,209,213,221,236,240,248,260,268,277,284,291,294,304,310,318,322,327,335,346,353,358,369,379,389,398,407,415,419,423,430,438,442,451,462,473,482,488,499,506,516,522,528,535,551,559,574,588,601,611,621,634,641,648,662,670,682,693,697,700,700,700,700
Manabí,1562079,Montecristi,107785,-1.033330000000000,-80.65000000000001,1,1,2,3,3,4,4,4,5,7,7,7,7,9,11,13,15,16,17,18,19,19,20,20,20,20,20,21,21,22,24,24,25,27,28,28,30,30,30,30,31,31,32,32,32,32,32,34,35,38,38,40,42,44,45,46,46,47,48,48,48,52,52,52,52,52,52,54,55,56,58,59,60,60,61,62,63,63,65,67,67,68,68,70,70,70,72,74,74,74,75,75,75,75
Manabí,1562079,Olmedo,10194,-1.396111000000000,-80.20611100000001,1,3,3,4,4,4,4,4,4,4,4,5,5,5,5,5,5,5,5,5,5,5,5,5,5,5,8,8,8,8,8,8,8,8,8,8,8,8,8,8,8,9,10,10,10,10,10,10,10,10,10,10,10,10,10,10,10,10,10,10,10,10,10,10,12,12,12,12,12,12,13,13,13,13,13,13,13,13,13,13,14,14,14,14,14,14,14,14,15,16,16,16,16,16
Manabí,1562079,Paján,37093,-1.570000000000000,-80.42000000000000,0,0,0,0,0,0,0,0,0,1,3,5,5,5,5,6,6,7,7,8,10,10,10,10,10,11,13,13,13,14,15,16,17,18,20,21,23,25,25,25,27,27,28,28,28,28,29,29,29,30,31,31,31,32,33,33,34,34,35,35,35,37,38,38,38,39,40,40,41,41,41,42,43,44,45,46,46,46,46,47,47,47,47,47,47,47,47,47,47,48,48,48,48,48
Manabí,1562079,Pedernales,63441,0.07010000000000000,-80.05360000000000,0,2,3,3,3,3,5,5,6,6,8,8,8,10,12,13,16,16,16,16,16,16,17,19,21,21,21,21,23,23,23,23,24,24,24,26,27,27,29,29,30,32,34,34,36,36,36,36,38,38,38,38,39,39,39,40,40,40,41,41,41,42,42,42,43,44,46,47,48,50,51,52,52,53,53,53,53,54,54,56,56,56,56,56,56,56,57,57,57,57,57,57,57,57
Manabí,1562079,Pichincha,29599,-1.047300000000000,-79.81860000000000,0,0,0,0,0,0,0,0,2,2,2,2,2,2,2,2,3,3,4,4,4,4,4,5,6,6,6,6,7,7,8,8,9,9,9,9,9,10,11,11,12,12,12,12,12,12,12,12,13,13,15,15,15,16,16,16,16,16,17,17,17,17,17,17,17,17,17,17,17,19,20,20,20,20,20,21,21,23,23,23,24,24,24,24,24,25,25,25,25,25,25,25,25,25
Manabí,1562079,Portoviejo,321800,-1.056181000000000,-80.45521700000000,6,15,23,31,34,42,48,53,64,68,70,77,82,89,99,109,118,132,137,149,153,159,167,176,184,188,192,201,204,209,214,223,232,239,244,250,258,266,275,284,290,300,303,311,318,327,337,348,358,369,381,386,398,406,416,427,434,445,456,463,470,476,490,495,506,515,529,539,547,554,564,570,578,592,608,623,636,648,657,676,687,699,709,719,728,739,753,761,774,786,787,787,787,787
Manabí,1562079,Puerto López,24688,-1.566667000000000,-80.81666700000000,1,2,2,2,2,2,2,2,3,3,3,3,3,3,3,3,3,3,3,3,3,3,5,5,5,5,5,5,5,5,5,5,6,7,7,7,7,7,7,8,9,9,9,9,10,11,11,11,12,12,12,13,13,13,13,13,13,14,14,14,14,14,14,14,14,14,14,14,15,15,15,15,15,15,16,17,17,17,18,19,20,20,20,20,21,21,21,22,22,22,22,22,22,22
Manabí,1562079,Rocafuerte,37312,-0.9200000000000000,-80.45999999999999,0,1,3,3,3,3,3,3,3,4,5,6,6,6,7,7,7,7,7,9,10,11,12,14,14,14,14,14,14,15,15,16,17,17,17,17,18,19,19,20,22,22,22,22,23,23,24,24,24,25,27,27,27,28,28,29,30,33,35,36,37,38,38,40,41,41,41,41,41,42,42,42,42,42,42,42,43,44,44,45,45,45,46,47,47,47,47,48,49,49,49,49,49,49
Manabí,1562079,San Vicente,24799,-0.5893000000000000,-80.40880000000000,1,1,1,1,2,2,2,2,2,2,2,2,2,2,2,2,2,2,2,2,2,2,2,2,3,4,4,4,5,6,7,7,7,7,7,8,8,9,9,12,12,12,12,12,12,12,12,13,14,14,14,14,16,18,19,19,19,19,19,19,19,19,19,19,19,19,19,19,19,20,20,20,20,20,20,20,20,20,20,22,22,22,22,22,23,23,24,24,24,24,24,24,24,24
Manabí,1562079,Santa Ana,48152,-1.206900000000000,-80.37090000000001,1,2,2,2,3,3,4,5,6,6,7,7,8,9,9,11,11,13,14,15,17,17,17,17,18,19,20,20,21,21,21,22,24,25,25,27,28,29,30,30,32,32,32,32,32,32,33,34,35,35,35,35,35,37,39,39,39,39,40,40,40,40,41,41,41,41,41,41,42,42,44,45,46,47,49,50,50,50,50,50,52,52,52,52,53,53,53,53,53,53,56,56,56,56
Manabí,1562079,Sucre,62443,-0.6000000000000000,-80.41666700000000,1,3,4,5,5,6,6,7,9,10,11,13,14,14,15,16,17,17,19,20,20,21,21,21,22,23,25,29,29,31,34,35,36,37,41,41,41,42,43,44,44,46,47,50,50,50,50,50,51,52,52,53,53,54,56,58,59,60,63,64,64,66,66,66,68,69,70,71,71,71,72,75,76,77,78,79,81,82,83,84,85,86,87,89,90,92,94,96,98,100,100,100,100,100
Manabí,1562079,Tosagua,42297,-0.7800000000000000,-80.26000000000001,0,0,1,2,2,4,4,4,4,4,4,4,4,4,4,5,5,7,7,7,7,7,7,8,8,9,9,9,9,9,9,9,9,9,10,11,12,14,15,15,15,15,15,16,16,18,18,18,19,19,19,20,21,21,21,21,21,22,22,23,23,25,26,26,26,26,26,26,28,28,28,29,30,30,30,30,30,31,31,32,32,33,33,34,34,34,34,35,35,35,35,35,35,35
Manabí,1562079,Veinticuatro de Mayo,28514,-1.278889000000000,-80.42000000000000,1,1,1,1,2,3,4,4,5,5,5,5,6,6,6,7,7,8,8,9,10,10,10,10,10,12,12,12,13,13,15,15,15,15,15,16,17,17,17,17,17,17,17,17,17,18,19,19,19,20,20,21,21,22,22,23,24,24,24,24,24,24,24,25,25,26,27,27,29,30,31,32,34,34,34,35,35,35,35,35,37,38,39,40,40,40,41,41,41,41,41,41,41,41
Morona Santiago,196535,Gualaquiza,19555,-3.380000000000000,-78.58000000000000,1,1,1,2,2,2,2,3,3,3,4,4,4,4,5,6,6,6,6,6,6,6,6,6,6,6,7,9,9,9,9,10,10,10,11,11,11,11,12,13,13,13,14,14,17,17,17,17,17,18,18,18,18,18,18,19,19,19,19,19,19,19,20,20,20,20,20,21,21,21,21,21,22,22,22,22,23,23,23,23,23,23,23,23,23,23,23,23,23,23,23,23,23,23
Morona Santiago,196535,Huamboya,12382,-1.785000000000000,-78.23194400000000,0,0,0,0,0,0,1,1,1,1,1,1,1,1,1,1,1,1,1,1,1,1,1,1,1,1,1,1,1,2,2,2,3,3,3,3,3,3,3,3,3,3,3,3,3,3,3,3,3,4,4,4,4,5,5,5,5,5,5,5,5,5,5,5,5,6,6,6,6,6,6,6,6,6,6,6,6,6,6,6,6,6,6,6,6,6,6,7,7,7,7,7,7,7
Morona Santiago,196535,Limón Indanza,10349,-2.966250000000000,-78.43052800000000,0,0,0,1,1,1,1,1,1,1,2,2,2,2,2,2,2,2,2,2,3,3,4,4,4,4,4,5,5,5,5,5,5,5,5,5,5,5,5,5,5,5,5,6,7,7,7,7,7,7,7,7,7,7,8,8,8,8,8,8,8,8,8,8,8,8,8,8,8,8,8,8,9,9,10,10,10,11,11,11,11,11,11,11,11,11,11,11,11,11,11,11,11,11
Morona Santiago,196535,Logroño,7643,-2.624800000000000,-78.18960000000000,0,0,0,0,0,0,0,0,0,0,0,0,0,0,0,0,0,0,0,0,0,0,0,0,0,0,0,0,1,1,1,1,1,1,1,1,1,1,2,2,2,2,2,2,2,2,2,2,2,2,2,2,2,2,2,2,2,2,2,2,2,2,2,2,2,2,2,2,2,2,2,2,3,3,3,3,3,3,3,3,3,3,3,3,4,4,4,4,4,4,4,4,4,4
Morona Santiago,196535,Morona,58281,-2.300000000000000,-78.11666700000001,2,2,4,5,5,6,6,6,8,8,8,9,9,9,10,10,10,10,11,13,14,14,15,17,17,17,19,19,19,19,20,20,21,22,22,23,23,23,25,25,25,26,26,26,28,30,30,30,30,30,31,31,31,31,31,31,32,32,32,33,34,36,37,37,38,38,41,42,42,43,44,44,45,45,45,46,46,47,48,48,51,51,52,54,55,55,56,57,59,59,60,60,60,60
Morona Santiago,196535,Pablo Sexto,2897,-1.803056000000000,-77.92111100000000,0,0,0,0,0,0,0,0,0,0,0,0,0,0,0,0,0,0,0,0,0,0,0,0,0,0,0,0,0,0,0,0,0,0,0,0,0,0,0,0,0,0,0,0,0,0,0,0,0,0,0,0,0,0,0,0,0,0,0,0,1,1,1,1,1,1,1,1,1,1,1,1,1,1,1,1,1,1,1,1,1,1,1,1,1,1,1,1,1,1,1,1,1,1
Morona Santiago,196535,Palora,7719,-1.700000000000000,-77.94000000000000,0,0,0,0,0,0,0,0,0,0,0,0,0,0,0,0,0,0,0,0,0,0,0,0,0,0,0,0,1,1,1,1,1,1,1,1,1,1,3,4,5,5,5,5,5,5,5,5,5,5,5,5,6,6,6,6,6,6,6,6,6,6,6,6,6,6,6,6,6,7,7,7,7,7,7,7,7,7,7,7,7,7,7,8,8,8,8,8,8,8,8,8,8,8
Morona Santiago,196535,San Juan Bosco,4985,-3.092300000000000,-78.51320000000000,0,0,0,0,0,0,0,1,1,1,1,1,1,1,1,1,1,1,1,1,1,1,1,1,1,1,1,1,1,1,1,1,1,1,1,1,1,1,1,1,1,1,1,1,1,1,1,1,1,1,1,1,1,1,1,1,1,1,1,1,1,1,1,1,1,1,1,1,1,1,1,1,1,1,1,1,1,1,1,1,1,1,1,1,1,1,1,1,1,1,1,1,1,1
Morona Santiago,196535,Santiago,11087,-3.429800000000000,-78.56560000000000,0,0,1,1,1,1,1,1,1,1,1,1,1,1,1,1,1,1,1,1,1,1,2,2,2,2,2,2,2,2,2,2,2,2,3,3,3,3,3,3,3,3,4,4,4,4,4,4,4,4,5,5,5,5,5,5,5,5,6,6,6,6,7,7,7,7,7,7,7,7,7,7,7,8,8,8,8,8,8,8,8,8,8,8,9,9,10,10,10,10,10,10,10,10
Morona Santiago,196535,Sucúa,23823,-2.460000000000000,-78.17000000000000,1,1,1,2,3,3,4,4,4,4,4,4,4,4,4,4,4,4,6,6,6,6,6,6,6,6,6,6,6,7,8,8,8,8,9,9,9,9,9,9,9,9,9,10,10,10,11,11,11,11,11,11,11,11,11,11,11,12,12,12,12,12,13,13,13,13,13,13,13,14,14,14,14,14,14,14,14,14,14,14,14,14,14,14,14,15,15,15,16,17,17,17,17,17
Morona Santiago,196535,Taisha,26773,-2.339950000000000,-77.45808000000000,0,0,0,0,0,0,0,0,0,0,0,1,1,1,1,1,1,1,1,1,1,1,1,1,1,1,2,3,3,3,3,3,3,3,3,3,3,4,4,4,4,4,5,5,6,6,6,6,6,6,6,6,6,7,7,7,7,7,7,7,7,7,8,8,9,9,9,9,9,9,9,9,9,9,9,9,9,9,9,9,9,9,9,9,9,9,10,10,10,10,10,10,10,10
Morona Santiago,196535,Tiwintza,11041,-2.917670000000000,-77.80170000000000,0,1,1,1,1,1,1,1,1,1,1,2,3,3,3,3,3,3,3,3,3,3,3,3,3,3,3,3,3,3,3,3,3,3,3,3,3,3,3,3,3,3,3,3,3,3,3,3,3,3,3,3,3,3,3,3,3,3,3,3,3,3,3,3,3,3,3,3,3,3,3,3,3,3,3,3,3,3,3,3,3,3,3,3,3,3,3,3,3,3,3,3,3,3
Napo,133705,Archidona,33068,-0.9166670000000000,-77.78333300000000,1,2,2,2,2,2,3,5,6,6,6,7,7,7,7,7,8,8,8,8,8,8,8,8,9,9,9,9,9,9,10,10,10,10,10,10,10,10,10,10,10,10,10,10,11,11,11,12,12,13,13,13,13,13,13,13,14,14,14,14,14,14,14,14,14,14,14,14,14,15,15,15,17,17,17,18,18,19,19,20,20,20,20,20,20,20,21,21,21,21,21,21,21,21
Napo,133705,Carlos Julio Arosemena Tola,4466,-1.166667000000000,-77.84999999999999,0,0,0,0,0,0,0,0,1,1,1,1,1,1,1,1,1,1,1,1,1,2,2,2,2,2,2,2,2,2,2,2,2,2,2,2,3,3,3,3,3,3,3,3,3,3,3,3,3,3,3,4,4,4,4,4,4,4,4,4,4,4,4,4,4,4,4,4,4,4,4,4,4,4,4,4,4,4,4,4,4,4,4,4,4,4,5,5,5,5,5,5,5,5
Napo,133705,El Chaco,10142,-0.3402780000000000,-77.80888899999999,0,0,0,0,0,0,0,0,0,0,0,0,0,0,0,0,0,0,0,0,0,0,0,0,0,0,0,0,0,0,1,1,1,1,1,1,1,1,1,1,1,1,1,1,1,2,2,2,2,2,2,2,3,3,3,3,3,3,3,3,3,3,3,3,3,3,3,3,3,3,3,3,3,3,3,3,3,3,3,3,3,3,3,3,3,3,3,3,3,3,3,3,3,3
Napo,133705,Quijos,6847,-0.4636110000000000,-77.89277800000001,0,0,0,0,0,0,0,0,0,0,0,1,1,1,1,1,1,1,1,3,4,4,5,5,5,6,6,7,7,7,7,7,7,7,7,7,7,7,7,7,8,8,8,9,9,9,9,9,9,9,10,10,11,12,12,12,12,12,12,13,13,13,13,13,13,13,13,13,14,14,14,14,14,15,15,15,15,15,17,17,17,17,17,17,17,17,17,17,17,17,17,17,17,17
Napo,133705,Tena,79182,-0.9890000000000000,-77.81590000000000,1,3,4,7,9,9,10,12,13,13,13,16,16,16,16,16,16,16,17,18,20,24,25,26,26,29,30,31,32,34,36,36,36,37,37,37,39,39,39,39,41,41,41,42,45,46,47,50,51,52,55,57,57,58,61,61,62,64,64,66,66,67,67,68,70,73,76,77,80,81,81,82,84,85,85,86,86,86,87,88,89,90,90,90,93,93,94,94,95,96,98,98,98,98
Orellana,161338,Aguarico,3629,-0.9211110000000000,-75.39916700000001,0,0,0,0,0,0,0,0,0,0,0,0,0,0,0,0,0,0,0,0,0,0,0,0,0,0,0,0,0,0,0,0,0,0,0,0,0,0,0,0,0,0,0,1,1,1,1,1,1,1,1,1,1,1,1,1,1,1,1,1,1,1,1,1,1,1,1,1,1,1,1,1,1,1,1,1,1,1,1,1,1,2,2,2,3,3,3,3,3,3,3,3,3,3
Orellana,161338,La Joya de los Sachas,39352,-0.3000000000000000,-76.84999999999999,0,0,0,0,1,1,1,1,3,3,4,4,4,4,4,4,5,5,5,5,5,7,8,9,9,10,10,10,11,11,11,11,11,11,12,12,12,12,12,13,13,13,14,15,15,15,16,16,16,16,16,16,16,17,18,18,18,18,19,20,20,20,21,21,21,21,22,23,23,23,23,24,25,25,25,25,25,25,25,25,25,26,26,27,27,27,27,27,27,27,27,27,27,27
Orellana,161338,Loreto,24579,-0.6904000000000000,-77.30830000000000,2,2,2,2,2,2,2,2,2,3,3,3,3,3,4,4,4,4,4,4,5,5,5,5,5,5,5,5,5,5,5,5,5,5,5,6,7,8,8,8,8,8,8,8,8,8,9,9,9,9,10,10,10,10,10,10,10,10,10,10,10,10,11,11,11,12,12,12,12,12,13,13,13,13,13,13,13,13,13,14,15,15,15,15,15,15,15,15,15,15,15,15,15,15
Orellana,161338,Orellana,93778,-0.4666670000000000,-76.96666700000000,2,2,3,4,4,4,5,8,9,10,10,10,13,13,13,15,18,19,19,22,22,22,23,24,27,27,27,27,29,29,30,33,33,33,34,34,37,38,39,40,40,40,43,43,43,44,45,46,51,52,53,53,54,54,56,57,57,57,57,57,58,59,60,61,61,62,63,64,64,65,65,66,66,70,70,72,74,76,78,80,80,82,84,84,84,84,85,86,87,89,89,89,89,89
Pastaza,114202,Arajuno,8128,-1.234370000000000,-77.68750000000000,0,0,0,0,0,0,0,0,0,0,0,0,0,0,0,0,0,0,0,0,0,0,0,0,0,0,0,0,1,1,1,1,1,2,2,2,2,2,2,2,2,2,2,2,2,3,3,3,3,3,3,3,3,4,4,4,4,4,4,4,4,4,4,4,4,4,4,4,4,4,4,4,4,4,4,4,4,4,4,4,4,4,4,4,4,4,4,4,4,4,4,4,4,4
Pastaza,114202,Mera,17547,-1.460000000000000,-78.09000000000000,1,1,1,1,1,1,1,1,1,1,1,1,1,2,2,2,2,2,2,3,3,3,3,3,3,3,3,3,3,3,3,3,3,3,3,3,3,3,3,3,3,3,3,3,3,3,3,3,3,3,4,4,4,4,4,4,4,4,4,4,4,4,4,4,4,4,4,4,4,5,5,5,5,5,6,6,6,7,7,7,7,7,7,7,7,7,7,7,7,7,7,7,7,7
Pastaza,114202,Pastaza,84377,-1.066667000000000,-78.00111099999999,1,1,3,3,3,3,3,5,5,5,5,5,6,6,8,10,12,13,17,19,19,22,23,24,26,29,30,32,33,34,35,35,35,36,37,38,39,41,41,41,42,43,44,46,46,47,47,47,50,50,50,50,54,56,56,57,57,58,60,60,60,61,64,67,68,68,69,71,72,73,73,76,78,78,79,81,81,82,86,89,90,92,93,93,94,95,97,98,98,98,98,99,99,99
Pastaza,114202,Santa Clara,4150,-1.267100000000000,-77.88820000000000,0,1,1,1,1,1,1,1,1,1,1,1,1,1,1,1,1,1,1,1,1,1,1,1,1,1,1,1,1,1,1,1,1,1,1,1,1,1,1,1,1,1,1,1,1,1,1,1,1,1,1,1,1,1,1,1,1,1,1,1,1,1,1,1,1,1,1,1,1,1,1,1,1,1,1,1,1,1,1,1,1,1,1,1,1,1,1,2,2,2,2,2,2,2
Pichincha,3228233,Cayambe,107660,0.04388900000000000,-78.15610000000000,1,1,1,1,1,3,5,7,8,9,13,14,14,14,14,15,16,17,20,20,22,25,25,27,28,28,29,29,30,31,32,33,35,35,36,37,38,39,40,41,43,46,46,49,50,53,55,56,57,58,58,60,62,62,64,65,66,66,67,68,70,70,71,72,72,72,72,72,73,73,74,74,74,74,75,76,76,76,77,80,80,81,82,82,83,85,86,88,91,91,92,92,92,92
Pichincha,3228233,Mejía,108167,-0.5101000000000000,-78.56980000000000,0,2,2,2,4,5,7,7,7,9,9,9,10,10,10,12,13,15,16,17,19,21,21,23,24,25,26,27,28,28,29,30,30,32,33,34,35,35,37,37,38,38,39,39,39,42,44,46,49,49,49,49,49,50,50,50,52,52,52,52,54,54,57,60,60,62,64,67,67,67,67,67,69,71,74,75,76,78,80,80,81,83,85,88,88,90,91,93,95,95,95,95,96,96
Pichincha,3228233,Pedro Moncayo,43281,0.04369700000000000,-78.34923999999999,2,3,3,5,6,6,6,6,6,6,6,7,7,7,8,9,9,11,12,13,13,14,15,17,17,17,18,19,19,20,20,20,20,20,20,21,22,22,22,23,23,23,23,23,23,23,23,23,24,24,25,25,27,27,28,29,30,30,30,31,32,32,32,33,33,33,33,33,33,33,34,34,34,34,34,34,34,35,35,35,35,35,35,35,36,36,36,36,36,36,36,36,36,36
Pichincha,3228233,Pedro Vicente Maldonado,17171,0.1666670000000000,-79,0,0,0,0,1,1,2,2,2,2,3,3,3,3,4,4,4,4,4,4,4,4,4,4,4,4,4,4,4,5,6,6,6,6,6,6,6,6,6,6,6,6,6,6,7,7,7,7,7,7,7,7,7,7,7,7,7,7,7,8,8,8,8,8,8,8,9,9,9,9,9,9,9,9,9,9,11,11,11,11,11,11,11,11,11,11,11,11,12,12,12,12,12,12
Pichincha,3228233,Puerto Quito,24911,0.1170000000000000,-79.26400000000000,1,1,1,1,1,1,1,2,2,2,2,3,3,4,4,4,4,4,4,4,5,5,6,7,8,8,8,8,8,8,8,8,8,8,8,8,8,8,8,8,8,8,8,8,8,9,9,9,9,9,9,9,10,10,11,11,11,11,12,12,12,13,13,13,13,14,14,14,14,15,15,15,15,15,15,15,15,15,15,16,16,16,16,16,16,16,18,19,20,20,20,20,20,20
Pichincha,3228233,Quito,2781641,-0.2186110000000000,-78.50972200000000,52,92,141,191,237,285,336,387,433,481,523,570,615,659,714,787,837,894,972,1020,1075,1145,1215,1265,1306,1369,1428,1494,1560,1608,1671,1729,1783,1830,1888,1947,1996,2060,2120,2163,2221,2275,2337,2390,2438,2499,2549,2604,2657,2711,2767,2814,2865,2921,2972,3024,3079,3128,3173,3223,3281,3325,3379,3424,3495,3545,3595,3653,3703,3762,3822,3874,3939,3988,4036,4092,4154,4224,4277,4333,4388,4455,4512,4569,4630,4686,4748,4804,4876,4932,4993,5050,5092,5097
Pichincha,3228233,Rumiñahui,115433,-0.3345000000000000,-78.44750000000001,4,5,6,9,12,13,14,15,16,19,20,24,26,28,30,30,34,37,37,37,38,38,39,40,43,45,46,47,49,51,51,53,53,57,57,57,58,58,60,61,62,63,63,65,66,66,66,67,68,71,72,72,73,76,77,77,79,79,82,85,86,88,91,94,96,97,97,102,103,106,106,108,109,109,110,111,112,113,114,119,122,123,126,128,129,130,132,134,138,139,141,141,142,142
Pichincha,3228233,San Miguel de Los Bancos,29969,0.02300000000000000,-78.89200000000000,0,0,3,3,3,3,3,3,3,3,3,3,3,3,3,3,5,5,5,6,6,6,6,6,6,6,6,6,6,6,6,7,8,8,8,8,8,8,8,9,9,9,10,10,10,10,10,10,10,10,11,11,11,11,11,13,13,13,13,13,13,13,13,13,13,13,13,14,14,14,14,15,15,15,15,15,15,15,15,15,15,15,15,15,15,15,15,15,15,15,15,15,15,15
Santa Elena,401178,La Libertad,117767,-2.233333000000000,-80.90000000000001,0,1,1,1,2,2,3,4,5,6,6,7,9,10,10,12,14,15,16,20,20,20,21,23,24,26,27,27,27,28,30,30,34,35,36,37,37,39,39,39,39,39,42,42,44,44,46,46,48,49,50,51,53,53,54,56,58,59,60,62,62,63,64,65,66,66,69,71,72,72,72,72,73,73,73,75,77,78,79,80,84,87,87,88,88,90,92,93,94,97,97,97,97,97
Santa Elena,401178,Salinas,94590,-2.216667000000000,-80.95000000000000,0,1,2,3,4,5,7,9,10,11,14,15,17,18,18,19,20,21,21,22,22,24,24,24,27,30,32,33,33,35,35,36,37,37,37,40,42,42,42,43,44,45,46,46,47,49,52,52,54,58,60,62,62,62,62,62,64,66,67,69,70,70,70,73,75,77,77,79,80,81,82,83,83,87,88,89,91,92,93,94,98,98,100,104,105,105,107,109,110,112,113,113,113,113
Santa Elena,401178,Santa Elena,188821,-2.226700000000000,-80.85830000000000,3,5,8,12,15,18,22,24,27,30,34,35,41,46,50,52,54,59,66,68,72,78,80,85,89,94,96,100,102,102,106,109,110,114,117,121,125,128,132,134,137,138,140,144,147,150,150,154,154,155,155,157,158,161,163,167,169,170,172,177,182,185,185,189,196,198,199,200,202,203,207,211,213,214,222,228,230,231,238,245,246,248,254,254,256,263,266,269,272,272,274,274,275,275
Sto. Domingo Tsáchilas,511151,La Concordia,52571,0.002300000000000000,-79.38460000000001,0,0,0,1,3,4,5,5,6,8,8,8,8,8,8,8,10,10,10,11,12,12,12,12,12,12,13,13,14,14,17,18,18,18,19,19,19,19,19,19,19,19,20,22,23,24,24,24,24,24,24,24,25,25,25,25,25,26,26,28,29,29,30,30,31,31,32,32,32,33,33,33,35,36,38,39,39,39,39,39,40,41,41,43,43,43,44,45,45,45,45,45,45,45
Sto. Domingo Tsáchilas,511151,Santo Domingo,458580,-0.2541670000000000,-79.17194400000000,11,18,21,26,36,43,50,59,63,69,81,93,105,111,116,122,131,134,141,146,150,159,168,180,184,195,202,211,214,225,226,232,243,252,262,271,275,285,290,300,310,319,328,336,339,348,357,364,375,386,396,406,414,425,436,453,458,471,482,492,501,510,523,533,542,549,557,572,585,602,611,625,631,642,657,673,687,696,709,722,738,746,751,758,767,781,793,806,822,835,843,843,843,843
Sucumbíos,230503,Cascales,15882,-0.06750000000000000,-77.21694400000000,0,0,0,0,0,0,0,0,0,0,0,0,0,0,0,0,0,0,0,0,0,0,0,0,0,0,0,0,0,0,0,0,0,0,0,0,0,0,0,0,0,0,0,0,1,1,1,1,1,1,1,1,2,2,2,2,2,2,3,3,3,3,4,4,4,4,4,4,4,4,4,4,4,4,4,4,4,4,4,4,5,5,5,5,5,5,5,5,5,5,5,5,5,5
Sucumbíos,230503,Cuyabeno,7154,-0.1288890000000000,-76.41388900000000,0,1,1,1,1,1,1,1,1,1,1,1,1,1,1,1,1,1,1,1,1,1,1,1,1,1,1,1,1,2,3,3,3,3,3,3,3,3,3,3,3,3,3,3,3,3,3,3,3,3,3,3,3,3,3,4,4,4,4,4,4,4,4,4,4,4,4,4,4,4,4,4,4,4,4,4,4,4,4,4,4,4,4,4,4,4,4,4,4,4,4,4,4,4
Sucumbíos,230503,Gonzalo Pizarro,10007,0.04700000000000000,-77.32280000000000,2,2,3,3,3,3,3,3,3,3,3,4,4,4,4,4,4,5,5,5,5,6,6,6,6,7,7,7,7,7,7,7,7,7,7,7,7,7,7,7,7,8,9,9,9,9,9,10,10,10,10,11,11,11,11,11,11,12,12,12,12,12,12,12,12,12,12,12,12,12,12,13,13,13,13,13,13,13,13,13,13,13,13,13,13,13,13,13,13,13,13,13,13,13
Sucumbíos,230503,Lago Agrio,119594,0.08472200000000001,-76.88277800000000,3,4,4,6,7,9,12,14,15,18,18,23,26,26,33,35,38,42,45,48,52,52,54,54,54,54,59,59,60,61,62,64,65,67,68,69,70,71,72,74,75,75,79,79,80,83,84,89,90,91,92,94,95,99,101,105,110,110,112,114,117,120,122,122,123,124,127,128,130,133,137,138,140,144,150,152,158,159,166,167,172,175,178,180,184,187,192,194,197,197,199,200,201,201
Sucumbíos,230503,Putumayo,16106,0.1000000000000000,-75.84999999999999,0,0,0,0,0,0,0,0,0,0,0,0,0,0,0,0,0,0,0,0,0,0,0,0,0,0,0,0,0,0,0,0,0,0,0,0,0,0,0,0,0,0,0,0,0,0,0,0,0,0,0,0,0,0,1,1,1,1,1,1,1,1,1,1,1,1,1,1,1,1,1,1,1,1,1,1,1,1,1,1,1,1,1,1,1,1,1,1,1,1,1,1,1,1
Sucumbíos,230503,Shushufindi,57949,-0.1871000000000000,-76.64500000000000,1,1,1,1,1,2,2,2,2,3,3,4,4,4,5,5,5,5,6,6,6,6,6,6,7,7,8,8,9,10,10,12,12,13,13,14,15,15,15,15,15,15,15,15,16,17,17,17,18,18,19,20,21,22,22,22,22,24,24,24,25,25,25,26,26,27,27,27,27,28,28,28,28,28,29,29,30,31,31,31,31,31,31,33,33,33,33,33,33,33,33,33,33,33
Sucumbíos,230503,Sucumbíos,3811,0.4592000000000000,-77.52300000000000,0,0,0,0,0,1,1,1,1,1,1,1,1,1,1,1,1,1,1,1,1,1,1,1,1,1,1,1,1,1,1,1,1,1,1,1,1,1,1,1,1,1,1,1,1,1,1,1,1,1,1,1,1,1,1,1,1,1,1,1,1,1,1,1,1,1,1,1,1,1,1,1,1,1,1,1,1,1,1,1,1,1,1,1,1,1,1,2,2,2,2,2,2,2
Tungurahua,590600,Ambato,387309,-1.241667000000000,-78.61972200000000,9,12,19,34,47,62,71,83,92,104,111,125,141,150,160,172,182,195,212,227,237,250,264,279,286,297,311,322,325,332,344,356,366,376,389,397,409,420,431,444,451,465,473,489,496,509,520,533,540,550,559,567,573,585,600,607,611,618,624,629,636,645,654,660,673,678,686,699,712,718,727,734,748,758,769,773,778,788,804,813,820,829,843,849,856,866,871,886,893,901,904,904,904,904
Tungurahua,590600,Baños,25043,-1.396389000000000,-78.42472200000000,1,1,1,1,1,1,1,1,1,1,1,1,1,2,2,3,5,5,6,6,6,6,7,8,8,8,9,9,9,9,9,10,10,10,11,11,11,11,11,11,11,11,11,11,11,11,11,11,11,11,11,12,13,13,13,13,14,14,15,15,15,15,15,15,15,15,15,15,15,15,15,16,17,17,17,18,19,19,21,22,22,22,22,22,22,22,22,22,22,23,23,23,23,23
Tungurahua,590600,Cevallos,9936,-1.350000000000000,-78.61666700000001,0,0,0,0,0,1,1,2,2,2,3,3,3,3,3,4,4,4,4,4,4,4,4,4,4,4,4,4,4,4,4,4,4,5,5,5,5,5,5,5,5,5,6,6,6,6,6,6,6,6,6,6,6,6,7,7,7,8,8,8,8,8,8,8,8,8,8,8,8,8,8,8,8,8,8,8,8,8,9,10,10,10,10,10,10,10,10,10,11,11,11,11,11,11
Tungurahua,590600,Mocha,7336,-1.416667000000000,-78.66666700000000,1,1,4,4,4,4,4,4,4,4,4,4,4,4,4,4,4,4,5,5,5,5,5,5,5,5,5,6,6,7,7,7,7,7,7,7,7,7,7,7,7,7,7,7,7,7,7,8,9,9,9,9,9,9,9,9,10,10,11,11,11,11,12,12,12,12,12,12,12,12,12,12,12,12,12,12,12,12,12,12,12,12,12,13,13,13,13,14,14,14,15,15,15,15
Tungurahua,590600,Patate,15825,-1.316667000000000,-78.51666700000000,0,0,0,0,1,1,1,1,1,1,1,2,2,2,2,2,2,2,2,3,3,3,4,4,4,4,6,7,8,8,8,8,8,8,8,8,8,9,9,9,10,10,10,10,10,10,10,10,10,10,10,11,11,11,11,11,11,12,12,12,12,12,13,14,14,14,15,15,15,15,15,15,15,16,16,16,17,18,18,19,19,20,20,20,20,20,20,20,20,20,20,20,20,20
Tungurahua,590600,Pelileo,66836,-1.327500000000000,-78.54083300000001,2,3,4,5,6,6,8,9,10,11,12,13,14,14,15,15,16,20,24,28,34,34,35,36,37,39,39,40,40,40,42,43,43,43,44,44,45,46,46,47,47,49,49,51,52,52,52,53,54,54,55,55,57,58,58,59,61,61,62,62,63,63,63,63,64,64,65,66,67,68,68,69,70,70,70,70,72,72,72,75,76,76,78,78,79,79,80,81,81,81,81,81,81,81
Tungurahua,590600,Píllaro,43371,-1.175833000000000,-78.55527800000000,0,0,1,1,2,2,2,3,4,5,5,6,6,6,6,7,7,9,10,12,12,13,14,15,15,15,15,15,15,15,15,15,17,17,19,20,20,20,20,21,21,22,23,23,23,24,25,25,25,25,26,26,26,27,27,27,28,31,31,32,33,33,33,33,33,33,33,33,33,33,34,34,35,35,35,35,35,35,35,35,39,40,40,40,42,42,44,44,45,46,46,46,46,46
Tungurahua,590600,Quero,20627,-1.379300000000000,-78.60700000000000,0,1,1,1,1,1,3,4,4,4,4,4,5,5,5,5,7,8,9,9,9,10,10,10,10,10,11,11,11,11,11,11,11,12,12,12,13,14,14,15,16,16,16,16,16,17,17,17,17,17,17,17,19,19,19,19,20,20,22,22,23,24,25,25,25,25,25,26,26,26,26,27,29,29,29,29,29,29,29,29,30,30,30,30,31,31,31,31,31,31,31,31,31,31
Tungurahua,590600,Tisaleo,14317,-1.350000000000000,-78.66666700000000,0,0,0,1,2,2,2,2,3,3,3,4,4,4,4,4,4,4,5,5,5,5,5,5,5,5,6,6,6,7,7,8,9,9,9,9,9,9,9,9,9,9,9,9,9,9,9,9,9,9,10,10,11,11,11,11,11,11,11,11,11,11,11,11,12,13,13,13,13,14,14,14,14,15,15,15,15,15,15,15,15,15,15,15,16,16,16,16,16,16,16,16,16,16
Zamora Chinchipe,120416,Centinela del Cóndor,8313,-3.894910000000000,-78.78140999999999,0,0,0,0,0,1,1,1,1,1,1,1,1,1,1,1,1,1,2,2,2,2,2,2,2,2,2,2,2,2,2,2,2,2,2,2,2,2,2,2,2,3,3,3,3,3,3,3,3,3,3,4,4,4,4,4,4,4,4,4,4,4,4,4,4,4,4,4,5,5,5,5,5,5,5,5,5,5,5,5,5,6,6,6,6,6,6,6,6,6,6,6,6,6
Zamora Chinchipe,120416,Chinchipe,10679,-4.862800000000000,-79.13280000000000,1,1,1,1,1,1,1,1,1,1,1,1,1,1,2,3,4,4,5,5,5,5,5,5,5,5,5,5,5,5,5,5,5,5,5,5,5,5,5,5,5,5,5,5,5,5,6,6,6,6,6,6,6,6,6,7,7,7,7,7,7,7,7,7,7,8,8,8,9,10,10,10,10,10,10,11,13,13,13,13,13,13,13,13,13,13,13,13,14,14,14,14,14,14
Zamora Chinchipe,120416,El Pangui,10945,-3.624900000000000,-78.58710000000001,0,0,0,0,0,0,0,0,0,0,0,0,0,0,0,0,0,0,0,0,0,0,0,0,0,0,1,1,1,1,1,1,1,2,2,2,2,2,2,2,2,2,2,2,2,2,3,3,3,3,3,3,3,3,3,3,3,3,3,3,3,3,3,3,3,4,4,4,4,4,4,5,5,5,5,5,5,5,5,5,6,6,6,6,6,6,6,6,7,7,7,7,7,7
Zamora Chinchipe,120416,Nangaritza,8014,-4.048333000000000,-78.68222200000000,0,0,0,0,0,0,0,0,0,0,0,0,0,0,0,0,0,0,0,0,0,0,0,0,0,0,0,0,0,0,0,1,1,1,1,1,1,1,1,1,1,1,1,1,1,1,1,1,1,1,1,2,2,2,2,2,2,2,2,2,2,2,2,2,2,2,2,2,2,2,2,2,2,2,2,2,2,2,2,2,2,2,2,2,2,2,2,2,2,2,2,2,2,2
Zamora Chinchipe,120416,Palanda,10144,-4.649800000000000,-79.13209999999999,0,0,1,1,1,1,1,1,1,1,1,1,1,1,1,1,1,1,1,1,1,1,1,1,1,1,1,1,1,1,1,1,1,1,1,1,1,1,1,1,1,1,1,1,1,1,1,1,1,1,2,2,2,3,3,3,3,3,3,3,3,3,3,3,3,3,3,3,3,3,3,3,3,3,3,3,3,3,3,3,3,3,3,3,3,3,3,3,3,3,3,3,3,3
Zamora Chinchipe,120416,Paquisha,5992,-3.932750000000000,-78.67426000000000,0,0,0,0,0,0,0,0,0,0,0,3,3,3,3,3,4,4,4,4,4,4,4,4,4,4,4,4,4,4,4,4,4,4,4,4,4,4,4,4,4,4,4,4,4,4,4,4,4,4,4,4,4,4,4,4,4,4,4,4,4,4,4,4,4,4,4,4,4,4,4,4,4,4,4,4,4,5,5,5,5,5,5,5,5,5,5,5,5,5,5,5,5,5
Zamora Chinchipe,120416,Yacuambi,7121,-3.634440000000000,-78.92810000000000,0,0,0,0,0,0,0,1,1,1,1,1,2,2,2,2,2,2,2,2,2,2,2,2,2,2,2,2,3,3,3,3,3,3,3,3,4,4,4,4,4,4,4,4,4,4,5,5,5,5,5,5,5,5,5,5,5,5,5,5,5,5,5,5,5,5,5,5,5,5,5,5,5,5,5,5,5,5,5,5,5,5,5,5,5,5,5,5,5,5,5,5,5,5
Zamora Chinchipe,120416,Yantzaza,26447,-3.850000000000000,-78.75000000000000,0,0,0,0,1,1,1,1,1,2,2,2,2,2,3,5,5,7,7,7,7,9,9,9,9,9,9,9,9,9,9,9,9,9,9,9,10,10,10,10,12,13,13,13,14,14,14,14,14,14,15,15,15,16,16,16,16,17,17,18,18,18,18,18,18,18,18,18,19,19,19,20,20,20,22,23,23,23,23,23,23,23,24,24,24,24,24,25,25,25,25,25,25,25
Zamora Chinchipe,120416,Zamora,32761,-4.120000000000000,-78.80000000000000,0,0,0,0,1,1,3,3,3,3,3,3,4,4,4,4,4,4,4,5,5,5,5,5,5,6,7,7,7,7,7,7,7,7,8,10,10,10,11,11,11,11,11,12,12,12,12,13,15,15,16,16,18,18,18,18,19,20,20,20,20,21,21,21,21,21,21,21,22,22,22,22,24,25,26,26,26,27,27,28,28,29,29,29,29,29,29,29,29,29,29,29,29,29
