inec_provincia_id,provincia,provincia_poblacion,inec_canton_id,canton,canton_poblacion,lat,lng,Semana 1,Semana 2,Semana 3,Semana 4,Semana 5,Semana 6,Semana 7,Semana 8,Semana 9,Semana 10,Semana 11,Semana 12,Semana 13,Semana 14,Semana 15,Semana 16,Semana 17,Semana 18,Semana 19,Semana 20,Semana 21,Semana 22,Semana 23,Semana 24,Semana 25,Semana 26,Semana 27,Semana 28,Semana 29,Semana 30,Semana 31,Semana 32,Semana 33,Semana 34,Semana 35,Semana 36,Semana 37,Semana 38,Semana 39,Semana 40,Semana 41,Semana 42,Semana 43,Semana 44,Semana 45,Semana 46,Semana 47,Semana 48,Semana 49,Semana 50,Semana 51
01,Azuay,881394,0115,Camilo Ponce Enríquez,36423,-3.050000000000000,-79.73333300000000,9,8,5,22,15,12,21,23,14,10,7,15,12,18,22,21,15,20,5,10,5,3,5,3,14,3,15,4,7,5,0,0,0,20,0,0,1,2,0,2,0,1,0,0,0,0,1,2,1,2,0
01,Azuay,881394,0111,Chordeleg,15176,-2.933333000000000,-78.76666700000000,3,5,9,7,2,3,3,3,5,2,3,3,0,3,2,1,4,5,2,2,1,4,2,6,1,5,2,3,4,1,0,0,0,10,0,3,0,0,0,0,1,1,3,0,1,4,0,1,1,1,0
01,Azuay,881394,0101,Cuenca,636996,-2.897414000000000,-79.00448100000000,284,432,463,498,248,288,256,210,353,267,219,235,262,340,379,389,438,336,342,293,280,210,267,327,330,321,360,257,283,137,0,0,0,1033,156,99,96,82,143,69,41,124,107,78,110,82,63,90,119,115,2
01,Azuay,881394,0112,El Pan,3091,-2.786111000000000,-78.66500000000001,0,3,0,1,0,3,0,1,1,0,0,2,3,0,6,1,12,9,1,3,1,5,2,3,1,1,1,1,0,1,0,0,0,7,0,0,1,0,0,0,0,0,0,0,0,0,0,0,0,0,0
01,Azuay,881394,0102,Girón,13037,-3.159028000000000,-79.14756800000001,10,7,7,10,4,11,3,3,3,4,4,6,6,9,11,9,17,14,11,10,6,11,9,6,5,9,6,2,3,0,0,0,0,28,6,0,0,0,0,0,1,2,2,1,1,1,0,4,2,0,0
01,Azuay,881394,0114,Guachapala,3859,-2.769000000000000,-78.70900000000000,2,0,7,18,5,10,0,0,2,2,1,6,3,4,3,21,16,18,4,1,3,6,6,6,3,1,3,4,4,2,0,0,0,18,2,3,0,3,0,2,0,1,0,0,0,0,0,2,2,0,0
01,Azuay,881394,0103,Gualaceo,49104,-2.900000000000000,-78.78333300000000,17,18,25,16,15,8,12,19,9,13,9,10,15,12,19,16,32,19,15,22,12,30,18,12,18,19,26,26,12,6,0,0,0,41,19,7,5,3,3,4,2,1,5,3,6,2,6,4,7,6,0
01,Azuay,881394,0104,Nabón,17292,-3.336060000000000,-79.06368000000001,4,8,3,5,5,2,2,1,3,1,0,0,3,1,12,7,7,8,9,0,10,2,5,4,4,1,2,1,1,3,0,0,0,8,0,0,0,1,2,0,0,0,0,0,0,0,1,0,1,0,0
01,Azuay,881394,0110,Oña,4128,-3.469640000000000,-79.15431000000000,1,3,1,1,1,0,2,1,1,1,0,0,0,1,0,0,2,1,0,3,0,2,2,3,1,1,1,1,1,0,0,0,0,0,0,0,0,0,1,0,0,0,0,0,0,0,0,0,1,0,0
01,Azuay,881394,0105,Paute,29214,-2.781800000000000,-78.76000000000001,25,19,12,24,15,15,4,14,8,6,20,21,19,19,22,28,39,21,33,26,21,15,32,28,24,22,13,14,22,6,0,0,0,43,5,1,1,1,2,3,3,0,2,2,0,1,7,6,4,3,0
01,Azuay,881394,0106,Pucará,10584,-3.233780000000000,-79.46120000000001,0,4,11,4,1,2,13,6,0,4,2,2,7,9,2,3,4,5,5,8,3,3,5,0,5,2,6,1,0,1,0,0,0,4,0,0,1,0,0,0,0,0,0,1,1,0,1,1,1,1,0
01,Azuay,881394,0107,San Fernando,4156,-3.144500000000000,-79.25200000000000,1,5,8,6,8,6,2,3,1,1,1,2,2,5,4,4,6,4,2,3,1,6,1,2,0,2,2,0,1,0,0,0,0,4,1,2,1,0,0,0,0,1,0,0,0,0,0,0,0,0,0
01,Azuay,881394,0108,Santa Isabel,20935,-3.274170000000000,-79.31560000000000,26,36,36,24,13,18,22,11,8,18,9,23,33,37,34,19,18,33,14,24,29,18,17,17,15,25,22,21,21,3,0,0,0,37,5,2,0,7,0,0,3,1,2,0,1,1,0,5,1,2,0
01,Azuay,881394,0113,Sevilla de Oro,6890,-2.799833000000000,-78.65569400000000,6,14,10,19,2,5,3,2,0,0,1,5,11,5,17,10,14,3,11,10,4,21,25,11,23,22,12,3,9,0,0,0,0,7,5,0,0,0,1,1,1,0,0,0,0,1,0,0,4,1,0
01,Azuay,881394,0109,Sígsig,30509,-3.089700000000000,-78.80320000000000,7,11,3,6,3,3,1,5,11,7,5,4,9,14,9,10,8,8,8,12,7,14,13,16,23,18,12,8,6,4,0,0,0,26,3,0,1,0,3,0,1,2,0,0,1,2,1,2,5,2,0
02,Bolívar,209933,0206,Caluma,16429,-1.633330000000000,-79.25000000000000,6,17,19,31,19,25,23,37,84,25,51,40,45,23,22,13,33,33,25,21,16,10,6,7,2,2,3,0,5,0,0,0,0,4,0,1,2,4,2,3,1,1,3,1,8,3,9,7,6,18,0
02,Bolívar,209933,0202,Chillanes,16850,-1.933333000000000,-79.06666700000000,6,17,16,5,9,11,31,30,17,17,34,32,35,12,10,32,13,7,9,18,19,7,8,2,5,1,4,2,0,1,0,0,0,31,0,0,0,1,0,1,2,0,1,0,3,5,20,17,9,5,0
02,Bolívar,209933,0203,Chimbo,17378,-1.700000000000000,-79.01666700000000,2,7,8,7,11,17,6,30,7,16,15,14,34,12,15,19,14,22,0,5,6,4,6,1,6,4,2,4,2,0,0,0,0,11,0,3,2,1,0,0,4,0,2,3,3,1,4,9,2,4,0
02,Bolívar,209933,0204,Echeandía,14081,-1.433330000000000,-79.26667000000000,7,10,20,22,22,16,26,28,44,30,47,30,74,49,53,38,37,15,14,25,16,13,3,6,6,2,2,1,4,1,0,0,0,2,0,1,1,1,2,0,2,2,0,1,4,2,2,1,1,1,0
02,Bolívar,209933,0201,Guaranda,108763,-1.605556000000000,-79.00305600000000,27,21,49,80,41,50,66,140,75,68,68,95,115,39,47,40,34,47,39,30,23,26,28,20,17,12,17,21,12,9,0,0,0,34,7,4,8,5,2,1,5,5,7,3,5,8,35,41,33,19,0
02,Bolívar,209933,0207,Las Naves,7428,-1.283330000000000,-79.30000000000000,0,1,11,5,9,21,4,10,14,18,40,26,31,8,18,6,13,7,4,2,3,1,3,1,0,0,2,0,0,0,0,0,0,1,0,0,0,0,0,0,2,0,0,1,0,0,0,0,1,1,0
02,Bolívar,209933,0205,San Miguel,29004,-1.700000000000000,-79.03333300000000,9,26,39,30,28,25,21,40,21,36,30,37,52,43,34,26,15,34,21,15,23,6,17,9,8,4,15,17,8,1,0,0,0,52,9,1,1,1,6,1,15,2,40,17,24,10,18,21,10,6,3
04,Carchi,186869,0402,Bolivar,15528,0.5070990000000000,-77.86245400000000,14,11,47,20,9,13,2,11,4,2,4,7,9,17,20,31,23,13,35,24,16,9,12,7,5,13,13,22,27,9,0,0,0,43,5,0,0,2,2,0,8,1,2,0,1,15,0,0,0,2,0
04,Carchi,186869,0403,Espejo,13817,0.6210000000000000,-77.94000000000000,4,23,47,49,16,16,11,10,13,12,14,17,24,8,13,29,31,12,6,10,5,12,4,8,8,21,15,7,3,5,0,0,0,21,2,0,0,2,0,0,0,0,1,0,0,0,1,1,0,2,0
04,Carchi,186869,0404,Mira,11969,0.5538999999999999,-78.04930000000000,10,51,34,32,7,8,3,8,9,5,4,8,13,11,42,18,26,11,23,16,11,4,4,6,6,14,7,10,13,11,0,0,0,20,5,0,0,1,0,2,8,3,0,0,0,0,0,0,0,1,0
04,Carchi,186869,0405,Montúfar,34229,0.6100000000000000,-77.84000000000000,26,61,108,58,40,37,14,63,32,7,11,12,18,31,30,48,45,27,51,31,54,32,25,15,16,36,53,55,37,41,0,0,0,92,6,1,0,4,7,2,11,8,4,1,8,18,3,5,1,1,0
04,Carchi,186869,0406,San Pedro de Huaca,8931,0.6311110000000000,-77.72527800000000,5,15,43,37,16,4,1,9,4,4,10,10,10,11,4,12,29,21,24,17,16,15,7,6,7,5,7,4,10,7,0,0,0,7,3,0,0,0,0,0,0,0,0,0,0,2,1,0,5,0,0
04,Carchi,186869,0401,Tulcán,102395,0.8121800000000000,-77.71633000000000,88,154,265,159,90,67,48,137,61,42,29,24,64,55,66,117,163,115,104,85,126,106,50,107,71,128,92,107,72,54,0,0,0,198,35,15,6,4,6,2,13,6,3,9,6,15,13,5,5,0,0
03,Cañar,281396,0301,Azogues,86276,-2.733333000000000,-78.83333300000000,24,96,122,118,88,58,39,38,36,37,46,32,52,77,73,70,74,51,56,36,30,37,29,52,32,37,84,45,67,16,0,0,0,87,14,6,16,8,12,4,5,5,10,3,7,8,8,13,21,21,0
03,Cañar,281396,0302,Biblían,23741,-2.710000000000000,-78.88000000000000,4,8,16,16,5,13,6,11,8,3,8,1,8,7,9,15,9,4,11,6,6,6,11,10,5,11,9,4,11,2,0,0,0,6,1,1,1,2,2,0,0,2,3,0,1,4,2,1,2,4,0
03,Cañar,281396,0303,Cañar,68747,-2.483700000000000,-78.97839999999999,17,30,40,32,24,21,20,21,39,46,30,37,37,28,17,14,27,16,21,8,10,16,13,11,9,7,11,6,10,2,0,0,0,16,10,1,8,0,7,11,3,2,4,8,6,1,4,3,6,15,0
03,Cañar,281396,0306,Déleg,6782,-2.772600000000000,-78.91830000000000,1,8,4,6,3,2,1,0,0,1,2,1,1,3,3,2,2,3,2,1,3,2,2,1,6,5,1,3,1,1,0,0,0,5,1,0,1,0,0,0,0,0,0,0,0,1,0,0,0,1,0
03,Cañar,281396,0305,El Tambo,12462,-2.508100000000000,-78.92489999999999,1,4,1,3,5,7,1,6,13,13,12,9,10,18,14,9,16,5,2,2,5,4,5,2,2,1,2,1,1,0,0,0,0,3,0,0,0,1,0,3,0,0,3,0,1,0,1,6,7,6,0
03,Cañar,281396,0304,La Troncal,76872,-2.400000000000000,-79.33000000000000,7,14,22,10,3,14,4,16,27,23,31,30,47,23,39,43,52,34,31,23,23,16,16,11,18,4,7,8,15,0,0,0,0,50,7,6,4,6,2,0,2,2,4,1,2,1,2,2,4,4,0
03,Cañar,281396,0307,Suscal,6516,-2.436400000000000,-79.05220000000000,1,0,2,4,1,1,1,0,1,2,5,0,1,1,1,0,1,4,0,0,0,0,0,0,2,0,0,1,1,0,0,0,0,0,0,0,0,0,0,0,0,1,0,0,0,0,2,1,0,1,0
06,Chimborazo,524004,0602,Alausí,45054,-2.200000000000000,-78.84999999999999,11,54,28,18,7,15,12,12,18,14,27,22,35,12,11,12,12,6,13,8,7,7,5,7,4,10,8,11,1,7,0,0,0,13,0,0,1,0,0,1,1,2,0,1,1,4,0,1,2,0,0
06,Chimborazo,524004,0604,Chambo,13378,-1.733333000000000,-78.58333300000000,1,4,6,8,2,9,3,2,1,2,3,11,3,4,8,11,7,6,4,5,1,1,1,1,1,1,1,2,0,0,0,0,0,1,0,0,0,0,0,0,1,1,0,1,0,0,0,2,2,0,0
06,Chimborazo,524004,0605,Chunchi,12795,-2.283333000000000,-78.91666700000000,3,20,10,6,8,3,4,1,19,6,4,9,5,2,2,3,4,0,2,4,0,1,3,1,10,6,3,3,0,0,0,0,0,5,1,1,0,0,0,0,0,0,0,1,0,0,0,1,1,0,0
06,Chimborazo,524004,0603,Colta,44838,-1.700000000000000,-78.75000000000000,12,14,10,3,2,5,5,14,16,5,6,2,6,1,2,15,9,11,5,5,4,15,3,1,7,3,3,9,2,2,0,0,0,8,0,0,0,0,0,0,1,0,0,1,1,1,1,1,3,1,0
06,Chimborazo,524004,0610,Cumandá,17973,-2.200000000000000,-79.13333299999999,10,18,8,20,6,0,5,9,18,17,5,6,4,17,11,3,22,14,7,9,7,0,3,9,12,6,4,4,2,0,0,0,0,13,1,2,0,1,0,1,0,0,0,0,0,0,1,0,1,1,0
06,Chimborazo,524004,0606,Guamote,58291,-1.933333000000000,-78.71666700000000,2,9,5,3,4,2,2,3,4,2,1,1,0,3,2,3,8,6,3,3,5,3,2,4,6,5,2,3,4,0,0,0,0,5,1,0,1,0,1,0,0,0,0,0,0,0,0,0,1,2,0
06,Chimborazo,524004,0607,Guano,48395,-1.583333000000000,-78.63333299999999,4,10,20,6,15,7,9,11,17,22,22,12,20,15,18,27,22,11,19,16,22,12,8,9,9,7,11,9,7,0,0,0,0,17,1,1,1,0,1,0,3,1,1,0,9,0,4,4,3,8,0
06,Chimborazo,524004,0608,Pallatanga,12277,-1.983333000000000,-78.95000000000000,4,3,7,3,6,0,2,10,10,13,3,1,1,15,3,2,8,3,3,5,6,3,6,4,1,2,2,0,2,0,0,0,0,6,1,1,0,0,2,0,1,0,1,0,0,0,32,0,0,0,0
06,Chimborazo,524004,0609,Penipe,6955,-1.557300000000000,-78.53959999999999,1,1,0,14,2,0,0,1,0,1,1,2,1,0,4,3,1,1,4,5,2,1,1,5,0,0,2,3,3,2,0,0,0,1,0,0,0,0,0,0,0,0,0,1,0,0,0,0,1,0,0
06,Chimborazo,524004,0601,Riobamba,264048,-1.674347000000000,-78.64829400000001,170,177,165,138,93,110,103,200,116,144,122,108,183,140,168,200,225,152,128,134,94,99,91,113,95,95,50,111,59,13,0,0,0,166,12,8,6,6,12,7,10,14,12,8,25,27,58,20,47,38,0
05,Cotopaxi,488716,0502,La Maná,56905,-0.9300000000000000,-79.22000000000000,15,36,22,15,18,28,23,23,29,18,27,16,8,8,14,11,18,10,1,1,1,2,2,0,4,2,0,1,0,1,0,0,0,4,1,0,1,1,5,0,0,6,2,3,10,7,5,11,13,6,0
05,Cotopaxi,488716,0501,Latacunga,205624,-0.9333330000000000,-78.61666700000001,90,185,161,116,100,73,60,171,82,65,66,83,164,101,140,200,146,94,56,90,57,51,43,44,35,25,14,44,21,14,0,0,0,76,18,9,8,8,8,7,8,10,2,13,12,16,7,20,31,40,2
05,Cotopaxi,488716,0503,Pangua,24612,-1.133333000000000,-79.06666700000000,3,17,12,17,14,7,11,13,15,16,15,11,5,9,3,4,0,6,3,8,1,3,1,1,1,2,1,4,1,1,0,0,0,7,1,0,0,0,1,0,0,0,0,0,0,3,2,7,3,3,0
05,Cotopaxi,488716,0504,Pujilí,79772,-0.9500000000000000,-78.69000000000000,21,44,59,50,42,23,7,48,22,20,11,32,41,37,37,47,40,16,30,23,11,8,11,11,15,18,9,23,13,9,0,0,0,20,13,1,1,3,3,2,2,4,0,2,2,2,3,12,11,13,0
05,Cotopaxi,488716,0505,Salcedo,67100,-1.050000000000000,-78.58333300000000,66,110,107,96,72,68,30,69,41,29,43,64,67,55,95,72,100,64,68,72,38,38,27,28,18,49,30,48,11,18,0,0,0,60,13,1,7,3,4,2,4,7,3,4,0,9,13,9,22,15,2
05,Cotopaxi,488716,0506,Saquisilí,31426,-0.8300000000000000,-78.67000000000000,5,15,15,11,6,8,3,14,3,5,3,2,7,5,18,11,7,10,7,14,10,4,6,5,4,4,1,6,2,0,0,0,0,6,1,1,2,1,4,0,2,0,1,0,6,5,2,0,3,3,0
05,Cotopaxi,488716,0507,Sigchos,23277,-0.7000000000000000,-78.88333299999999,20,61,13,20,14,10,3,7,13,0,1,7,3,8,10,2,12,7,5,9,1,4,0,2,1,4,2,8,1,2,0,0,0,6,1,0,2,0,1,1,0,0,0,1,0,4,1,0,1,1,0
07,El Oro,715751,0702,Arenillas,33473,-3.550000000000000,-80.06000000000000,5,7,8,10,8,20,9,15,11,11,10,10,20,17,17,10,15,20,14,11,9,11,10,4,8,4,5,3,2,6,0,0,0,16,1,5,2,0,4,1,1,1,0,2,3,1,8,6,10,10,0
07,El Oro,715751,0703,Atahualpa,6436,-2.900000000000000,-78.93333300000000,5,25,10,11,7,24,11,26,31,22,13,5,5,23,25,12,7,9,9,5,0,2,3,0,1,1,3,1,3,0,0,0,0,17,0,0,0,0,0,1,0,0,1,0,0,0,2,2,1,2,0
07,El Oro,715751,0704,Balsas,9233,-3.762600000000000,-79.82530000000000,2,2,4,9,1,16,5,8,23,16,14,23,36,8,17,10,5,10,2,2,1,0,2,0,0,1,2,1,0,0,0,0,0,0,0,0,0,0,0,0,0,0,0,0,0,2,8,3,5,5,0
07,El Oro,715751,0705,Chilla,2379,-3.450000000000000,-79.58000000000000,0,0,1,0,0,1,0,0,1,1,0,0,0,0,1,2,3,1,1,1,0,2,0,0,2,0,1,1,1,1,0,0,0,1,0,0,0,0,1,0,0,0,0,0,0,0,0,0,0,0,0
07,El Oro,715751,0706,El Guabo,63645,-3.238800000000000,-79.82920000000000,21,14,10,13,12,27,10,10,6,3,9,10,25,17,33,28,38,36,27,33,16,10,18,4,16,25,18,9,22,8,0,0,0,51,4,1,3,2,7,0,0,3,1,3,1,0,3,4,7,6,2
07,El Oro,715751,0707,Huaquillas,60440,-3.481380000000000,-80.24320700000000,8,25,19,20,14,27,9,31,14,39,12,16,48,28,39,31,16,32,23,19,20,20,9,2,12,7,4,6,22,2,0,0,0,28,5,1,0,1,3,2,1,3,1,4,7,6,9,14,10,8,0
07,El Oro,715751,0714,Las Lajas,4963,-3.785000000000000,-80.06166700000000,0,0,0,0,4,2,2,9,0,10,1,0,0,7,3,5,11,4,2,1,1,1,1,0,4,0,4,2,3,2,0,0,0,4,0,0,0,0,0,0,1,0,0,0,0,0,0,1,0,2,0
07,El Oro,715751,0701,Machala,289141,-3.266667000000000,-79.96666700000000,258,348,329,248,265,280,266,266,311,227,167,192,247,292,242,338,368,412,231,204,138,97,147,111,152,161,159,122,120,61,0,0,0,523,40,18,16,20,29,12,16,37,43,27,28,42,64,105,110,132,9
07,El Oro,715751,0708,Marcabelí,6259,-3.786000000000000,-79.89780000000000,0,1,2,6,8,8,2,3,14,8,13,22,17,13,10,12,6,7,4,4,1,0,0,0,2,3,2,0,0,3,0,0,0,4,0,0,2,1,0,0,0,0,0,0,0,2,3,2,0,2,0
07,El Oro,715751,0709,Pasaje,87723,-3.326900000000000,-79.80490000000000,50,76,64,74,46,47,43,51,48,40,55,55,58,55,85,73,63,67,56,38,39,17,21,13,28,31,25,12,25,8,0,0,0,84,4,5,0,6,4,5,1,9,5,2,3,5,31,16,27,28,0
07,El Oro,715751,0710,Piñas,30206,-3.666667000000000,-79.65000000000001,28,21,31,30,46,61,13,21,75,28,21,57,58,53,37,45,41,54,53,47,36,19,18,17,13,15,23,8,16,12,0,0,0,35,4,2,1,1,2,4,0,2,3,19,48,53,64,40,29,28,3
07,El Oro,715751,0711,Portovelo,14028,-3.720000000000000,-79.62000000000000,10,8,8,8,8,9,9,8,29,17,27,26,37,27,38,51,29,20,21,8,8,9,5,5,13,7,4,6,10,1,0,0,0,14,0,1,2,0,0,0,0,11,0,1,7,3,5,0,4,3,0
07,El Oro,715751,0712,Santa Rosa,82171,-3.452222000000000,-79.96166700000001,29,45,35,36,44,67,41,66,72,63,95,95,136,164,105,86,89,79,29,32,23,18,21,9,18,15,29,28,31,6,0,0,0,62,14,3,5,5,9,2,0,3,2,17,3,4,4,4,10,27,0
07,El Oro,715751,0713,Zaruma,25654,-3.433333000000000,-79.59999999999999,18,22,24,21,19,32,48,43,41,39,36,46,49,47,43,46,30,25,34,29,13,9,6,9,9,8,14,9,27,9,0,0,0,19,3,2,1,0,5,0,0,1,0,0,3,6,9,9,7,7,0
08,Esmeraldas,591083,0806,Atacames,55495,0.8666670000000000,-79.83333300000000,2,13,9,14,10,13,13,10,6,18,9,18,10,7,7,9,10,1,8,6,4,27,12,3,6,10,29,18,3,2,0,0,0,29,10,5,0,6,0,1,1,0,0,2,0,1,0,3,12,0,1
08,Esmeraldas,591083,0802,Eloy Alfaro,45629,1.250000000000000,-79,0,1,1,3,4,1,3,3,2,2,6,0,9,0,2,4,8,1,5,2,4,1,5,2,2,2,1,4,1,0,0,0,0,5,2,1,1,1,0,0,0,0,0,0,3,1,4,0,5,6,1
08,Esmeraldas,591083,0801,Esmeraldas,218727,1.050000000000000,-79.20000000000000,56,65,92,37,63,110,86,155,130,181,133,108,210,156,111,135,153,76,91,74,75,66,54,40,83,79,108,89,20,42,0,0,0,160,47,10,2,17,1,2,8,3,1,2,9,7,10,17,12,12,8
08,Esmeraldas,591083,0803,Muisne,31106,0.6067000000000000,-80.01830000000000,0,0,2,1,3,1,0,4,0,4,3,1,4,0,3,2,0,1,1,1,1,0,1,0,2,0,3,5,1,0,0,0,0,14,4,1,0,5,0,0,0,1,1,3,0,1,1,2,0,0,1
08,Esmeraldas,591083,0804,Quinindé,145879,0.3300000000000000,-79.48000000000000,12,23,17,36,40,24,28,27,7,21,28,37,26,25,34,24,23,12,19,7,12,11,9,2,11,54,16,23,24,5,0,0,0,73,18,2,2,8,1,0,2,0,12,2,10,40,9,15,18,51,3
08,Esmeraldas,591083,0807,Rioverde,31475,1.060200000000000,-79.40440000000000,0,0,0,1,0,4,3,5,14,10,9,3,0,8,1,5,2,2,5,4,7,8,8,1,12,8,11,8,1,3,0,0,0,8,1,0,0,0,0,1,3,0,0,0,0,0,0,0,0,1,0
08,Esmeraldas,591083,0805,San Lorenzo,62772,1.265800000000000,-78.84139999999999,0,3,5,0,6,2,3,3,4,5,5,3,9,2,4,7,9,12,6,1,10,5,9,4,33,2,27,16,34,3,0,0,0,29,5,4,3,0,0,4,3,0,4,1,1,10,4,9,9,10,0
20,Galápagos,33042,2002,Isabela,3073,-0.4724000000000000,-90.68110000000000,2,44,7,2,0,0,1,1,0,0,2,0,0,2,0,0,0,13,0,1,0,0,0,1,0,0,0,0,0,0,0,0,0,1,0,0,0,0,0,0,0,0,0,0,0,0,1,0,0,0,0
20,Galápagos,33042,2001,San Cristóbal,9667,-0.8000000000000000,-89.40000000000001,4,25,17,14,10,8,1,10,4,0,1,5,4,3,6,5,3,4,12,1,1,1,9,5,4,3,0,1,0,0,0,0,0,3,0,0,0,0,1,0,1,0,0,1,1,0,6,2,1,1,0
20,Galápagos,33042,2003,Santa Cruz,20302,-0.6333330000000000,-90.36666700000001,61,80,48,21,13,6,4,8,4,5,5,6,8,4,7,4,4,10,3,2,3,1,1,1,0,1,1,2,1,0,0,0,0,7,1,1,3,0,2,1,2,2,3,0,0,2,0,0,1,3,0
09,Guayas,4387434,0902,Alfredo Baquerizo Moreno,32110,-1.916667000000000,-79.51666700000000,0,3,1,4,4,10,5,3,7,3,6,2,1,9,7,2,9,12,2,7,4,6,5,6,4,3,8,2,0,0,0,0,0,3,0,0,0,0,0,0,0,0,0,0,1,0,0,0,0,0,0
09,Guayas,4387434,0903,Balao,26348,-2.910000000000000,-79.81000000000000,3,2,6,8,8,7,15,10,4,16,10,1,10,14,15,14,13,16,7,10,5,3,5,6,7,13,12,5,2,2,0,0,0,12,2,0,8,2,0,0,1,0,0,0,2,0,3,2,1,1,0
09,Guayas,4387434,0904,Balzar,60260,-1.360000000000000,-79.90000000000001,13,16,9,18,4,5,4,30,19,29,25,23,22,25,24,45,12,30,20,21,12,8,12,10,17,3,6,0,8,4,0,0,0,10,0,0,1,0,0,2,1,0,0,2,1,0,0,0,2,3,0
09,Guayas,4387434,0905,Colimes,26169,-1.550000000000000,-80.01666700000000,7,9,6,14,0,5,18,16,11,8,10,9,4,11,9,18,4,14,4,1,0,0,4,2,3,1,1,0,1,0,0,0,0,0,0,0,0,0,1,0,0,0,0,1,0,0,0,0,0,0,0
09,Guayas,4387434,0923,Coronel Marcelino Maridueña,13132,-2.200000000000000,-79.42000000000000,0,4,4,1,1,8,5,0,0,1,5,0,2,1,2,9,8,3,3,3,0,1,3,2,4,4,1,0,2,0,0,0,0,6,0,2,0,1,3,3,1,2,0,0,1,0,0,4,6,3,0
09,Guayas,4387434,0906,Daule,173684,-1.866667000000000,-79.98333300000000,38,35,19,16,9,26,16,26,27,26,44,38,55,41,55,51,44,60,34,36,22,16,23,61,55,27,23,14,17,3,0,0,0,28,0,1,9,0,6,3,4,3,2,1,5,9,7,9,18,18,0
09,Guayas,4387434,0907,Durán,315724,-2.166667000000000,-79.83333300000000,89,72,77,43,54,69,40,77,56,65,133,79,117,73,129,94,48,147,75,41,39,46,38,115,105,63,24,20,8,5,0,0,0,77,14,5,7,10,10,6,9,2,2,4,8,17,16,23,23,46,0
09,Guayas,4387434,0909,El Triunfo,59636,-2.330000000000000,-79.40000000000001,13,16,13,11,12,17,11,38,30,26,41,22,30,28,20,38,19,14,18,12,13,7,14,16,16,11,9,13,12,0,0,0,0,23,10,3,3,4,6,8,0,1,6,1,2,2,1,3,4,2,1
09,Guayas,4387434,0908,Empalme,86073,-1.046111000000000,-79.63361100000000,15,15,41,13,22,15,33,76,70,23,47,39,41,36,52,33,21,37,32,28,15,10,8,13,14,3,2,6,6,2,0,0,0,14,6,2,8,1,0,0,1,1,6,1,5,5,1,5,8,5,1
09,Guayas,4387434,0927,General Antonio Elizalde,13156,-2.200000000000000,-79.17000000000000,11,16,10,9,13,8,9,24,20,7,10,17,33,30,29,41,14,11,18,4,4,1,3,1,7,2,3,2,0,1,0,0,0,15,1,2,0,0,2,0,0,2,0,0,1,0,0,0,0,1,0
09,Guayas,4387434,0901,Guayaquil,2723665,-2.183333000000000,-79.88333299999999,810,778,536,609,440,666,531,812,596,658,1410,904,985,1116,1183,1067,902,2526,887,751,735,741,842,2138,1793,1058,645,479,305,106,0,0,0,1576,231,194,205,174,353,125,79,91,85,129,202,284,265,326,469,595,8
09,Guayas,4387434,0928,Isidro Ayora,14582,-1.883333000000000,-80.16666700000000,1,0,1,0,1,1,2,11,6,8,4,1,3,5,17,6,9,2,5,1,3,2,0,1,1,2,0,0,2,0,0,0,0,2,0,0,0,0,0,0,0,0,0,0,0,0,0,0,0,1,0
09,Guayas,4387434,0924,Lomas de Sargentillo,24220,-1.883333000000000,-80.08333300000000,1,1,1,1,1,5,2,9,2,2,4,1,4,4,12,2,4,5,6,7,1,0,1,0,5,3,3,0,0,0,0,0,0,3,0,0,0,0,1,0,0,0,0,0,1,0,0,0,1,0,0
09,Guayas,4387434,0910,Milagro,199835,-2.126944000000000,-79.59916699999999,44,102,114,104,136,136,117,143,98,70,113,66,106,83,112,121,142,106,66,77,47,67,64,67,48,46,52,23,9,1,0,0,0,96,15,5,11,11,37,14,29,25,17,24,27,30,41,29,60,61,4
09,Guayas,4387434,0911,Naranjal,95052,-2.672800000000000,-79.61499999999999,17,19,33,31,13,55,101,125,41,60,50,43,41,36,51,32,39,53,33,38,22,12,27,18,14,20,15,5,6,9,0,0,0,49,5,10,6,5,2,9,9,1,1,5,1,2,8,7,4,4,0
09,Guayas,4387434,0912,Naranjito,43862,-2.173000000000000,-79.46710000000000,3,5,8,8,9,17,12,16,16,5,14,9,13,5,14,23,10,19,18,15,10,11,9,6,2,5,7,0,0,0,0,0,0,10,5,0,3,0,0,0,0,2,2,4,2,2,3,3,9,6,1
09,Guayas,4387434,0925,Nobol,26444,-1.916671000000000,-80.01153900000000,1,5,0,0,0,0,1,0,0,0,1,8,8,2,4,2,6,6,6,3,1,4,1,9,8,3,0,1,0,0,0,0,0,3,0,0,0,0,0,0,1,0,0,0,0,0,0,1,0,0,0
09,Guayas,4387434,0913,Palestina,18451,-1.626300000000000,-79.97700000000000,3,1,3,9,1,1,3,0,2,0,12,1,1,6,8,6,9,5,1,1,0,1,0,2,6,2,1,0,0,0,0,0,0,3,0,0,0,0,0,1,1,2,0,0,1,1,0,0,1,2,0
09,Guayas,4387434,0914,Pedro Carbo,51802,-1.833333000000000,-80.23333300000000,12,17,14,18,15,29,21,44,38,50,63,32,32,25,27,33,27,21,40,20,19,6,5,9,10,8,6,4,7,0,0,0,0,14,0,2,1,0,0,0,5,5,0,1,3,0,2,1,5,2,0
09,Guayas,4387434,0921,Playas,59628,-2.623330000000000,-80.38750000000000,3,3,8,16,7,16,36,37,17,11,15,12,23,11,12,13,15,15,10,2,3,2,8,4,11,2,8,0,1,0,0,0,0,5,3,1,0,0,1,0,2,3,0,0,2,0,2,1,1,3,0
09,Guayas,4387434,0919,Salitre,65765,-1.829444000000000,-79.81555600000000,3,10,9,27,14,6,15,11,18,7,45,23,66,34,28,39,36,47,24,20,18,7,12,10,9,12,6,6,3,0,0,0,0,11,3,2,2,5,3,0,0,0,1,1,4,3,1,7,13,11,1
09,Guayas,4387434,0916,Samborondón,102404,-2.183333000000000,-79.88333299999999,12,16,17,11,16,12,19,25,12,21,40,20,40,45,44,23,44,111,52,43,32,23,37,61,57,31,12,14,8,2,0,0,0,37,2,3,5,7,2,2,5,3,6,2,4,9,9,9,13,16,0
09,Guayas,4387434,0920,San Jacinto De Yaguachi,78204,-2.120000000000000,-79.69000000000000,9,16,12,15,8,14,12,18,10,12,17,0,15,8,15,23,11,11,14,12,5,3,4,10,8,3,4,8,1,0,0,0,0,8,0,0,1,0,3,0,3,0,2,0,2,1,1,0,8,3,0
09,Guayas,4387434,0918,Santa Lucía,45004,-1.713889000000000,-79.98500000000000,0,1,0,3,2,1,2,2,0,1,9,1,2,6,0,6,2,4,7,1,0,2,1,1,4,1,2,0,2,0,0,0,0,0,0,0,0,0,0,0,0,0,1,0,1,0,0,0,3,0,0
09,Guayas,4387434,0922,Simón Bolivar,32224,-2.156667000000000,-79.88750000000000,0,3,4,2,0,1,3,5,6,4,1,0,3,8,12,15,12,14,12,4,5,9,11,5,1,5,2,2,0,0,0,0,0,1,1,0,1,0,2,2,1,1,1,1,0,4,1,1,0,0,0
10,Imbabura,476257,1002,Antonio Ante,54311,0.3200000000000000,-78.20999999999999,35,80,51,43,32,35,9,40,18,11,12,16,17,29,45,51,94,62,62,38,49,23,45,40,29,62,20,18,16,24,0,0,0,169,13,15,3,13,4,2,12,16,8,1,3,49,7,0,9,6,0
10,Imbabura,476257,1003,Cotacachi,44203,0.3000000000000000,-78.26666700000000,6,47,41,31,32,20,16,22,30,27,22,22,37,47,46,72,68,30,42,28,27,21,17,11,28,21,52,43,35,8,0,0,0,86,6,1,1,2,4,2,3,2,1,2,4,23,4,8,2,4,0
10,Imbabura,476257,1001,Ibarra,221149,0.3626780000000000,-78.13066700000000,102,220,192,190,183,132,69,125,120,139,71,170,171,169,310,329,384,289,277,246,220,145,125,136,189,177,160,195,114,79,0,0,0,379,56,16,16,36,24,27,52,20,29,14,18,40,9,17,25,31,3
10,Imbabura,476257,1004,Otavalo,125785,0.2333330000000000,-78.26666700000000,53,98,79,56,91,75,31,126,69,43,27,45,46,55,89,71,156,75,80,48,77,71,78,50,85,54,50,41,41,26,0,0,0,301,29,3,8,8,13,3,10,6,11,3,10,46,10,13,7,9,1
10,Imbabura,476257,1005,Pimampiro,13269,0.4000000000000000,-77.97000000000000,2,5,7,14,10,2,0,5,5,1,5,6,10,7,14,9,23,11,14,17,25,6,6,6,5,6,3,2,4,4,0,0,0,15,1,0,0,6,1,0,3,1,6,0,0,0,0,0,0,0,0
10,Imbabura,476257,1006,San Miguel de Urcuquí,17540,0.5200000000000000,-78.20000000000000,4,10,10,13,27,6,4,3,3,9,9,6,15,12,27,40,42,22,24,11,7,10,7,2,6,4,3,7,1,7,0,0,0,10,2,2,0,0,2,0,1,2,0,0,0,0,1,0,0,5,0
11,Loja,521154,1102,Calvas,29565,-4.320000000000000,-79.56000000000000,7,22,19,6,5,6,8,3,11,24,25,32,68,62,56,53,13,16,10,10,5,2,18,4,3,5,2,3,15,6,0,0,0,25,6,1,2,3,1,2,2,0,1,2,0,1,1,3,3,2,0
11,Loja,521154,1103,Catamayo,35961,-3.980000000000000,-79.34999999999999,2,7,19,10,9,12,4,23,17,17,20,25,24,25,37,22,19,28,11,14,21,8,18,13,7,6,10,6,14,4,0,0,0,62,4,2,2,1,0,1,0,0,0,0,2,1,2,1,2,2,0
11,Loja,521154,1104,Celica,16160,-4.102500000000000,-79.95444400000000,0,0,1,1,3,1,1,2,1,5,11,41,18,13,14,20,11,5,1,4,2,3,1,2,1,3,2,2,1,0,0,0,0,0,0,0,0,0,0,0,1,1,0,0,1,0,0,2,0,3,0
11,Loja,521154,1105,Chaguarpamba,6620,-3.850000000000000,-79.65000000000001,0,0,4,3,1,1,1,2,0,1,4,6,1,1,3,1,1,2,1,0,2,1,3,2,1,0,1,0,3,0,0,0,0,2,1,0,0,0,1,0,0,0,0,0,1,0,0,0,1,0,0
11,Loja,521154,1106,Espíndola,14209,-4.583056000000000,-79.42694400000001,10,9,4,7,4,3,2,3,6,10,10,11,15,19,6,36,24,17,2,13,7,4,7,5,1,12,12,0,10,1,0,0,0,10,4,1,2,2,0,0,0,0,2,0,0,1,1,2,2,3,0
11,Loja,521154,1107,Gonzanamá,10953,-4.231389000000000,-79.43527800000000,0,0,4,4,0,3,2,1,0,2,9,3,20,12,11,15,9,6,12,8,6,3,2,6,6,6,0,3,5,1,0,0,0,1,0,0,1,0,0,0,0,0,0,0,3,1,1,1,0,4,0
11,Loja,521154,1101,Loja,274112,-3.983333000000000,-79.20000000000000,103,286,220,359,169,265,316,246,231,271,348,357,466,307,312,169,327,208,157,146,154,98,116,95,93,73,79,73,92,29,0,0,0,228,51,17,11,25,17,4,9,17,14,14,25,24,40,50,56,32,6
11,Loja,521154,1108,Macará,20269,-4.383333000000000,-79.95000000000000,7,4,5,1,4,9,9,26,18,16,37,50,47,28,16,53,22,28,14,10,43,19,10,15,4,27,27,2,22,6,0,0,0,19,2,0,0,1,1,3,3,1,0,1,0,0,2,1,6,6,0
11,Loja,521154,1116,Olmedo,4220,-3.934000000000000,-79.64800000000000,1,2,0,1,0,0,0,0,4,1,3,5,1,3,2,3,1,2,1,2,2,1,0,2,0,1,0,1,1,0,0,0,0,2,1,1,0,0,0,0,0,0,0,0,0,0,1,3,1,4,0
11,Loja,521154,1109,Paltas,23471,-4.050000000000000,-79.65000000000001,19,48,36,23,13,3,8,11,7,7,20,24,56,57,53,55,24,9,2,6,37,14,27,16,4,24,7,3,22,3,0,0,0,22,4,1,1,0,3,0,0,0,0,0,2,5,5,1,3,3,0
11,Loja,521154,1114,Pindal,10540,-4.116100000000000,-80.10760000000001,0,2,1,0,1,0,2,6,3,0,0,6,6,8,3,2,6,2,0,1,1,2,2,0,0,0,2,0,1,0,0,0,0,0,0,0,0,0,0,0,0,0,0,0,0,0,0,0,0,0,0
11,Loja,521154,1110,Puyango,15925,-3.870000000000000,-80.09000000000000,4,4,3,4,2,3,0,8,5,3,4,5,1,2,4,4,7,4,3,1,6,9,10,7,2,3,3,1,0,1,0,0,0,2,1,0,1,0,0,0,0,1,1,0,1,0,4,0,2,1,0
11,Loja,521154,1115,Quilanga,4197,-4.298000000000000,-79.39860000000000,0,5,2,1,0,0,1,13,12,1,6,1,4,3,2,2,0,5,5,4,6,0,6,12,1,20,14,0,0,1,0,0,0,10,0,0,0,0,0,0,0,0,0,0,0,1,4,1,0,0,0
11,Loja,521154,1111,Saraguro,33506,-3.625300000000000,-79.24110000000000,13,21,36,21,3,4,1,8,11,11,8,24,17,27,29,11,21,11,5,5,15,25,7,44,7,16,23,2,12,1,0,0,0,11,0,0,2,1,1,1,1,0,2,2,0,1,1,0,7,10,1
11,Loja,521154,1112,Sozoranga,7121,-4.327778000000000,-79.78972200000000,0,0,1,2,1,0,0,0,1,1,3,0,4,5,2,2,2,5,6,2,3,2,1,2,0,2,0,0,1,0,0,0,0,5,0,0,0,3,0,1,1,0,0,0,0,0,0,0,0,2,0
11,Loja,521154,1113,Zapotillo,14325,-4.386360000000000,-80.24360000000000,0,5,11,5,8,16,11,14,4,12,12,4,13,4,6,5,8,1,5,2,12,1,1,3,1,1,0,1,1,0,0,0,0,4,0,0,0,0,0,0,0,1,0,0,0,0,0,3,2,4,0
12,Los Ríos,921763,1202,Baba,43429,-1.784167000000000,-79.67666699999999,1,4,2,7,9,14,25,20,28,15,12,14,14,10,12,10,11,16,6,5,5,2,2,2,0,0,4,2,1,0,0,0,0,5,0,0,0,0,1,1,0,1,0,0,2,0,1,1,3,0,0
12,Los Ríos,921763,1201,Babahoyo,175281,-1.800000000000000,-79.53333300000000,91,82,99,80,89,104,173,74,60,72,69,93,103,83,155,104,105,106,65,40,23,23,22,29,25,27,25,18,10,1,0,0,0,46,8,4,2,7,1,2,4,3,5,7,16,19,7,11,11,14,0
12,Los Ríos,921763,1210,Buena Fe,83654,-0.8985720000000000,-79.48891600000000,6,21,22,41,20,15,9,33,35,9,24,22,11,9,20,26,20,24,13,17,14,10,11,12,7,13,11,9,2,0,0,0,0,9,1,1,7,2,1,0,0,5,2,0,0,0,1,2,7,6,1
12,Los Ríos,921763,1212,Mocache,43316,-1.183850000000000,-79.50552999999999,1,5,7,7,3,2,6,10,2,3,5,5,2,6,7,3,1,4,5,2,2,1,1,1,0,1,2,0,0,0,0,0,0,3,0,0,1,0,0,0,0,0,0,0,0,0,0,1,1,1,0
12,Los Ríos,921763,1203,Montalvo,28720,-1.793800000000000,-79.28570000000001,3,6,10,9,19,35,41,48,27,22,18,14,27,11,18,9,9,21,8,9,5,2,4,6,3,6,5,5,3,0,0,0,0,10,2,2,2,0,1,2,0,0,1,1,3,2,0,2,0,4,0
12,Los Ríos,921763,1209,Palenque,23638,-1.432800000000000,-79.74950000000000,2,8,12,6,5,13,3,20,9,7,11,13,18,5,28,15,27,48,26,8,12,0,9,1,4,2,2,5,2,0,0,0,0,1,0,0,0,1,0,0,0,0,0,0,0,0,1,0,4,0,0
12,Los Ríos,921763,1204,Puebloviejo,44725,-1.550000000000000,-79.53388900000000,1,5,3,4,10,9,3,20,9,11,16,6,14,19,29,20,10,18,11,4,3,1,4,4,8,6,3,1,2,1,0,0,0,8,0,0,2,1,0,0,1,0,0,1,0,0,1,2,3,3,0
12,Los Ríos,921763,1205,Quevedo,213842,-1.033333000000000,-79.45000000000000,31,45,59,59,38,74,54,108,107,48,168,76,46,90,69,69,44,102,34,24,23,8,10,17,14,23,15,13,5,1,0,0,0,36,10,5,7,2,4,2,6,5,3,6,8,7,14,29,21,21,0
12,Los Ríos,921763,1213,Quinsaloma,20428,-1.206200000000000,-79.31450000000000,0,3,1,10,11,9,12,29,17,18,23,4,10,7,10,10,2,4,6,3,2,1,1,2,1,3,4,0,0,0,0,0,0,1,0,0,0,0,0,0,0,0,0,0,1,0,1,2,0,5,0
12,Los Ríos,921763,1206,Urdaneta,32618,-1.570556000000000,-79.47111099999999,3,4,7,23,5,6,12,24,24,24,21,9,18,36,36,33,20,15,20,5,8,6,5,8,3,0,5,2,1,0,0,0,0,6,0,0,1,0,0,0,0,0,0,2,2,0,0,2,0,1,1
12,Los Ríos,921763,1211,Valencia,54637,-0.9525000000000000,-79.35310000000000,20,51,37,47,19,21,20,40,23,9,15,8,13,23,24,13,10,17,6,4,11,2,6,2,0,6,3,5,1,1,0,0,0,10,0,1,1,1,0,0,3,2,2,1,1,3,2,9,10,12,0
12,Los Ríos,921763,1207,Ventanas,75146,-1.450000000000000,-79.47000000000000,8,19,13,23,24,18,25,64,55,53,61,66,65,46,60,41,39,23,26,15,14,16,4,5,4,6,2,3,5,0,0,0,0,18,3,1,1,0,0,1,2,2,2,5,4,2,3,4,8,4,0
12,Los Ríos,921763,1208,Vinces,82329,-1.558333000000000,-79.75000000000000,8,23,35,30,10,16,13,36,43,27,62,45,35,39,27,20,35,65,33,23,22,12,26,13,19,10,6,6,3,0,0,0,0,11,0,1,3,0,0,0,1,0,0,1,1,1,6,9,12,14,0
13,Manabí,1562079,1302,Bolívar,45493,-0.8419440000000000,-80.16194400000001,14,13,4,11,11,20,9,15,30,33,32,27,18,34,37,26,26,20,9,10,3,5,5,9,5,5,5,3,4,0,0,0,0,6,0,1,0,1,0,1,2,2,1,2,10,6,9,2,9,12,0
13,Manabí,1562079,1303,Chone,131002,-0.6833330000000000,-80.09999999999999,47,58,45,49,41,54,47,111,128,101,102,123,90,117,200,86,60,128,59,48,23,51,32,20,9,16,12,15,18,5,0,0,0,58,11,6,6,10,8,6,22,43,34,59,58,58,66,55,53,55,6
13,Manabí,1562079,1304,El Carmen,111344,-1.314700000000000,-80.01690000000001,8,9,15,10,10,28,18,41,25,46,28,17,25,11,18,29,23,12,12,13,8,10,20,13,13,8,5,6,2,2,0,0,0,12,5,1,4,2,2,1,8,3,3,5,10,8,15,8,9,8,3
13,Manabí,1562079,1305,Flavio Alfaro,23822,-0.4054000000000000,-79.90580000000000,4,9,5,3,4,5,2,9,16,24,26,22,19,4,8,5,1,3,2,7,5,2,0,4,2,1,2,1,1,2,0,0,0,2,0,2,0,0,1,0,0,5,0,1,2,1,1,2,0,4,0
13,Manabí,1562079,1320,Jama,26116,-0.2014000000000000,-80.26590000000000,12,8,5,7,1,6,3,5,10,3,1,4,9,6,3,7,4,1,1,1,3,1,2,0,2,2,1,0,0,0,0,0,0,4,1,2,0,0,0,0,0,0,1,0,1,1,0,6,1,2,0
13,Manabí,1562079,1321,Jaramijó,28439,-0.9487300000000000,-80.63630000000001,1,1,2,4,1,3,9,2,4,10,12,11,4,8,8,8,4,7,1,1,0,3,0,4,0,1,3,1,0,0,0,0,0,3,0,1,1,0,0,0,6,1,1,1,1,2,1,0,0,1,0
13,Manabí,1562079,1306,Jipijapa,74645,-1.333330000000000,-80.58329999999999,25,51,59,43,44,59,24,59,77,61,89,56,48,72,58,41,17,32,22,18,10,9,22,11,14,17,11,3,6,0,0,0,0,32,9,0,5,2,1,0,0,1,4,1,4,13,7,14,20,24,0
13,Manabí,1562079,1307,Junín,18820,-0.9291600000000000,-80.20569000000000,3,3,7,6,6,8,0,10,13,14,10,21,16,13,22,9,10,8,3,5,5,3,1,1,3,4,3,1,1,1,0,0,0,5,1,0,0,0,0,0,0,0,0,0,2,0,0,6,3,6,1
13,Manabí,1562079,1308,Manta,264281,-0.9500220000000000,-80.71620000000000,75,106,95,108,49,101,72,96,145,107,145,100,93,119,127,81,69,102,52,42,60,47,30,36,23,28,42,17,10,9,0,0,0,69,24,16,22,19,7,9,14,19,15,13,18,105,25,26,46,51,2
13,Manabí,1562079,1309,Montecristi,107785,-1.033330000000000,-80.65000000000001,13,10,12,17,12,10,9,17,14,16,17,17,18,12,23,15,8,30,9,10,6,6,6,4,2,5,4,1,3,0,0,0,0,9,8,1,1,3,2,0,4,3,3,2,1,10,5,3,4,7,0
13,Manabí,1562079,1318,Olmedo,10194,-1.396111000000000,-80.20611100000001,7,1,10,22,5,19,6,13,23,19,21,17,33,26,11,18,12,5,7,7,4,1,2,3,5,3,3,2,6,0,0,0,0,8,1,2,0,0,0,2,0,0,0,0,0,2,2,0,2,2,1
13,Manabí,1562079,1310,Paján,37093,-1.570000000000000,-80.42000000000000,6,17,8,16,4,8,10,17,36,23,27,7,23,16,8,20,17,10,15,4,2,3,8,10,4,5,5,2,1,0,0,0,0,8,1,4,2,0,1,0,0,1,0,0,1,0,0,1,0,2,0
13,Manabí,1562079,1317,Pedernales,63441,0.07010000000000000,-80.05360000000000,5,12,6,8,3,5,16,21,15,13,3,3,14,21,5,13,7,5,2,5,10,5,4,4,5,4,5,2,1,2,0,0,0,19,2,0,4,1,0,0,1,1,1,3,18,10,15,12,18,7,0
13,Manabí,1562079,1311,Pichincha,29599,-1.047300000000000,-79.81860000000000,8,15,17,13,10,14,6,26,46,37,11,19,23,21,26,17,20,20,6,9,3,6,2,0,0,3,5,1,2,0,0,0,0,7,1,1,1,0,0,0,0,2,0,0,1,0,7,5,3,4,0
13,Manabí,1562079,1301,Portoviejo,321800,-1.056181000000000,-80.45521700000000,183,281,176,230,192,310,188,392,433,294,310,349,203,288,292,230,219,229,107,92,73,89,95,89,61,134,94,24,60,9,0,0,0,143,15,11,14,16,11,9,11,8,19,25,46,67,75,44,75,78,7
13,Manabí,1562079,1319,Puerto López,24688,-1.566667000000000,-80.81666700000000,4,5,3,12,1,8,4,3,4,4,5,2,21,11,4,7,0,2,20,4,5,2,1,4,5,2,2,2,3,0,0,0,0,5,0,0,0,0,0,0,0,0,0,1,0,0,2,6,8,6,1
13,Manabí,1562079,1312,Rocafuerte,37312,-0.9200000000000000,-80.45999999999999,34,51,33,46,33,43,27,75,44,33,32,19,12,35,65,54,49,16,18,5,11,26,10,12,10,12,7,5,4,1,0,0,0,18,1,0,2,6,2,0,0,3,1,0,4,5,3,9,18,18,0
13,Manabí,1562079,1322,San Vicente,24799,-0.5893000000000000,-80.40880000000000,1,2,3,2,2,7,7,8,10,16,2,0,17,26,14,9,15,4,9,8,6,9,4,5,2,12,10,4,3,1,0,0,0,12,0,0,1,2,0,0,3,19,9,13,19,9,14,11,5,6,0
13,Manabí,1562079,1313,Santa Ana,48152,-1.206900000000000,-80.37090000000001,11,16,18,13,17,34,14,45,61,46,55,43,38,52,25,25,29,24,9,11,11,9,17,15,15,1,6,2,3,0,0,0,0,43,10,9,11,2,2,0,4,1,5,1,9,4,9,4,3,8,2
13,Manabí,1562079,1314,Sucre,62443,-0.6000000000000000,-80.41666700000000,25,17,26,32,13,23,29,38,37,50,28,12,37,40,32,30,32,24,16,33,15,27,16,17,9,30,16,0,1,0,0,0,0,40,3,4,0,3,1,2,3,5,8,17,31,13,33,16,28,15,0
13,Manabí,1562079,1315,Tosagua,42297,-0.7800000000000000,-80.26000000000001,3,10,18,8,6,16,12,31,24,7,37,13,12,13,28,14,15,17,9,22,8,11,7,7,11,5,9,11,10,4,0,0,0,16,6,2,4,0,1,0,0,10,7,15,12,6,7,6,7,3,0
13,Manabí,1562079,1316,Veinticuatro de Mayo,28514,-1.278889000000000,-80.42000000000000,8,13,12,15,19,41,14,72,71,42,45,36,26,28,35,33,16,18,7,18,10,2,8,2,5,6,4,6,4,2,0,0,0,8,5,3,0,2,1,0,1,1,0,0,1,5,0,2,7,9,0
14,Morona Santiago,196535,1402,Gualaquiza,19555,-3.380000000000000,-78.58000000000000,24,30,15,8,8,9,11,14,8,9,17,21,39,46,64,23,27,17,16,9,4,8,7,14,3,1,2,2,1,1,0,0,0,7,0,0,0,1,1,0,1,1,6,0,3,1,22,25,9,16,0
14,Morona Santiago,196535,1407,Huamboya,12382,-1.785000000000000,-78.23194400000000,0,2,0,0,0,2,0,0,1,0,0,0,1,0,0,0,7,2,3,0,1,5,0,2,0,2,7,1,0,0,0,0,0,6,0,0,1,0,0,0,0,0,0,0,0,7,1,0,1,1,0
14,Morona Santiago,196535,1403,Limón Indanza,10349,-2.966250000000000,-78.43052800000000,2,7,8,16,3,0,0,1,0,3,7,6,5,0,12,13,5,7,8,4,3,6,3,5,4,17,17,12,1,5,0,0,0,19,0,0,0,0,0,0,0,0,7,1,0,2,1,1,3,4,0
14,Morona Santiago,196535,1410,Logroño,7643,-2.624800000000000,-78.18960000000000,1,3,3,0,3,0,0,0,2,0,0,0,2,0,0,2,0,0,1,2,0,4,2,3,1,1,4,4,2,1,0,0,0,4,0,0,1,0,1,0,1,1,1,0,1,0,0,0,2,0,0
14,Morona Santiago,196535,1401,Morona,58281,-2.300000000000000,-78.11666700000001,49,79,45,20,11,31,15,27,29,33,29,17,65,59,70,76,72,36,46,40,55,37,32,35,42,60,48,53,37,28,0,0,0,140,9,8,10,6,12,12,8,15,9,4,19,8,35,45,126,11,0
14,Morona Santiago,196535,1411,Pablo Sexto,2897,-1.803056000000000,-77.92111100000000,2,0,1,0,0,0,0,0,0,0,0,0,0,0,0,0,5,4,2,4,0,0,0,1,0,3,2,0,0,0,0,0,0,3,0,0,0,0,0,1,1,0,0,0,1,0,0,2,1,0,0
14,Morona Santiago,196535,1404,Palora,7719,-1.700000000000000,-77.94000000000000,11,20,13,23,3,18,2,1,4,5,1,4,0,2,4,1,4,3,5,3,0,10,2,12,5,7,17,15,4,8,0,0,0,16,0,0,0,0,0,0,1,0,0,0,1,0,2,0,2,1,0
14,Morona Santiago,196535,1408,San Juan Bosco,4985,-3.092300000000000,-78.51320000000000,0,6,11,4,3,2,0,0,0,0,0,0,2,3,8,11,5,4,0,1,5,6,1,3,0,3,0,0,0,0,0,0,0,2,0,0,0,0,1,0,0,1,7,3,0,2,1,0,0,0,0
14,Morona Santiago,196535,1405,Santiago,11087,-3.429800000000000,-78.56560000000000,4,12,5,4,1,0,0,1,0,1,0,1,1,0,4,1,1,1,2,2,4,1,2,8,9,7,3,9,5,8,0,0,0,14,0,1,1,0,0,0,1,1,3,0,0,2,4,1,1,1,0
14,Morona Santiago,196535,1406,Sucúa,23823,-2.460000000000000,-78.17000000000000,14,9,7,12,4,6,1,8,18,11,3,4,8,9,16,9,14,17,15,17,12,10,3,20,2,22,39,12,14,4,0,0,0,46,1,5,2,1,0,1,0,3,3,0,7,1,4,4,8,6,0
14,Morona Santiago,196535,1409,Taisha,26773,-2.339950000000000,-77.45808000000000,0,6,1,0,1,0,0,0,1,0,0,0,0,1,0,0,0,0,0,0,1,0,0,0,0,10,1,1,0,0,0,0,0,3,0,0,0,0,0,0,0,2,2,0,0,2,2,2,1,2,0
14,Morona Santiago,196535,1412,Tiwintza,11041,-2.917670000000000,-77.80170000000000,0,0,0,0,0,0,0,0,0,0,2,0,1,0,2,6,3,0,1,0,1,0,1,0,1,4,1,3,0,1,0,0,0,6,0,0,0,1,1,0,0,0,1,0,0,0,3,1,3,0,0
15,Napo,133705,1503,Archidona,33068,-0.9166670000000000,-77.78333300000000,8,7,14,3,4,7,11,9,6,5,3,19,10,5,9,5,16,16,2,4,4,20,3,8,10,9,9,9,4,1,0,0,0,15,0,1,2,0,4,2,0,3,6,4,11,1,1,3,11,9,0
15,Napo,133705,1509,Carlos Julio Arosemena Tola,4466,-1.166667000000000,-77.84999999999999,0,0,0,0,0,0,0,1,0,0,0,0,1,1,1,3,5,1,2,0,0,3,5,4,8,1,1,1,0,0,0,0,0,6,0,1,0,0,0,0,0,0,1,1,4,2,1,0,0,3,0
15,Napo,133705,1504,El Chaco,10142,-0.3402780000000000,-77.80888899999999,13,15,14,8,1,21,5,9,3,0,7,12,5,6,7,8,29,11,7,19,12,12,0,5,6,3,4,9,1,1,0,0,0,12,1,0,0,0,0,0,0,1,0,0,1,2,2,0,1,2,0
15,Napo,133705,1507,Quijos,6847,-0.4636110000000000,-77.89277800000001,6,16,6,7,1,14,6,5,4,1,7,8,12,1,6,9,29,8,15,10,3,5,1,4,0,35,16,6,1,3,0,0,0,18,1,1,0,4,0,3,2,0,0,1,0,0,1,5,16,8,2
15,Napo,133705,1501,Tena,79182,-0.9890000000000000,-77.81590000000000,29,37,29,47,16,44,29,50,46,26,7,80,43,38,41,48,124,67,44,52,42,57,47,46,47,32,58,56,19,16,0,0,0,54,8,6,10,12,34,10,10,20,59,25,77,37,40,34,63,49,1
22,Orellana,161338,2202,Aguarico,3629,-0.9211110000000000,-75.39916700000001,1,0,0,0,0,1,3,0,1,1,0,0,0,3,21,1,1,1,0,7,24,12,10,5,10,23,18,1,3,0,0,0,0,3,2,0,1,1,0,0,0,0,3,1,0,2,0,4,3,0,0
22,Orellana,161338,2203,La Joya de los Sachas,39352,-0.3000000000000000,-76.84999999999999,0,5,2,13,5,30,5,10,6,4,14,9,10,13,18,22,21,9,12,10,8,4,6,7,8,7,9,16,3,1,0,0,0,13,1,2,1,8,3,4,3,5,20,1,15,9,14,15,13,8,0
22,Orellana,161338,2204,Loreto,24579,-0.6904000000000000,-77.30830000000000,2,1,0,1,2,0,1,1,0,1,0,3,3,4,7,4,9,3,2,1,2,2,1,0,2,3,1,2,2,0,0,0,0,3,1,1,1,3,5,1,0,1,5,1,17,9,4,2,3,0,0
22,Orellana,161338,2201,Orellana,93778,-0.4666670000000000,-76.96666700000000,10,20,7,18,15,32,6,14,18,20,49,41,41,38,72,68,114,39,55,53,24,31,38,40,32,25,27,12,14,1,0,0,0,40,2,1,6,5,10,9,9,18,41,19,39,55,38,31,33,22,4
16,Pastaza,114202,1604,Arajuno,8128,-1.234370000000000,-77.68750000000000,2,1,1,1,1,0,0,3,0,0,0,0,2,0,0,2,1,0,0,0,1,0,0,0,1,2,4,0,0,0,0,0,0,0,0,0,0,0,0,0,2,2,1,2,1,0,3,1,0,0,0
16,Pastaza,114202,1602,Mera,17547,-1.460000000000000,-78.09000000000000,2,7,5,10,5,6,4,10,10,7,5,1,1,3,4,20,23,14,5,6,8,6,4,5,3,4,8,12,7,4,0,0,0,21,2,6,0,1,1,0,1,0,3,2,9,1,2,2,1,0,0
16,Pastaza,114202,1601,Pastaza,84377,-1.066667000000000,-78.00111099999999,10,23,34,9,14,19,5,45,18,20,25,12,14,21,22,84,56,26,38,24,44,33,17,24,21,25,43,67,20,14,0,0,0,83,4,19,2,5,2,1,6,3,16,31,70,20,23,10,12,12,0
16,Pastaza,114202,1603,Santa Clara,4150,-1.267100000000000,-77.88820000000000,0,0,0,0,0,1,0,2,0,0,0,1,0,2,2,3,0,0,3,0,2,1,2,0,0,0,1,0,0,0,0,0,0,0,0,0,0,0,0,0,0,0,0,0,0,0,2,0,1,1,0
17,Pichincha,3228233,1702,Cayambe,107660,0.04388900000000000,-78.15610000000000,15,29,31,24,38,33,16,55,30,31,15,28,26,56,50,38,40,41,31,41,17,29,30,21,15,46,16,18,15,6,0,0,0,60,11,10,6,8,9,2,7,16,11,8,6,13,11,2,10,6,0
17,Pichincha,3228233,1703,Mejía,108167,-0.5101000000000000,-78.56980000000000,32,56,80,73,43,70,44,68,48,51,48,118,100,90,167,127,158,111,84,111,78,90,57,59,64,91,57,104,39,50,0,0,0,137,19,20,14,12,12,5,6,11,4,15,12,17,8,15,27,11,3
17,Pichincha,3228233,1704,Pedro Moncayo,43281,0.04369700000000000,-78.34923999999999,5,7,9,11,9,7,5,17,6,4,5,8,3,5,12,10,10,9,7,16,4,13,5,9,1,15,7,9,4,2,0,0,0,21,2,9,1,0,5,2,2,4,5,0,0,7,1,1,1,6,0
17,Pichincha,3228233,1708,Pedro Vicente Maldonado,17171,0.1666670000000000,-79,0,12,5,20,9,4,4,7,2,5,15,20,15,5,9,11,18,7,9,8,10,5,4,1,0,1,4,5,5,3,0,0,0,14,3,1,2,0,2,1,1,2,3,1,1,1,0,1,1,4,1
17,Pichincha,3228233,1709,Puerto Quito,24911,0.1170000000000000,-79.26400000000000,5,2,6,5,2,7,4,5,8,12,16,7,29,10,11,14,15,16,20,5,8,3,5,1,7,11,8,5,6,1,0,0,0,20,4,1,0,2,2,0,3,0,1,1,0,2,28,17,12,18,1
17,Pichincha,3228233,1701,Quito,2781641,-0.2186110000000000,-78.50972200000000,1769,3134,2964,3096,2472,3091,2675,3696,1655,1861,3084,4946,3264,3511,4979,4531,5379,4110,3850,3316,2400,2373,2433,2123,2840,3133,2134,4165,1985,1675,0,0,0,7726,1226,626,818,777,1214,526,848,1044,653,1323,792,708,546,561,1438,960,54
17,Pichincha,3228233,1705,Rumiñahui,115433,-0.3345000000000000,-78.44750000000001,59,116,87,71,67,93,86,121,73,70,80,143,100,115,145,139,167,152,125,140,101,95,60,90,83,104,91,105,56,61,0,0,0,282,41,20,46,42,58,32,20,27,13,23,28,15,17,17,50,34,3
17,Pichincha,3228233,1707,San Miguel de Los Bancos,29969,0.02300000000000000,-78.89200000000000,0,11,17,27,29,21,17,9,20,18,21,30,24,14,30,26,25,11,16,13,10,3,13,5,5,2,6,5,11,2,0,0,0,27,12,7,7,7,3,1,1,4,3,2,1,4,3,6,7,3,0
24,Santa Elena,401178,2402,La Libertad,117767,-2.233333000000000,-80.90000000000001,38,58,24,17,12,11,31,45,17,6,39,24,8,20,55,31,15,36,23,7,5,5,6,16,7,2,7,3,3,1,0,0,0,15,5,1,3,1,0,4,1,1,2,0,1,1,2,2,4,6,0
24,Santa Elena,401178,2403,Salinas,94590,-2.216667000000000,-80.95000000000000,25,38,17,16,9,17,72,16,23,2,50,16,4,25,35,31,9,14,15,7,12,3,2,5,3,2,7,2,0,1,0,0,0,5,0,1,-1,0,4,0,2,3,1,3,3,1,3,3,18,2,0
24,Santa Elena,401178,2401,Santa Elena,188821,-2.226700000000000,-80.85830000000000,20,71,17,33,14,31,17,45,39,15,51,28,23,38,81,42,25,38,21,7,11,6,9,10,4,15,9,3,4,0,0,0,0,31,1,1,26,3,1,0,1,12,3,0,3,4,1,2,8,11,0
23,Sto. Domingo Tsáchilas,511151,2302,La Concordia,52571,0.002300000000000000,-79.38460000000001,27,25,38,31,15,18,22,24,24,28,9,20,20,20,29,5,22,3,14,12,10,2,4,9,7,10,1,10,8,6,0,0,0,15,2,1,1,1,3,0,2,5,6,5,18,20,17,23,44,45,0
23,Sto. Domingo Tsáchilas,511151,2301,Santo Domingo,458580,-0.2541670000000000,-79.17194400000000,118,253,219,143,238,108,163,447,355,264,272,293,283,223,263,237,322,139,104,265,133,104,80,70,78,103,61,97,42,37,0,0,0,170,45,23,25,38,15,14,62,12,10,27,24,69,63,52,96,72,8
21,Sucumbíos,230503,2106,Cascales,15882,-0.06750000000000000,-77.21694400000000,0,0,0,2,0,1,1,2,4,10,3,16,5,3,28,11,14,13,1,6,6,0,6,1,1,2,3,2,0,3,0,0,0,8,1,2,1,1,1,1,0,2,0,0,1,3,1,2,3,6,0
21,Sucumbíos,230503,2107,Cuyabeno,7154,-0.1288890000000000,-76.41388900000000,1,2,0,0,0,3,3,8,1,5,3,4,4,2,7,7,11,28,20,10,0,4,1,1,5,0,5,1,1,1,0,0,0,17,1,0,0,0,0,3,2,0,3,0,2,5,1,9,7,6,0
21,Sucumbíos,230503,2102,Gonzalo Pizarro,10007,0.04700000000000000,-77.32280000000000,2,0,4,8,0,5,8,8,5,0,4,4,5,4,6,6,14,3,1,12,4,10,1,2,1,0,4,0,1,1,0,0,0,9,1,1,4,0,2,1,0,1,0,1,8,4,5,11,0,4,0
21,Sucumbíos,230503,2101,Lago Agrio,119594,0.08472200000000001,-76.88277800000000,10,17,26,15,16,21,12,41,36,33,72,97,100,92,70,115,106,51,36,43,29,20,35,33,31,28,37,62,33,13,0,0,0,161,22,8,7,9,7,12,18,21,25,6,54,61,52,88,62,74,22
21,Sucumbíos,230503,2103,Putumayo,16106,0.1000000000000000,-75.84999999999999,0,1,2,14,4,0,1,0,3,4,5,4,1,2,0,13,10,14,12,10,16,6,7,6,4,0,1,1,3,0,0,0,0,10,4,0,3,1,2,1,1,0,0,0,5,2,2,2,3,2,0
21,Sucumbíos,230503,2104,Shushufindi,57949,-0.1871000000000000,-76.64500000000000,13,9,48,2,8,2,3,24,28,16,50,43,59,52,53,31,32,15,15,7,22,15,7,13,9,9,24,19,19,6,0,0,0,30,10,1,0,0,2,1,3,0,6,5,6,5,17,15,20,2,0
21,Sucumbíos,230503,2105,Sucumbíos,3811,0.4592000000000000,-77.52300000000000,2,3,11,17,9,2,3,1,2,6,2,1,1,3,10,10,5,5,4,4,2,3,2,6,6,0,2,1,1,0,0,0,0,1,0,0,0,0,0,0,1,0,0,0,0,0,1,0,0,0,0
18,Tungurahua,590600,1801,Ambato,387309,-1.241667000000000,-78.61972200000000,212,304,329,206,287,183,96,302,137,111,108,217,173,168,173,193,243,195,344,269,137,249,282,111,138,162,211,252,95,79,0,0,0,365,90,40,59,53,11,13,38,40,26,21,28,47,49,43,76,44,0
18,Tungurahua,590600,1802,Baños,25043,-1.396389000000000,-78.42472200000000,17,29,21,37,12,11,5,5,7,12,4,19,15,15,17,4,27,24,8,20,6,6,4,5,6,4,5,2,2,3,0,0,0,16,4,1,3,0,1,0,3,9,1,1,3,5,3,3,3,1,0
18,Tungurahua,590600,1803,Cevallos,9936,-1.350000000000000,-78.61666700000001,1,8,7,6,3,6,2,4,5,1,2,5,6,1,1,3,6,3,6,2,1,3,4,2,1,2,2,5,1,0,0,0,0,3,0,0,1,2,1,0,0,0,0,1,0,1,1,1,0,0,0
18,Tungurahua,590600,1804,Mocha,7336,-1.416667000000000,-78.66666700000000,1,2,2,2,3,4,0,4,1,1,1,1,1,1,2,3,4,0,4,2,0,1,2,1,2,0,2,2,1,1,0,0,0,4,1,0,1,0,0,0,0,1,1,0,2,0,2,0,1,1,0
18,Tungurahua,590600,1805,Patate,15825,-1.316667000000000,-78.51666700000000,2,10,10,8,7,4,0,3,5,0,4,2,6,3,2,4,7,5,2,4,5,3,2,1,2,1,5,0,1,1,0,0,0,2,1,0,0,1,1,0,1,3,1,0,0,0,1,4,9,7,0
18,Tungurahua,590600,1807,Pelileo,66836,-1.327500000000000,-78.54083300000001,43,47,62,36,38,35,8,19,9,17,2,11,10,9,13,15,14,3,11,13,17,10,7,6,5,7,9,6,1,0,0,0,0,22,4,0,0,0,0,0,0,1,0,3,2,6,7,8,5,4,0
18,Tungurahua,590600,1808,Píllaro,43371,-1.175833000000000,-78.55527800000000,14,23,14,15,11,11,4,16,4,6,11,17,9,6,14,3,6,5,10,13,13,2,6,2,9,3,5,6,2,6,0,0,0,13,0,0,1,1,0,0,1,2,0,0,0,0,0,3,0,6,0
18,Tungurahua,590600,1806,Quero,20627,-1.379300000000000,-78.60700000000000,4,9,12,6,6,10,1,7,3,2,3,1,10,1,5,2,7,1,5,5,0,6,3,2,2,2,2,3,1,1,0,0,0,12,2,0,1,0,0,0,0,0,0,1,0,0,2,0,0,1,0
18,Tungurahua,590600,1809,Tisaleo,14317,-1.350000000000000,-78.66666700000000,4,3,7,3,9,3,2,1,0,0,0,2,0,1,2,3,7,4,2,4,2,5,1,2,1,5,0,3,3,1,0,0,0,2,1,1,0,0,0,0,0,0,1,0,0,0,1,0,1,6,0
19,Zamora Chinchipe,120416,1907,Centinela del Cóndor,8313,-3.894910000000000,-78.78140999999999,1,0,1,1,0,1,0,1,0,1,7,14,17,9,6,2,8,1,2,1,5,4,1,0,0,2,0,0,2,0,0,0,0,5,1,0,0,0,0,0,1,0,1,1,0,5,3,0,0,0,0
19,Zamora Chinchipe,120416,1902,Chinchipe,10679,-4.862800000000000,-79.13280000000000,0,3,12,3,0,0,3,10,14,23,33,28,47,43,9,28,11,5,0,3,1,10,13,9,1,13,3,0,4,1,0,0,0,1,0,0,0,0,0,0,0,0,0,-1,0,0,1,0,0,0,0
19,Zamora Chinchipe,120416,1906,El Pangui,10945,-3.624900000000000,-78.58710000000001,3,2,3,2,3,3,2,9,6,4,0,2,4,8,8,18,9,5,3,4,4,2,2,6,2,5,1,0,1,2,0,0,0,4,1,1,0,0,0,0,0,0,5,19,6,11,5,2,2,6,0
19,Zamora Chinchipe,120416,1903,Nangaritza,8014,-4.048333000000000,-78.68222200000000,1,0,0,0,1,0,1,2,2,0,0,0,1,2,5,3,0,2,0,0,1,2,1,0,0,0,0,0,0,0,0,0,0,2,0,0,0,0,0,0,1,0,0,0,0,1,0,1,7,1,0
19,Zamora Chinchipe,120416,1908,Palanda,10144,-4.649800000000000,-79.13209999999999,1,3,3,2,2,9,0,2,6,5,14,17,6,10,4,17,4,1,1,3,2,3,1,2,3,1,1,1,0,1,0,0,0,3,0,0,0,0,0,0,0,0,1,0,0,0,0,0,0,1,0
19,Zamora Chinchipe,120416,1909,Paquisha,5992,-3.932750000000000,-78.67426000000000,0,0,0,1,3,1,0,0,0,1,1,1,3,2,5,4,4,1,0,1,0,0,2,0,0,1,0,0,1,0,0,0,0,0,0,0,0,1,0,0,0,0,1,2,0,0,0,1,1,2,0
19,Zamora Chinchipe,120416,1904,Yacuambi,7121,-3.634440000000000,-78.92810000000000,0,0,0,0,0,1,0,0,0,0,0,2,0,4,4,5,1,0,0,0,1,2,0,0,0,0,0,0,0,0,0,0,0,0,0,0,0,0,0,0,0,0,0,0,0,0,0,0,0,1,0
19,Zamora Chinchipe,120416,1905,Yantzaza,26447,-3.850000000000000,-78.75000000000000,5,7,10,5,6,7,6,4,3,5,12,10,14,14,15,10,9,9,1,14,7,7,11,4,5,14,4,1,1,1,0,0,0,16,0,1,2,0,0,0,2,4,6,2,0,5,5,11,4,7,0
19,Zamora Chinchipe,120416,1901,Zamora,32761,-4.120000000000000,-78.80000000000000,5,15,9,23,9,10,15,28,6,7,11,20,14,37,14,23,31,14,6,4,0,5,4,0,5,8,6,6,7,0,0,0,0,14,3,0,0,2,0,0,5,1,2,0,2,2,16,14,13,12,0
