provincia,provincia_poblacion,canton,canton_poblacion,total,nuevas,lat,lng,mes
Azuay,881394,Camilo Ponce Enríquez,36423,749,172,-3.050000000000000,-79.73333300000000,1
Azuay,881394,Chordeleg,15176,284,55,-2.933333000000000,-78.76666700000000,1
Azuay,881394,Cuenca,636996,26169,3015,-2.897414000000000,-79.00448100000000,1
Azuay,881394,El Pan,3091,202,40,-2.786111000000000,-78.66500000000001,1
Azuay,881394,Girón,13037,438,35,-3.159028000000000,-79.14756800000001,1
Azuay,881394,Guachapala,3859,343,41,-2.769000000000000,-78.70900000000000,1
Azuay,881394,Gualaceo,49104,1477,221,-2.900000000000000,-78.78333300000000,1
Azuay,881394,Nabón,17292,261,66,-3.336060000000000,-79.06368000000001,1
Azuay,881394,Oña,4128,83,34,-3.469640000000000,-79.15431000000000,1
Azuay,881394,Paute,29214,1603,231,-2.781800000000000,-78.76000000000001,1
Azuay,881394,Pucará,10584,181,32,-3.233780000000000,-79.46120000000001,1
Azuay,881394,San Fernando,4156,158,39,-3.144500000000000,-79.25200000000000,1
Azuay,881394,Santa Isabel,20935,1137,117,-3.274170000000000,-79.31560000000000,1
Azuay,881394,Sevilla de Oro,6890,544,78,-2.799833000000000,-78.65569400000000,1
Azuay,881394,Sígsig,30509,701,201,-3.089700000000000,-78.80320000000000,1
Bolívar,209933,Caluma,16429,1479,465,-1.633330000000000,-79.25000000000000,1
Bolívar,209933,Chillanes,16850,850,241,-1.933333000000000,-79.06666700000000,1
Bolívar,209933,Chimbo,17378,798,281,-1.700000000000000,-79.01666700000000,1
Bolívar,209933,Echeandía,14081,1220,250,-1.433330000000000,-79.26667000000000,1
Bolívar,209933,Guaranda,108763,3833,793,-1.605556000000000,-79.00305600000000,1
Bolívar,209933,Las Naves,7428,510,86,-1.283330000000000,-79.30000000000000,1
Bolívar,209933,San Miguel,29004,1739,619,-1.700000000000000,-79.03333300000000,1
Carchi,186869,Bolivar,15528,892,120,0.5070990000000000,-77.86245400000000,1
Carchi,186869,Espejo,13817,930,131,0.6210000000000000,-77.94000000000000,1
Carchi,186869,Mira,11969,967,151,0.5538999999999998,-78.04930000000000,1
Carchi,186869,Montúfar,34229,2079,279,0.6100000000000000,-77.84000000000000,1
Carchi,186869,San Pedro de Huaca,8931,642,49,0.6311110000000000,-77.72527800000000,1
Carchi,186869,Tulcán,102395,6333,1018,0.8121800000000000,-77.71633000000000,1
Cañar,281396,Azogues,86276,5973,2472,-2.733333000000000,-78.83333300000000,1
Cañar,281396,Biblían,23741,1017,562,-2.710000000000000,-78.88000000000000,1
Cañar,281396,Cañar,68747,2040,740,-2.483700000000000,-78.97839999999999,1
Cañar,281396,Déleg,6782,172,60,-2.772600000000000,-78.91830000000000,1
Cañar,281396,El Tambo,12462,523,148,-2.508100000000000,-78.92489999999999,1
Cañar,281396,La Troncal,76872,1753,529,-2.400000000000000,-79.33000000000000,1
Cañar,281396,Suscal,6516,99,36,-2.436400000000000,-79.05220000000000,1
Chimborazo,524004,Alausí,45054,840,161,-2.200000000000000,-78.84999999999999,1
Chimborazo,524004,Chambo,13378,262,93,-1.733333000000000,-78.58333300000000,1
Chimborazo,524004,Chunchi,12795,327,59,-2.283333000000000,-78.91666700000000,1
Chimborazo,524004,Colta,44838,485,137,-1.700000000000000,-78.75000000000000,1
Chimborazo,524004,Cumandá,17973,503,115,-2.200000000000000,-79.13333299999999,1
Chimborazo,524004,Guamote,58291,274,74,-1.933333000000000,-78.71666700000000,1
Chimborazo,524004,Guano,48395,1059,402,-1.583333000000000,-78.63333299999999,1
Chimborazo,524004,Pallatanga,12277,237,20,-1.983333000000000,-78.95000000000000,1
Chimborazo,524004,Penipe,6955,195,48,-1.557300000000000,-78.53959999999999,1
Chimborazo,524004,Riobamba,264048,9739,3108,-1.674347000000000,-78.64829400000001,1
Cotopaxi,488716,La Maná,56905,885,217,-0.9300000000000000,-79.22000000000000,1
Cotopaxi,488716,Latacunga,205624,7148,1399,-0.9333330000000000,-78.61666700000001,1
Cotopaxi,488716,Pangua,24612,466,93,-1.133333000000000,-79.06666700000000,1
Cotopaxi,488716,Pujilí,79772,2105,603,-0.9500000000000000,-78.69000000000000,1
Cotopaxi,488716,Salcedo,67100,3954,647,-1.050000000000000,-78.58333300000000,1
Cotopaxi,488716,Saquisilí,31426,1020,201,-0.8300000000000000,-78.67000000000000,1
Cotopaxi,488716,Sigchos,23277,574,104,-0.7000000000000000,-78.88333299999999,1
El Oro,715751,Arenillas,33473,1269,405,-3.550000000000000,-80.06000000000000,1
El Oro,715751,Atahualpa,6436,533,111,-2.900000000000000,-78.93333300000000,1
El Oro,715751,Balsas,9233,561,248,-3.762600000000000,-79.82530000000000,1
El Oro,715751,Chilla,2379,71,37,-3.450000000000000,-79.58000000000000,1
El Oro,715751,El Guabo,63645,1472,641,-3.238800000000000,-79.82920000000000,1
El Oro,715751,Huaquillas,60440,1753,579,-3.481380000000000,-80.24320700000000,1
El Oro,715751,Las Lajas,4963,213,98,-3.785000000000000,-80.06166700000000,1
El Oro,715751,Machala,289141,22481,9697,-3.266667000000000,-79.96666700000000,1
El Oro,715751,Marcabelí,6259,403,196,-3.786000000000001,-79.89780000000000,1
El Oro,715751,Pasaje,87723,3770,1700,-3.326900000000000,-79.80490000000000,1
El Oro,715751,Piñas,30206,3011,1099,-3.666667000000000,-79.65000000000001,1
El Oro,715751,Portovelo,14028,1447,415,-3.720000000000000,-79.62000000000000,1
El Oro,715751,Santa Rosa,82171,4380,1613,-3.452222000000000,-79.96166700000001,1
El Oro,715751,Zaruma,25654,1767,470,-3.433333000000000,-79.59999999999999,1
Esmeraldas,591083,Atacames,55495,1059,279,0.8666670000000000,-79.83333300000000,1
Esmeraldas,591083,Eloy Alfaro,45629,520,75,1.250000000000000,-79,1
Esmeraldas,591083,Esmeraldas,218727,7117,1436,1.050000000000000,-79.20000000000000,1
Esmeraldas,591083,Muisne,31106,303,40,0.6067000000000000,-80.01830000000000,1
Esmeraldas,591083,Quinindé,145879,2509,166,0.3300000000000000,-79.48000000000000,1
Esmeraldas,591083,Rioverde,31475,478,78,1.060200000000000,-79.40440000000000,1
Esmeraldas,591083,San Lorenzo,62772,1100,636,1.265800000000000,-78.84139999999999,1
Galápagos,33042,Isabela,3073,401,52,-0.4724000000000000,-90.68110000000000,1
Galápagos,33042,San Cristóbal,9667,787,454,-0.7999999999999999,-89.40000000000001,1
Galápagos,33042,Santa Cruz,20302,1545,676,-0.6333330000000000,-90.36666700000001,1
Guayas,4387434,Alfredo Baquerizo Moreno,32110,261,74,-1.916667000000000,-79.51666700000000,1
Guayas,4387434,Balao,26348,422,52,-2.910000000000000,-79.81000000000000,1
Guayas,4387434,Balzar,60260,977,195,-1.360000000000000,-79.90000000000001,1
Guayas,4387434,Colimes,26169,339,85,-1.550000000000000,-80.01666700000000,1
Guayas,4387434,Coronel Marcelino Maridueña,13132,242,102,-2.200000000000000,-79.42000000000000,1
Guayas,4387434,Daule,173684,3213,972,-1.866667000000000,-79.98333300000000,1
Guayas,4387434,Durán,315724,6091,2024,-2.166667000000000,-79.83333300000000,1
Guayas,4387434,El Triunfo,59636,1088,174,-2.330000000000000,-79.40000000000001,1
Guayas,4387434,Empalme,86073,1659,352,-1.046111000000000,-79.63361100000000,1
Guayas,4387434,General Antonio Elizalde,13156,663,110,-2.200000000000000,-79.17000000000000,1
Guayas,4387434,Guayaquil,2723665,90417,35454,-2.183333000000000,-79.88333299999999,1
Guayas,4387434,Isidro Ayora,14582,180,43,-1.883333000000000,-80.16666700000000,1
Guayas,4387434,Lomas de Sargentillo,24220,204,42,-1.883333000000000,-80.08333300000000,1
Guayas,4387434,Milagro,199835,5894,1606,-2.126944000000000,-79.59916699999999,1
Guayas,4387434,Naranjal,95052,1908,319,-2.672800000000000,-79.61499999999999,1
Guayas,4387434,Naranjito,43862,723,177,-2.173000000000000,-79.46710000000000,1
Guayas,4387434,Nobol,26444,180,59,-1.916671000000000,-80.01153900000000,1
Guayas,4387434,Palestina,18451,221,65,-1.626300000000000,-79.97700000000000,1
Guayas,4387434,Pedro Carbo,51802,1164,187,-1.833333000000000,-80.23333300000000,1
Guayas,4387434,Playas,59628,761,168,-2.623330000000000,-80.38750000000000,1
Guayas,4387434,Salitre,65765,1418,520,-1.829444000000000,-79.81555600000000,1
Guayas,4387434,Samborondón,102404,3102,865,-2.183333000000000,-79.88333299999999,1
Guayas,4387434,San Jacinto De Yaguachi,78204,858,219,-2.120000000000000,-79.69000000000000,1
Guayas,4387434,Santa Lucía,45004,280,107,-1.713889000000000,-79.98500000000000,1
Guayas,4387434,Simón Bolivar,32224,250,46,-2.156667000000000,-79.88750000000000,1
Imbabura,476257,Antonio Ante,54311,2728,610,0.3200000000000000,-78.20999999999999,1
Imbabura,476257,Cotacachi,44203,2276,407,0.3000000000000000,-78.26666700000000,1
Imbabura,476257,Ibarra,221149,13150,3676,0.3626780000000000,-78.13066700000000,1
Imbabura,476257,Otavalo,125785,4649,965,0.2333330000000000,-78.26666700000000,1
Imbabura,476257,Pimampiro,13269,614,152,0.4000000000000000,-77.97000000000000,1
Imbabura,476257,San Miguel de Urcuquí,17540,746,141,0.5200000000000000,-78.20000000000000,1
Loja,521154,Calvas,29565,1144,377,-4.320000000000000,-79.56000000000000,1
Loja,521154,Catamayo,35961,1215,378,-3.980000000000000,-79.34999999999999,1
Loja,521154,Celica,16160,358,56,-4.102500000000000,-79.95444400000000,1
Loja,521154,Chaguarpamba,6620,130,41,-3.850000000000000,-79.65000000000001,1
Loja,521154,Espíndola,14209,546,180,-4.583056000000000,-79.42694400000001,1
Loja,521154,Gonzanamá,10953,371,137,-4.231389000000000,-79.43527800000000,1
Loja,521154,Loja,274112,17489,4789,-3.983333000000001,-79.20000000000000,1
Loja,521154,Macará,20269,1640,496,-4.383333000000000,-79.95000000000000,1
Loja,521154,Olmedo,4220,88,19,-3.934000000000000,-79.64800000000000,1
Loja,521154,Paltas,23471,1259,338,-4.050000000000002,-79.65000000000001,1
Loja,521154,Pindal,10540,209,47,-4.116100000000000,-80.10760000000001,1
Loja,521154,Puyango,15925,372,146,-3.870000000000000,-80.09000000000000,1
Loja,521154,Quilanga,4197,208,56,-4.298000000000000,-79.39860000000000,1
Loja,521154,Saraguro,33506,914,239,-3.625300000000000,-79.24110000000000,1
Loja,521154,Sozoranga,7121,159,43,-4.327778000000000,-79.78972200000000,1
Loja,521154,Zapotillo,14325,334,86,-4.386360000000002,-80.24360000000000,1
Los Ríos,921763,Baba,43429,441,68,-1.784167000000000,-79.67666699999999,1
Los Ríos,921763,Babahoyo,175281,4804,710,-1.800000000000000,-79.53333300000000,1
Los Ríos,921763,Buena Fe,83654,1006,143,-0.8985719999999999,-79.48891600000000,1
Los Ríos,921763,Mocache,43316,193,31,-1.183850000000000,-79.50552999999999,1
Los Ríos,921763,Montalvo,28720,653,103,-1.793800000000000,-79.28570000000001,1
Los Ríos,921763,Palenque,23638,459,55,-1.432800000000000,-79.74950000000000,1
Los Ríos,921763,Puebloviejo,44725,475,71,-1.550000000000000,-79.53388900000000,1
Los Ríos,921763,Quevedo,213842,3418,547,-1.033333000000000,-79.45000000000000,1
Los Ríos,921763,Quinsaloma,20428,462,95,-1.206200000000000,-79.31450000000000,1
Los Ríos,921763,Urdaneta,32618,660,105,-1.570556000000000,-79.47111099999999,1
Los Ríos,921763,Valencia,54637,778,146,-0.9525000000000000,-79.35310000000000,1
Los Ríos,921763,Ventanas,75146,1814,364,-1.450000000000000,-79.47000000000000,1
Los Ríos,921763,Vinces,82329,1443,363,-1.558333000000000,-79.75000000000000,1
Manabí,1562079,Bolívar,45493,1154,279,-0.8419440000000000,-80.16194400000001,1
Manabí,1562079,Chone,131002,5568,1365,-0.6833330000000000,-80.09999999999999,1
Manabí,1562079,El Carmen,111344,1601,415,-1.314700000000000,-80.01690000000001,1
Manabí,1562079,Flavio Alfaro,23822,547,85,-0.4054000000000000,-79.90580000000000,1
Manabí,1562079,Jama,26116,403,164,-0.2014000000000000,-80.26590000000000,1
Manabí,1562079,Jaramijó,28439,337,94,-0.9487300000000000,-80.63630000000001,1
Manabí,1562079,Jipijapa,74645,3007,1060,-1.333330000000000,-80.58329999999999,1
Manabí,1562079,Junín,18820,688,170,-0.9291600000000000,-80.20569000000000,1
Manabí,1562079,Manta,264281,6655,1661,-0.9500220000000000,-80.71620000000000,1
Manabí,1562079,Montecristi,107785,1233,330,-1.033330000000000,-80.65000000000001,1
Manabí,1562079,Olmedo,10194,626,146,-1.396111000000000,-80.20611100000001,1
Manabí,1562079,Paján,37093,856,274,-1.570000000000000,-80.42000000000000,1
Manabí,1562079,Pedernales,63441,951,217,0.07010000000000001,-80.05360000000000,1
Manabí,1562079,Pichincha,29599,789,202,-1.047300000000000,-79.81860000000000,1
Manabí,1562079,Portoviejo,321800,15657,3816,-1.056181000000000,-80.45521700000000,1
Manabí,1562079,Puerto López,24688,904,382,-1.566667000000000,-80.81666700000000,1
Manabí,1562079,Rocafuerte,37312,1804,246,-0.9200000000000000,-80.45999999999999,1
Manabí,1562079,San Vicente,24799,685,172,-0.5892999999999999,-80.40880000000000,1
Manabí,1562079,Santa Ana,48152,1742,460,-1.206900000000000,-80.37090000000001,1
Manabí,1562079,Sucre,62443,2288,641,-0.6000000000000000,-80.41666700000000,1
Manabí,1562079,Tosagua,42297,955,151,-0.7800000000000000,-80.26000000000001,1
Manabí,1562079,Veinticuatro de Mayo,28514,1253,279,-1.278889000000000,-80.42000000000000,1
Morona Santiago,196535,Gualaquiza,19555,1499,427,-3.380000000000000,-78.58000000000000,1
Morona Santiago,196535,Huamboya,12382,241,115,-1.785000000000000,-78.23194400000000,1
Morona Santiago,196535,Limón Indanza,10349,662,212,-2.966250000000000,-78.43052800000000,1
Morona Santiago,196535,Logroño,7643,208,22,-2.624800000000000,-78.18960000000000,1
Morona Santiago,196535,Morona,58281,3447,186,-2.300000000000000,-78.11666700000001,1
Morona Santiago,196535,Pablo Sexto,2897,141,49,-1.803056000000000,-77.92111100000000,1
Morona Santiago,196535,Palora,7719,632,148,-1.700000000000000,-77.94000000000000,1
Morona Santiago,196535,San Juan Bosco,4985,218,90,-3.092300000000000,-78.51320000000000,1
Morona Santiago,196535,Santiago,11087,502,137,-3.429800000000000,-78.56560000000000,1
Morona Santiago,196535,Sucúa,23823,1248,281,-2.460000000000000,-78.17000000000000,1
Morona Santiago,196535,Taisha,26773,365,117,-2.339950000000000,-77.45808000000000,1
Morona Santiago,196535,Tiwintza,11041,174,74,-2.917670000000000,-77.80170000000000,1
Napo,133705,Archidona,33068,765,217,-0.9166670000000000,-77.78333300000000,1
Napo,133705,Carlos Julio Arosemena Tola,4466,133,35,-1.166667000000000,-77.84999999999999,1
Napo,133705,El Chaco,10142,667,140,-0.3402780000000000,-77.80888899999999,1
Napo,133705,Quijos,6847,635,146,-0.4636110000000000,-77.89277800000001,1
Napo,133705,Tena,79182,3991,1026,-0.9890000000000000,-77.81590000000000,1
Orellana,161338,Aguarico,3629,837,322,-0.9211110000000000,-75.39916700000001,1
Orellana,161338,La Joya de los Sachas,39352,926,153,-0.3000000000000000,-76.84999999999999,1
Orellana,161338,Loreto,24579,249,57,-0.6904000000000000,-77.30830000000000,1
Orellana,161338,Orellana,93778,3211,470,-0.4666670000000000,-76.96666700000000,1
Pastaza,114202,Arajuno,8128,202,45,-1.234370000000000,-77.68750000000000,1
Pastaza,114202,Mera,17547,925,68,-1.460000000000000,-78.09000000000000,1
Pastaza,114202,Pastaza,84377,3236,469,-1.066667000000000,-78.00111099999999,1
Pastaza,114202,Santa Clara,4150,170,19,-1.267100000000000,-77.88820000000000,1
Pichincha,3228233,Cayambe,107660,2814,835,0.04388900000000000,-78.15610000000000,1
Pichincha,3228233,Mejía,108167,5099,826,-0.5101000000000000,-78.56980000000000,1
Pichincha,3228233,Pedro Moncayo,43281,822,293,0.04369700000000000,-78.34923999999999,1
Pichincha,3228233,Pedro Vicente Maldonado,17171,542,102,0.1666670000000000,-79,1
Pichincha,3228233,Puerto Quito,24911,734,185,0.1170000000000000,-79.26400000000000,1
Pichincha,3228233,Quito,2781641,234222,46802,-0.2186110000000000,-78.50972200000000,1
Pichincha,3228233,Rumiñahui,115433,8201,1530,-0.3345000000000000,-78.44750000000001,1
Pichincha,3228233,San Miguel de Los Bancos,29969,959,214,0.02300000000000000,-78.89200000000000,1
Santa Elena,401178,La Libertad,117767,2105,552,-2.233333000000000,-80.90000000000001,1
Santa Elena,401178,Salinas,94590,1469,351,-2.216667000000000,-80.95000000000000,1
Santa Elena,401178,Santa Elena,188821,2557,519,-2.226700000000000,-80.85830000000000,1
Sto. Domingo Tsáchilas,511151,La Concordia,52571,1883,299,0.002300000000000000,-79.38460000000001,1
Sto. Domingo Tsáchilas,511151,Santo Domingo,458580,13417,1775,-0.2541670000000000,-79.17194400000000,1
Sucumbíos,230503,Cascales,15882,367,58,-0.06750000000000000,-77.21694400000000,1
Sucumbíos,230503,Cuyabeno,7154,431,72,-0.1288890000000000,-76.41388900000000,1
Sucumbíos,230503,Gonzalo Pizarro,10007,441,82,0.04700000000000000,-77.32280000000000,1
Sucumbíos,230503,Lago Agrio,119594,4890,1010,0.08472200000000002,-76.88277800000000,1
Sucumbíos,230503,Putumayo,16106,352,40,0.1000000000000000,-75.84999999999999,1
Sucumbíos,230503,Shushufindi,57949,1605,164,-0.1871000000000000,-76.64500000000000,1
Sucumbíos,230503,Sucumbíos,3811,183,15,0.4592000000000000,-77.52300000000000,1
Tungurahua,590600,Ambato,387309,16929,4423,-1.241667000000000,-78.61972200000000,1
Tungurahua,590600,Baños,25043,1594,176,-1.396389000000000,-78.42472200000000,1
Tungurahua,590600,Cevallos,9936,215,70,-1.350000000000000,-78.61666700000001,1
Tungurahua,590600,Mocha,7336,139,42,-1.416667000000000,-78.66666700000000,1
Tungurahua,590600,Patate,15825,595,221,-1.316667000000000,-78.51666700000000,1
Tungurahua,590600,Pelileo,66836,1813,428,-1.327500000000000,-78.54083300000001,1
Tungurahua,590600,Píllaro,43371,684,196,-1.175833000000000,-78.55527800000000,1
Tungurahua,590600,Quero,20627,297,73,-1.379300000000000,-78.60700000000000,1
Tungurahua,590600,Tisaleo,14317,229,84,-1.350000000000000,-78.66666700000000,1
Zamora Chinchipe,120416,Centinela del Cóndor,8313,313,77,-3.894910000000000,-78.78140999999999,1
Zamora Chinchipe,120416,Chinchipe,10679,506,76,-4.862800000000000,-79.13280000000000,1
Zamora Chinchipe,120416,El Pangui,10945,523,164,-3.624900000000000,-78.58710000000001,1
Zamora Chinchipe,120416,Nangaritza,8014,177,86,-4.048333000000000,-78.68222200000000,1
Zamora Chinchipe,120416,Palanda,10144,178,26,-4.649800000000000,-79.13209999999999,1
Zamora Chinchipe,120416,Paquisha,5992,176,61,-3.932750000000000,-78.67426000000000,1
Zamora Chinchipe,120416,Yacuambi,7121,138,31,-3.634440000000000,-78.92810000000000,1
Zamora Chinchipe,120416,Yantzaza,26447,1186,405,-3.850000000000000,-78.75000000000000,1
Zamora Chinchipe,120416,Zamora,32761,1344,337,-4.120000000000000,-78.80000000000000,1
Azuay,881394,Camilo Ponce Enríquez,36423,781,32,-3.050000000000000,-79.73333300000000,2
Azuay,881394,Chordeleg,15176,310,26,-2.933333000000000,-78.76666700000000,2
Azuay,881394,Cuenca,636996,31159,4990,-2.897414000000000,-79.00448100000000,2
Azuay,881394,El Pan,3091,217,15,-2.786111000000000,-78.66500000000001,2
Azuay,881394,Girón,13037,472,34,-3.159028000000000,-79.14756800000001,2
Azuay,881394,Guachapala,3859,354,11,-2.769000000000000,-78.70900000000000,2
Azuay,881394,Gualaceo,49104,1599,122,-2.900000000000000,-78.78333300000000,2
Azuay,881394,Nabón,17292,315,54,-3.336060000000000,-79.06368000000001,2
Azuay,881394,Oña,4128,102,19,-3.469640000000000,-79.15431000000000,2
Azuay,881394,Paute,29214,1708,105,-2.781800000000000,-78.76000000000001,2
Azuay,881394,Pucará,10584,200,19,-3.233780000000000,-79.46120000000001,2
Azuay,881394,San Fernando,4156,173,15,-3.144500000000000,-79.25200000000000,2
Azuay,881394,Santa Isabel,20935,1184,47,-3.274170000000000,-79.31560000000000,2
Azuay,881394,Sevilla de Oro,6890,575,31,-2.799833000000000,-78.65569400000000,2
Azuay,881394,Sígsig,30509,847,146,-3.089700000000000,-78.80320000000000,2
Bolívar,209933,Caluma,16429,1534,55,-1.633330000000000,-79.25000000000000,2
Bolívar,209933,Chillanes,16850,922,72,-1.933333000000000,-79.06666700000000,2
Bolívar,209933,Chimbo,17378,892,94,-1.700000000000000,-79.01666700000000,2
Bolívar,209933,Echeandía,14081,1260,40,-1.433330000000000,-79.26667000000000,2
Bolívar,209933,Guaranda,108763,4175,342,-1.605556000000000,-79.00305600000000,2
Bolívar,209933,Las Naves,7428,518,8,-1.283330000000000,-79.30000000000000,2
Bolívar,209933,San Miguel,29004,2076,337,-1.700000000000000,-79.03333300000000,2
Carchi,186869,Bolivar,15528,954,62,0.5070990000000000,-77.86245400000000,2
Carchi,186869,Espejo,13817,1004,74,0.6210000000000000,-77.94000000000000,2
Carchi,186869,Mira,11969,1056,89,0.5538999999999998,-78.04930000000000,2
Carchi,186869,Montúfar,34229,2256,177,0.6100000000000000,-77.84000000000000,2
Carchi,186869,San Pedro de Huaca,8931,688,46,0.6311110000000000,-77.72527800000000,2
Carchi,186869,Tulcán,102395,6894,561,0.8121800000000000,-77.71633000000000,2
Cañar,281396,Azogues,86276,7291,1318,-2.733333000000000,-78.83333300000000,2
Cañar,281396,Biblían,23741,1245,228,-2.710000000000000,-78.88000000000000,2
Cañar,281396,Cañar,68747,2426,386,-2.483700000000000,-78.97839999999999,2
Cañar,281396,Déleg,6782,207,35,-2.772600000000000,-78.91830000000000,2
Cañar,281396,El Tambo,12462,580,57,-2.508100000000000,-78.92489999999999,2
Cañar,281396,La Troncal,76872,1926,173,-2.400000000000000,-79.33000000000000,2
Cañar,281396,Suscal,6516,116,17,-2.436400000000000,-79.05220000000000,2
Chimborazo,524004,Alausí,45054,894,54,-2.200000000000000,-78.84999999999999,2
Chimborazo,524004,Chambo,13378,280,18,-1.733333000000000,-78.58333300000000,2
Chimborazo,524004,Chunchi,12795,338,11,-2.283333000000000,-78.91666700000000,2
Chimborazo,524004,Colta,44838,530,45,-1.700000000000000,-78.75000000000000,2
Chimborazo,524004,Cumandá,17973,522,19,-2.200000000000000,-79.13333299999999,2
Chimborazo,524004,Guamote,58291,311,37,-1.933333000000000,-78.71666700000000,2
Chimborazo,524004,Guano,48395,1182,123,-1.583333000000000,-78.63333299999999,2
Chimborazo,524004,Pallatanga,12277,251,14,-1.983333000000000,-78.95000000000000,2
Chimborazo,524004,Penipe,6955,235,40,-1.557300000000000,-78.53959999999999,2
Chimborazo,524004,Riobamba,264048,10915,1176,-1.674347000000000,-78.64829400000001,2
Cotopaxi,488716,La Maná,56905,934,49,-0.9300000000000000,-79.22000000000000,2
Cotopaxi,488716,Latacunga,205624,7807,659,-0.9333330000000000,-78.61666700000001,2
Cotopaxi,488716,Pangua,24612,493,27,-1.133333000000000,-79.06666700000000,2
Cotopaxi,488716,Pujilí,79772,2384,279,-0.9500000000000000,-78.69000000000000,2
Cotopaxi,488716,Salcedo,67100,4273,319,-1.050000000000000,-78.58333300000000,2
Cotopaxi,488716,Saquisilí,31426,1110,90,-0.8300000000000000,-78.67000000000000,2
Cotopaxi,488716,Sigchos,23277,643,69,-0.7000000000000000,-78.88333299999999,2
El Oro,715751,Arenillas,33473,1341,72,-3.550000000000000,-80.06000000000000,2
El Oro,715751,Atahualpa,6436,584,51,-2.900000000000000,-78.93333300000000,2
El Oro,715751,Balsas,9233,602,41,-3.762600000000000,-79.82530000000000,2
El Oro,715751,Chilla,2379,77,6,-3.450000000000000,-79.58000000000000,2
El Oro,715751,El Guabo,63645,1606,134,-3.238800000000000,-79.82920000000000,2
El Oro,715751,Huaquillas,60440,2053,300,-3.481380000000000,-80.24320700000000,2
El Oro,715751,Las Lajas,4963,247,34,-3.785000000000000,-80.06166700000000,2
El Oro,715751,Machala,289141,25458,2977,-3.266667000000000,-79.96666700000000,2
El Oro,715751,Marcabelí,6259,443,40,-3.786000000000001,-79.89780000000000,2
El Oro,715751,Pasaje,87723,4404,634,-3.326900000000000,-79.80490000000000,2
El Oro,715751,Piñas,30206,3450,439,-3.666667000000000,-79.65000000000001,2
El Oro,715751,Portovelo,14028,1561,114,-3.720000000000000,-79.62000000000000,2
El Oro,715751,Santa Rosa,82171,4872,492,-3.452222000000000,-79.96166700000001,2
El Oro,715751,Zaruma,25654,1995,228,-3.433333000000000,-79.59999999999999,2
Esmeraldas,591083,Atacames,55495,1181,122,0.8666670000000000,-79.83333300000000,2
Esmeraldas,591083,Eloy Alfaro,45629,551,31,1.250000000000000,-79,2
Esmeraldas,591083,Esmeraldas,218727,7515,398,1.050000000000000,-79.20000000000000,2
Esmeraldas,591083,Muisne,31106,323,20,0.6067000000000000,-80.01830000000000,2
Esmeraldas,591083,Quinindé,145879,2606,97,0.3300000000000000,-79.48000000000000,2
Esmeraldas,591083,Rioverde,31475,529,51,1.060200000000000,-79.40440000000000,2
Esmeraldas,591083,San Lorenzo,62772,1153,53,1.265800000000000,-78.84139999999999,2
Galápagos,33042,Isabela,3073,464,63,-0.4724000000000000,-90.68110000000000,2
Galápagos,33042,San Cristóbal,9667,899,112,-0.7999999999999999,-89.40000000000001,2
Galápagos,33042,Santa Cruz,20302,1649,104,-0.6333330000000000,-90.36666700000001,2
Guayas,4387434,Alfredo Baquerizo Moreno,32110,271,10,-1.916667000000000,-79.51666700000000,2
Guayas,4387434,Balao,26348,447,25,-2.910000000000000,-79.81000000000000,2
Guayas,4387434,Balzar,60260,1011,34,-1.360000000000000,-79.90000000000001,2
Guayas,4387434,Colimes,26169,352,13,-1.550000000000000,-80.01666700000000,2
Guayas,4387434,Coronel Marcelino Maridueña,13132,322,80,-2.200000000000000,-79.42000000000000,2
Guayas,4387434,Daule,173684,3391,178,-1.866667000000000,-79.98333300000000,2
Guayas,4387434,Durán,315724,6424,333,-2.166667000000000,-79.83333300000000,2
Guayas,4387434,El Triunfo,59636,1176,88,-2.330000000000000,-79.40000000000001,2
Guayas,4387434,Empalme,86073,1809,150,-1.046111000000000,-79.63361100000000,2
Guayas,4387434,General Antonio Elizalde,13156,680,17,-2.200000000000000,-79.17000000000000,2
Guayas,4387434,Guayaquil,2723665,98191,7774,-2.183333000000000,-79.88333299999999,2
Guayas,4387434,Isidro Ayora,14582,188,8,-1.883333000000000,-80.16666700000000,2
Guayas,4387434,Lomas de Sargentillo,24220,213,9,-1.883333000000000,-80.08333300000000,2
Guayas,4387434,Milagro,199835,6511,617,-2.126944000000000,-79.59916699999999,2
Guayas,4387434,Naranjal,95052,1966,58,-2.672800000000000,-79.61499999999999,2
Guayas,4387434,Naranjito,43862,801,78,-2.173000000000000,-79.46710000000000,2
Guayas,4387434,Nobol,26444,192,12,-1.916671000000000,-80.01153900000000,2
Guayas,4387434,Palestina,18451,222,1,-1.626300000000000,-79.97700000000000,2
Guayas,4387434,Pedro Carbo,51802,1194,30,-1.833333000000000,-80.23333300000000,2
Guayas,4387434,Playas,59628,770,9,-2.623330000000000,-80.38750000000000,2
Guayas,4387434,Salitre,65765,1456,38,-1.829444000000000,-79.81555600000000,2
Guayas,4387434,Samborondón,102404,3266,164,-2.183333000000000,-79.88333299999999,2
Guayas,4387434,San Jacinto De Yaguachi,78204,912,54,-2.120000000000000,-79.69000000000000,2
Guayas,4387434,Santa Lucía,45004,290,10,-1.713889000000000,-79.98500000000000,2
Guayas,4387434,Simón Bolivar,32224,262,12,-2.156667000000000,-79.88750000000000,2
Imbabura,476257,Antonio Ante,54311,3121,393,0.3200000000000000,-78.20999999999999,2
Imbabura,476257,Cotacachi,44203,2463,187,0.3000000000000000,-78.26666700000000,2
Imbabura,476257,Ibarra,221149,15238,2088,0.3626780000000000,-78.13066700000000,2
Imbabura,476257,Otavalo,125785,5353,704,0.2333330000000000,-78.26666700000000,2
Imbabura,476257,Pimampiro,13269,670,56,0.4000000000000000,-77.97000000000000,2
Imbabura,476257,San Miguel de Urcuquí,17540,856,110,0.5200000000000000,-78.20000000000000,2
Loja,521154,Calvas,29565,1316,172,-4.320000000000000,-79.56000000000000,2
Loja,521154,Catamayo,35961,1461,246,-3.980000000000000,-79.34999999999999,2
Loja,521154,Celica,16160,444,86,-4.102500000000000,-79.95444400000000,2
Loja,521154,Chaguarpamba,6620,160,30,-3.850000000000000,-79.65000000000001,2
Loja,521154,Espíndola,14209,639,93,-4.583056000000000,-79.42694400000001,2
Loja,521154,Gonzanamá,10953,484,113,-4.231389000000000,-79.43527800000000,2
Loja,521154,Loja,274112,21867,4378,-3.983333000000001,-79.20000000000000,2
Loja,521154,Macará,20269,1901,261,-4.383333000000000,-79.95000000000000,2
Loja,521154,Olmedo,4220,146,58,-3.934000000000000,-79.64800000000000,2
Loja,521154,Paltas,23471,1478,219,-4.050000000000002,-79.65000000000001,2
Loja,521154,Pindal,10540,236,27,-4.116100000000000,-80.10760000000001,2
Loja,521154,Puyango,15925,450,78,-3.870000000000000,-80.09000000000000,2
Loja,521154,Quilanga,4197,251,43,-4.298000000000000,-79.39860000000000,2
Loja,521154,Saraguro,33506,1023,109,-3.625300000000000,-79.24110000000000,2
Loja,521154,Sozoranga,7121,202,43,-4.327778000000000,-79.78972200000000,2
Loja,521154,Zapotillo,14325,406,72,-4.386360000000002,-80.24360000000000,2
Los Ríos,921763,Baba,43429,460,19,-1.784167000000000,-79.67666699999999,2
Los Ríos,921763,Babahoyo,175281,4965,161,-1.800000000000000,-79.53333300000000,2
Los Ríos,921763,Buena Fe,83654,1036,30,-0.8985719999999999,-79.48891600000000,2
Los Ríos,921763,Mocache,43316,205,12,-1.183850000000000,-79.50552999999999,2
Los Ríos,921763,Montalvo,28720,682,29,-1.793800000000000,-79.28570000000001,2
Los Ríos,921763,Palenque,23638,467,8,-1.432800000000000,-79.74950000000000,2
Los Ríos,921763,Puebloviejo,44725,501,26,-1.550000000000000,-79.53388900000000,2
Los Ríos,921763,Quevedo,213842,3537,119,-1.033333000000000,-79.45000000000000,2
Los Ríos,921763,Quinsaloma,20428,471,9,-1.206200000000000,-79.31450000000000,2
Los Ríos,921763,Urdaneta,32618,709,49,-1.570556000000000,-79.47111099999999,2
Los Ríos,921763,Valencia,54637,800,22,-0.9525000000000000,-79.35310000000000,2
Los Ríos,921763,Ventanas,75146,1849,35,-1.450000000000000,-79.47000000000000,2
Los Ríos,921763,Vinces,82329,1484,41,-1.558333000000000,-79.75000000000000,2
Manabí,1562079,Bolívar,45493,1235,81,-0.8419440000000000,-80.16194400000001,2
Manabí,1562079,Chone,131002,5962,394,-0.6833330000000000,-80.09999999999999,2
Manabí,1562079,El Carmen,111344,1783,182,-1.314700000000000,-80.01690000000001,2
Manabí,1562079,Flavio Alfaro,23822,577,30,-0.4054000000000000,-79.90580000000000,2
Manabí,1562079,Jama,26116,429,26,-0.2014000000000000,-80.26590000000000,2
Manabí,1562079,Jaramijó,28439,369,32,-0.9487300000000000,-80.63630000000001,2
Manabí,1562079,Jipijapa,74645,3226,219,-1.333330000000000,-80.58329999999999,2
Manabí,1562079,Junín,18820,750,62,-0.9291600000000000,-80.20569000000000,2
Manabí,1562079,Manta,264281,7661,1006,-0.9500220000000000,-80.71620000000000,2
Manabí,1562079,Montecristi,107785,1391,158,-1.033330000000000,-80.65000000000001,2
Manabí,1562079,Olmedo,10194,651,25,-1.396111000000000,-80.20611100000001,2
Manabí,1562079,Paján,37093,909,53,-1.570000000000000,-80.42000000000000,2
Manabí,1562079,Pedernales,63441,1023,72,0.07010000000000001,-80.05360000000000,2
Manabí,1562079,Pichincha,29599,828,39,-1.047300000000000,-79.81860000000000,2
Manabí,1562079,Portoviejo,321800,17109,1452,-1.056181000000000,-80.45521700000000,2
Manabí,1562079,Puerto López,24688,931,27,-1.566667000000000,-80.81666700000000,2
Manabí,1562079,Rocafuerte,37312,2008,204,-0.9200000000000000,-80.45999999999999,2
Manabí,1562079,San Vicente,24799,760,75,-0.5892999999999999,-80.40880000000000,2
Manabí,1562079,Santa Ana,48152,1895,153,-1.206900000000000,-80.37090000000001,2
Manabí,1562079,Sucre,62443,2484,196,-0.6000000000000000,-80.41666700000000,2
Manabí,1562079,Tosagua,42297,1042,87,-0.7800000000000000,-80.26000000000001,2
Manabí,1562079,Veinticuatro de Mayo,28514,1340,87,-1.278889000000000,-80.42000000000000,2
Morona Santiago,196535,Gualaquiza,19555,1626,127,-3.380000000000000,-78.58000000000000,2
Morona Santiago,196535,Huamboya,12382,258,17,-1.785000000000000,-78.23194400000000,2
Morona Santiago,196535,Limón Indanza,10349,746,84,-2.966250000000000,-78.43052800000000,2
Morona Santiago,196535,Logroño,7643,220,12,-2.624800000000000,-78.18960000000000,2
Morona Santiago,196535,Morona,58281,3982,535,-2.300000000000000,-78.11666700000001,2
Morona Santiago,196535,Pablo Sexto,2897,149,8,-1.803056000000000,-77.92111100000000,2
Morona Santiago,196535,Palora,7719,674,42,-1.700000000000000,-77.94000000000000,2
Morona Santiago,196535,San Juan Bosco,4985,226,8,-3.092300000000000,-78.51320000000000,2
Morona Santiago,196535,Santiago,11087,534,32,-3.429800000000000,-78.56560000000000,2
Morona Santiago,196535,Sucúa,23823,1333,85,-2.460000000000000,-78.17000000000000,2
Morona Santiago,196535,Taisha,26773,437,72,-2.339950000000000,-77.45808000000000,2
Morona Santiago,196535,Tiwintza,11041,180,6,-2.917670000000000,-77.80170000000000,2
Napo,133705,Archidona,33068,817,52,-0.9166670000000000,-77.78333300000000,2
Napo,133705,Carlos Julio Arosemena Tola,4466,144,11,-1.166667000000000,-77.84999999999999,2
Napo,133705,El Chaco,10142,792,125,-0.3402780000000000,-77.80888899999999,2
Napo,133705,Quijos,6847,746,111,-0.4636110000000000,-77.89277800000001,2
Napo,133705,Tena,79182,4196,205,-0.9890000000000000,-77.81590000000000,2
Orellana,161338,Aguarico,3629,866,29,-0.9211110000000000,-75.39916700000001,2
Orellana,161338,La Joya de los Sachas,39352,1040,114,-0.3000000000000000,-76.84999999999999,2
Orellana,161338,Loreto,24579,290,41,-0.6904000000000000,-77.30830000000000,2
Orellana,161338,Orellana,93778,3556,345,-0.4666670000000000,-76.96666700000000,2
Pastaza,114202,Arajuno,8128,212,10,-1.234370000000000,-77.68750000000000,2
Pastaza,114202,Mera,17547,1001,76,-1.460000000000000,-78.09000000000000,2
Pastaza,114202,Pastaza,84377,3808,572,-1.066667000000000,-78.00111099999999,2
Pastaza,114202,Santa Clara,4150,190,20,-1.267100000000000,-77.88820000000000,2
Pichincha,3228233,Cayambe,107660,3807,993,0.04388900000000000,-78.15610000000000,2
Pichincha,3228233,Mejía,108167,5815,716,-0.5101000000000000,-78.56980000000000,2
Pichincha,3228233,Pedro Moncayo,43281,1067,245,0.04369700000000000,-78.34923999999999,2
Pichincha,3228233,Pedro Vicente Maldonado,17171,596,54,0.1666670000000000,-79,2
Pichincha,3228233,Puerto Quito,24911,815,81,0.1170000000000000,-79.26400000000000,2
Pichincha,3228233,Quito,2781641,278136,43914,-0.2186110000000000,-78.50972200000000,2
Pichincha,3228233,Rumiñahui,115433,9787,1586,-0.3345000000000000,-78.44750000000001,2
Pichincha,3228233,San Miguel de Los Bancos,29969,1016,57,0.02300000000000000,-78.89200000000000,2
Santa Elena,401178,La Libertad,117767,2219,114,-2.233333000000000,-80.90000000000001,2
Santa Elena,401178,Salinas,94590,1555,86,-2.216667000000000,-80.95000000000000,2
Santa Elena,401178,Santa Elena,188821,2674,117,-2.226700000000000,-80.85830000000000,2
Sto. Domingo Tsáchilas,511151,La Concordia,52571,1953,70,0.002300000000000000,-79.38460000000001,2
Sto. Domingo Tsáchilas,511151,Santo Domingo,458580,14682,1265,-0.2541670000000000,-79.17194400000000,2
Sucumbíos,230503,Cascales,15882,387,20,-0.06750000000000000,-77.21694400000000,2
Sucumbíos,230503,Cuyabeno,7154,461,30,-0.1288890000000000,-76.41388900000000,2
Sucumbíos,230503,Gonzalo Pizarro,10007,466,25,0.04700000000000000,-77.32280000000000,2
Sucumbíos,230503,Lago Agrio,119594,5124,234,0.08472200000000002,-76.88277800000000,2
Sucumbíos,230503,Putumayo,16106,369,17,0.1000000000000000,-75.84999999999999,2
Sucumbíos,230503,Shushufindi,57949,1683,78,-0.1871000000000000,-76.64500000000000,2
Sucumbíos,230503,Sucumbíos,3811,194,11,0.4592000000000000,-77.52300000000000,2
Tungurahua,590600,Ambato,387309,19934,3005,-1.241667000000000,-78.61972200000000,2
Tungurahua,590600,Baños,25043,1718,124,-1.396389000000000,-78.42472200000000,2
Tungurahua,590600,Cevallos,9936,265,50,-1.350000000000000,-78.61666700000001,2
Tungurahua,590600,Mocha,7336,157,18,-1.416667000000000,-78.66666700000000,2
Tungurahua,590600,Patate,15825,699,104,-1.316667000000000,-78.51666700000000,2
Tungurahua,590600,Pelileo,66836,2036,223,-1.327500000000000,-78.54083300000001,2
Tungurahua,590600,Píllaro,43371,789,105,-1.175833000000000,-78.55527800000000,2
Tungurahua,590600,Quero,20627,334,37,-1.379300000000000,-78.60700000000000,2
Tungurahua,590600,Tisaleo,14317,274,45,-1.350000000000000,-78.66666700000000,2
Zamora Chinchipe,120416,Centinela del Cóndor,8313,352,39,-3.894910000000000,-78.78140999999999,2
Zamora Chinchipe,120416,Chinchipe,10679,543,37,-4.862800000000000,-79.13280000000000,2
Zamora Chinchipe,120416,El Pangui,10945,618,95,-3.624900000000000,-78.58710000000001,2
Zamora Chinchipe,120416,Nangaritza,8014,208,31,-4.048333000000000,-78.68222200000000,2
Zamora Chinchipe,120416,Palanda,10144,207,29,-4.649800000000000,-79.13209999999999,2
Zamora Chinchipe,120416,Paquisha,5992,198,22,-3.932750000000000,-78.67426000000000,2
Zamora Chinchipe,120416,Yacuambi,7121,145,7,-3.634440000000000,-78.92810000000000,2
Zamora Chinchipe,120416,Yantzaza,26447,1319,133,-3.850000000000000,-78.75000000000000,2
Zamora Chinchipe,120416,Zamora,32761,1478,134,-4.120000000000000,-78.80000000000000,2
Azuay,881394,Camilo Ponce Enríquez,36423,788,7,-3.050000000000000,-79.73333300000000,3
Azuay,881394,Chordeleg,15176,319,9,-2.933333000000000,-78.76666700000000,3
Azuay,881394,Cuenca,636996,32154,995,-2.897414000000000,-79.00448100000000,3
Azuay,881394,El Pan,3091,228,11,-2.786111000000000,-78.66500000000001,3
Azuay,881394,Girón,13037,479,7,-3.159028000000000,-79.14756800000001,3
Azuay,881394,Guachapala,3859,360,6,-2.769000000000000,-78.70900000000000,3
Azuay,881394,Gualaceo,49104,1645,46,-2.900000000000000,-78.78333300000000,3
Azuay,881394,Nabón,17292,321,6,-3.336060000000000,-79.06368000000001,3
Azuay,881394,Oña,4128,103,1,-3.469640000000000,-79.15431000000000,3
Azuay,881394,Paute,29214,1736,28,-2.781800000000000,-78.76000000000001,3
Azuay,881394,Pucará,10584,204,4,-3.233780000000000,-79.46120000000001,3
Azuay,881394,San Fernando,4156,178,5,-3.144500000000000,-79.25200000000000,3
Azuay,881394,Santa Isabel,20935,1200,16,-3.274170000000000,-79.31560000000000,3
Azuay,881394,Sevilla de Oro,6890,592,17,-2.799833000000000,-78.65569400000000,3
Azuay,881394,Sígsig,30509,899,52,-3.089700000000000,-78.80320000000000,3
Bolívar,209933,Caluma,16429,1546,12,-1.633330000000000,-79.25000000000000,3
Bolívar,209933,Chillanes,16850,927,5,-1.933333000000000,-79.06666700000000,3
Bolívar,209933,Chimbo,17378,905,13,-1.700000000000000,-79.01666700000000,3
Bolívar,209933,Echeandía,14081,1264,4,-1.433330000000000,-79.26667000000000,3
Bolívar,209933,Guaranda,108763,4276,101,-1.605556000000000,-79.00305600000000,3
Bolívar,209933,Las Naves,7428,518,0,-1.283330000000000,-79.30000000000000,3
Bolívar,209933,San Miguel,29004,2137,61,-1.700000000000000,-79.03333300000000,3
Carchi,186869,Bolivar,15528,965,11,0.5070990000000000,-77.86245400000000,3
Carchi,186869,Espejo,13817,1024,20,0.6210000000000000,-77.94000000000000,3
Carchi,186869,Mira,11969,1066,10,0.5538999999999998,-78.04930000000000,3
Carchi,186869,Montúfar,34229,2296,40,0.6100000000000000,-77.84000000000000,3
Carchi,186869,San Pedro de Huaca,8931,695,7,0.6311110000000000,-77.72527800000000,3
Carchi,186869,Tulcán,102395,7030,136,0.8121800000000000,-77.71633000000000,3
Cañar,281396,Azogues,86276,7548,257,-2.733333000000000,-78.83333300000000,3
Cañar,281396,Biblían,23741,1287,42,-2.710000000000000,-78.88000000000000,3
Cañar,281396,Cañar,68747,2513,87,-2.483700000000000,-78.97839999999999,3
Cañar,281396,Déleg,6782,210,3,-2.772600000000000,-78.91830000000000,3
Cañar,281396,El Tambo,12462,588,8,-2.508100000000000,-78.92489999999999,3
Cañar,281396,La Troncal,76872,2031,105,-2.400000000000000,-79.33000000000000,3
Cañar,281396,Suscal,6516,117,1,-2.436400000000000,-79.05220000000000,3
Chimborazo,524004,Alausí,45054,901,7,-2.200000000000000,-78.84999999999999,3
Chimborazo,524004,Chambo,13378,289,9,-1.733333000000000,-78.58333300000000,3
Chimborazo,524004,Chunchi,12795,340,2,-2.283333000000000,-78.91666700000000,3
Chimborazo,524004,Colta,44838,542,12,-1.700000000000000,-78.75000000000000,3
Chimborazo,524004,Cumandá,17973,530,8,-2.200000000000000,-79.13333299999999,3
Chimborazo,524004,Guamote,58291,316,5,-1.933333000000000,-78.71666700000000,3
Chimborazo,524004,Guano,48395,1218,36,-1.583333000000000,-78.63333299999999,3
Chimborazo,524004,Pallatanga,12277,255,4,-1.983333000000000,-78.95000000000000,3
Chimborazo,524004,Penipe,6955,239,4,-1.557300000000000,-78.53959999999999,3
Chimborazo,524004,Riobamba,264048,11197,282,-1.674347000000000,-78.64829400000001,3
Cotopaxi,488716,La Maná,56905,941,7,-0.9300000000000000,-79.22000000000000,3
Cotopaxi,488716,Latacunga,205624,7897,90,-0.9333330000000000,-78.61666700000001,3
Cotopaxi,488716,Pangua,24612,493,0,-1.133333000000000,-79.06666700000000,3
Cotopaxi,488716,Pujilí,79772,2415,31,-0.9500000000000000,-78.69000000000000,3
Cotopaxi,488716,Salcedo,67100,4336,63,-1.050000000000000,-78.58333300000000,3
Cotopaxi,488716,Saquisilí,31426,1116,6,-0.8300000000000000,-78.67000000000000,3
Cotopaxi,488716,Sigchos,23277,648,5,-0.7000000000000000,-78.88333299999999,3
El Oro,715751,Arenillas,33473,1351,10,-3.550000000000000,-80.06000000000000,3
El Oro,715751,Atahualpa,6436,587,3,-2.900000000000000,-78.93333300000000,3
El Oro,715751,Balsas,9233,604,2,-3.762600000000000,-79.82530000000000,3
El Oro,715751,Chilla,2379,78,1,-3.450000000000000,-79.58000000000000,3
El Oro,715751,El Guabo,63645,1622,16,-3.238800000000000,-79.82920000000000,3
El Oro,715751,Huaquillas,60440,2064,11,-3.481380000000000,-80.24320700000000,3
El Oro,715751,Las Lajas,4963,249,2,-3.785000000000000,-80.06166700000000,3
El Oro,715751,Machala,289141,25685,227,-3.266667000000000,-79.96666700000000,3
El Oro,715751,Marcabelí,6259,447,4,-3.786000000000001,-79.89780000000000,3
El Oro,715751,Pasaje,87723,4440,36,-3.326900000000000,-79.80490000000000,3
El Oro,715751,Piñas,30206,3479,29,-3.666667000000000,-79.65000000000001,3
El Oro,715751,Portovelo,14028,1567,6,-3.720000000000000,-79.62000000000000,3
El Oro,715751,Santa Rosa,82171,4903,31,-3.452222000000000,-79.96166700000001,3
El Oro,715751,Zaruma,25654,2012,17,-3.433333000000000,-79.59999999999999,3
Esmeraldas,591083,Atacames,55495,1201,20,0.8666670000000000,-79.83333300000000,3
Esmeraldas,591083,Eloy Alfaro,45629,553,2,1.250000000000000,-79,3
Esmeraldas,591083,Esmeraldas,218727,7579,64,1.050000000000000,-79.20000000000000,3
Esmeraldas,591083,Muisne,31106,326,3,0.6067000000000000,-80.01830000000000,3
Esmeraldas,591083,Quinindé,145879,2621,15,0.3300000000000000,-79.48000000000000,3
Esmeraldas,591083,Rioverde,31475,532,3,1.060200000000000,-79.40440000000000,3
Esmeraldas,591083,San Lorenzo,62772,1159,6,1.265800000000000,-78.84139999999999,3
Galápagos,33042,Isabela,3073,465,1,-0.4724000000000000,-90.68110000000000,3
Galápagos,33042,San Cristóbal,9667,925,26,-0.7999999999999999,-89.40000000000001,3
Galápagos,33042,Santa Cruz,20302,1671,22,-0.6333330000000000,-90.36666700000001,3
Guayas,4387434,Alfredo Baquerizo Moreno,32110,275,4,-1.916667000000000,-79.51666700000000,3
Guayas,4387434,Balao,26348,448,1,-2.910000000000000,-79.81000000000000,3
Guayas,4387434,Balzar,60260,1016,5,-1.360000000000000,-79.90000000000001,3
Guayas,4387434,Colimes,26169,354,2,-1.550000000000000,-80.01666700000000,3
Guayas,4387434,Coronel Marcelino Maridueña,13132,328,6,-2.200000000000000,-79.42000000000000,3
Guayas,4387434,Daule,173684,3426,35,-1.866667000000000,-79.98333300000000,3
Guayas,4387434,Durán,315724,6477,53,-2.166667000000000,-79.83333300000000,3
Guayas,4387434,El Triunfo,59636,1227,51,-2.330000000000000,-79.40000000000001,3
Guayas,4387434,Empalme,86073,1820,11,-1.046111000000000,-79.63361100000000,3
Guayas,4387434,General Antonio Elizalde,13156,680,0,-2.200000000000000,-79.17000000000000,3
Guayas,4387434,Guayaquil,2723665,99439,1248,-2.183333000000000,-79.88333299999999,3
Guayas,4387434,Isidro Ayora,14582,193,5,-1.883333000000000,-80.16666700000000,3
Guayas,4387434,Lomas de Sargentillo,24220,213,0,-1.883333000000000,-80.08333300000000,3
Guayas,4387434,Milagro,199835,6552,41,-2.126944000000000,-79.59916699999999,3
Guayas,4387434,Naranjal,95052,1990,24,-2.672800000000000,-79.61499999999999,3
Guayas,4387434,Naranjito,43862,806,5,-2.173000000000000,-79.46710000000000,3
Guayas,4387434,Nobol,26444,193,1,-1.916671000000000,-80.01153900000000,3
Guayas,4387434,Palestina,18451,224,2,-1.626300000000000,-79.97700000000000,3
Guayas,4387434,Pedro Carbo,51802,1226,32,-1.833333000000000,-80.23333300000000,3
Guayas,4387434,Playas,59628,770,0,-2.623330000000000,-80.38750000000000,3
Guayas,4387434,Salitre,65765,1475,19,-1.829444000000000,-79.81555600000000,3
Guayas,4387434,Samborondón,102404,3296,30,-2.183333000000000,-79.88333299999999,3
Guayas,4387434,San Jacinto De Yaguachi,78204,923,11,-2.120000000000000,-79.69000000000000,3
Guayas,4387434,Santa Lucía,45004,292,2,-1.713889000000000,-79.98500000000000,3
Guayas,4387434,Simón Bolivar,32224,263,1,-2.156667000000000,-79.88750000000000,3
Imbabura,476257,Antonio Ante,54311,3175,54,0.3200000000000000,-78.20999999999999,3
Imbabura,476257,Cotacachi,44203,2503,40,0.3000000000000000,-78.26666700000000,3
Imbabura,476257,Ibarra,221149,16396,1158,0.3626780000000000,-78.13066700000000,3
Imbabura,476257,Otavalo,125785,5507,154,0.2333330000000000,-78.26666700000000,3
Imbabura,476257,Pimampiro,13269,685,15,0.4000000000000000,-77.97000000000000,3
Imbabura,476257,San Miguel de Urcuquí,17540,869,13,0.5200000000000000,-78.20000000000000,3
Loja,521154,Calvas,29565,1327,11,-4.320000000000000,-79.56000000000000,3
Loja,521154,Catamayo,35961,1485,24,-3.980000000000000,-79.34999999999999,3
Loja,521154,Celica,16160,455,11,-4.102500000000000,-79.95444400000000,3
Loja,521154,Chaguarpamba,6620,164,4,-3.850000000000000,-79.65000000000001,3
Loja,521154,Espíndola,14209,644,5,-4.583056000000000,-79.42694400000001,3
Loja,521154,Gonzanamá,10953,510,26,-4.231389000000000,-79.43527800000000,3
Loja,521154,Loja,274112,22438,571,-3.983333000000001,-79.20000000000000,3
Loja,521154,Macará,20269,1917,16,-4.383333000000000,-79.95000000000000,3
Loja,521154,Olmedo,4220,146,0,-3.934000000000000,-79.64800000000000,3
Loja,521154,Paltas,23471,1499,21,-4.050000000000002,-79.65000000000001,3
Loja,521154,Pindal,10540,237,1,-4.116100000000000,-80.10760000000001,3
Loja,521154,Puyango,15925,454,4,-3.870000000000000,-80.09000000000000,3
Loja,521154,Quilanga,4197,261,10,-4.298000000000000,-79.39860000000000,3
Loja,521154,Saraguro,33506,1045,22,-3.625300000000000,-79.24110000000000,3
Loja,521154,Sozoranga,7121,210,8,-4.327778000000000,-79.78972200000000,3
Loja,521154,Zapotillo,14325,408,2,-4.386360000000002,-80.24360000000000,3
Los Ríos,921763,Baba,43429,461,1,-1.784167000000000,-79.67666699999999,3
Los Ríos,921763,Babahoyo,175281,4977,12,-1.800000000000000,-79.53333300000000,3
Los Ríos,921763,Buena Fe,83654,1040,4,-0.8985719999999999,-79.48891600000000,3
Los Ríos,921763,Mocache,43316,205,0,-1.183850000000000,-79.50552999999999,3
Los Ríos,921763,Montalvo,28720,686,4,-1.793800000000000,-79.28570000000001,3
Los Ríos,921763,Palenque,23638,468,1,-1.432800000000000,-79.74950000000000,3
Los Ríos,921763,Puebloviejo,44725,502,1,-1.550000000000000,-79.53388900000000,3
Los Ríos,921763,Quevedo,213842,3561,24,-1.033333000000000,-79.45000000000000,3
Los Ríos,921763,Quinsaloma,20428,471,0,-1.206200000000000,-79.31450000000000,3
Los Ríos,921763,Urdaneta,32618,709,0,-1.570556000000000,-79.47111099999999,3
Los Ríos,921763,Valencia,54637,805,5,-0.9525000000000000,-79.35310000000000,3
Los Ríos,921763,Ventanas,75146,1861,12,-1.450000000000000,-79.47000000000000,3
Los Ríos,921763,Vinces,82329,1487,3,-1.558333000000000,-79.75000000000000,3
Manabí,1562079,Bolívar,45493,1241,6,-0.8419440000000000,-80.16194400000001,3
Manabí,1562079,Chone,131002,6000,38,-0.6833330000000000,-80.09999999999999,3
Manabí,1562079,El Carmen,111344,1808,25,-1.314700000000000,-80.01690000000001,3
Manabí,1562079,Flavio Alfaro,23822,592,15,-0.4054000000000000,-79.90580000000000,3
Manabí,1562079,Jama,26116,430,1,-0.2014000000000000,-80.26590000000000,3
Manabí,1562079,Jaramijó,28439,374,5,-0.9487300000000000,-80.63630000000001,3
Manabí,1562079,Jipijapa,74645,3254,28,-1.333330000000000,-80.58329999999999,3
Manabí,1562079,Junín,18820,755,5,-0.9291600000000000,-80.20569000000000,3
Manabí,1562079,Manta,264281,7757,96,-0.9500220000000000,-80.71620000000000,3
Manabí,1562079,Montecristi,107785,1405,14,-1.033330000000000,-80.65000000000001,3
Manabí,1562079,Olmedo,10194,653,2,-1.396111000000000,-80.20611100000001,3
Manabí,1562079,Paján,37093,912,3,-1.570000000000000,-80.42000000000000,3
Manabí,1562079,Pedernales,63441,1030,7,0.07010000000000001,-80.05360000000000,3
Manabí,1562079,Pichincha,29599,828,0,-1.047300000000000,-79.81860000000000,3
Manabí,1562079,Portoviejo,321800,17219,110,-1.056181000000000,-80.45521700000000,3
Manabí,1562079,Puerto López,24688,935,4,-1.566667000000000,-80.81666700000000,3
Manabí,1562079,Rocafuerte,37312,2018,10,-0.9200000000000000,-80.45999999999999,3
Manabí,1562079,San Vicente,24799,775,15,-0.5892999999999999,-80.40880000000000,3
Manabí,1562079,Santa Ana,48152,1915,20,-1.206900000000000,-80.37090000000001,3
Manabí,1562079,Sucre,62443,2497,13,-0.6000000000000000,-80.41666700000000,3
Manabí,1562079,Tosagua,42297,1044,2,-0.7800000000000000,-80.26000000000001,3
Manabí,1562079,Veinticuatro de Mayo,28514,1348,8,-1.278889000000000,-80.42000000000000,3
Morona Santiago,196535,Gualaquiza,19555,1638,12,-3.380000000000000,-78.58000000000000,3
Morona Santiago,196535,Huamboya,12382,258,0,-1.785000000000000,-78.23194400000000,3
Morona Santiago,196535,Limón Indanza,10349,748,2,-2.966250000000000,-78.43052800000000,3
Morona Santiago,196535,Logroño,7643,221,1,-2.624800000000000,-78.18960000000000,3
Morona Santiago,196535,Morona,58281,4012,30,-2.300000000000000,-78.11666700000001,3
Morona Santiago,196535,Pablo Sexto,2897,149,0,-1.803056000000000,-77.92111100000000,3
Morona Santiago,196535,Palora,7719,677,3,-1.700000000000000,-77.94000000000000,3
Morona Santiago,196535,San Juan Bosco,4985,226,0,-3.092300000000000,-78.51320000000000,3
Morona Santiago,196535,Santiago,11087,536,2,-3.429800000000000,-78.56560000000000,3
Morona Santiago,196535,Sucúa,23823,1347,14,-2.460000000000000,-78.17000000000000,3
Morona Santiago,196535,Taisha,26773,443,6,-2.339950000000000,-77.45808000000000,3
Morona Santiago,196535,Tiwintza,11041,182,2,-2.917670000000000,-77.80170000000000,3
Napo,133705,Archidona,33068,827,10,-0.9166670000000000,-77.78333300000000,3
Napo,133705,Carlos Julio Arosemena Tola,4466,144,0,-1.166667000000000,-77.84999999999999,3
Napo,133705,El Chaco,10142,794,2,-0.3402780000000000,-77.80888899999999,3
Napo,133705,Quijos,6847,756,10,-0.4636110000000000,-77.89277800000001,3
Napo,133705,Tena,79182,4209,13,-0.9890000000000000,-77.81590000000000,3
Orellana,161338,Aguarico,3629,868,2,-0.9211110000000000,-75.39916700000001,3
Orellana,161338,La Joya de los Sachas,39352,1050,10,-0.3000000000000000,-76.84999999999999,3
Orellana,161338,Loreto,24579,301,11,-0.6904000000000000,-77.30830000000000,3
Orellana,161338,Orellana,93778,3572,16,-0.4666670000000000,-76.96666700000000,3
Pastaza,114202,Arajuno,8128,214,2,-1.234370000000000,-77.68750000000000,3
Pastaza,114202,Mera,17547,1005,4,-1.460000000000000,-78.09000000000000,3
Pastaza,114202,Pastaza,84377,3854,46,-1.066667000000000,-78.00111099999999,3
Pastaza,114202,Santa Clara,4150,193,3,-1.267100000000000,-77.88820000000000,3
Pichincha,3228233,Cayambe,107660,4079,272,0.04388900000000000,-78.15610000000000,3
Pichincha,3228233,Mejía,108167,5923,108,-0.5101000000000000,-78.56980000000000,3
Pichincha,3228233,Pedro Moncayo,43281,1126,59,0.04369700000000000,-78.34923999999999,3
Pichincha,3228233,Pedro Vicente Maldonado,17171,604,8,0.1666670000000000,-79,3
Pichincha,3228233,Puerto Quito,24911,825,10,0.1170000000000000,-79.26400000000000,3
Pichincha,3228233,Quito,2781641,291233,13097,-0.2186110000000000,-78.50972200000000,3
Pichincha,3228233,Rumiñahui,115433,10344,557,-0.3345000000000000,-78.44750000000001,3
Pichincha,3228233,San Miguel de Los Bancos,29969,1020,4,0.02300000000000000,-78.89200000000000,3
Santa Elena,401178,La Libertad,117767,2233,14,-2.233333000000000,-80.90000000000001,3
Santa Elena,401178,Salinas,94590,1575,20,-2.216667000000000,-80.95000000000000,3
Santa Elena,401178,Santa Elena,188821,2690,16,-2.226700000000000,-80.85830000000000,3
Sto. Domingo Tsáchilas,511151,La Concordia,52571,1958,5,0.002300000000000000,-79.38460000000001,3
Sto. Domingo Tsáchilas,511151,Santo Domingo,458580,14753,71,-0.2541670000000000,-79.17194400000000,3
Sucumbíos,230503,Cascales,15882,390,3,-0.06750000000000000,-77.21694400000000,3
Sucumbíos,230503,Cuyabeno,7154,464,3,-0.1288890000000000,-76.41388900000000,3
Sucumbíos,230503,Gonzalo Pizarro,10007,467,1,0.04700000000000000,-77.32280000000000,3
Sucumbíos,230503,Lago Agrio,119594,5159,35,0.08472200000000002,-76.88277800000000,3
Sucumbíos,230503,Putumayo,16106,373,4,0.1000000000000000,-75.84999999999999,3
Sucumbíos,230503,Shushufindi,57949,1693,10,-0.1871000000000000,-76.64500000000000,3
Sucumbíos,230503,Sucumbíos,3811,195,1,0.4592000000000000,-77.52300000000000,3
Tungurahua,590600,Ambato,387309,20272,338,-1.241667000000000,-78.61972200000000,3
Tungurahua,590600,Baños,25043,1733,15,-1.396389000000000,-78.42472200000000,3
Tungurahua,590600,Cevallos,9936,266,1,-1.350000000000000,-78.61666700000001,3
Tungurahua,590600,Mocha,7336,161,4,-1.416667000000000,-78.66666700000000,3
Tungurahua,590600,Patate,15825,709,10,-1.316667000000000,-78.51666700000000,3
Tungurahua,590600,Pelileo,66836,2050,14,-1.327500000000000,-78.54083300000001,3
Tungurahua,590600,Píllaro,43371,797,8,-1.175833000000000,-78.55527800000000,3
Tungurahua,590600,Quero,20627,347,13,-1.379300000000000,-78.60700000000000,3
Tungurahua,590600,Tisaleo,14317,276,2,-1.350000000000000,-78.66666700000000,3
Zamora Chinchipe,120416,Centinela del Cóndor,8313,356,4,-3.894910000000000,-78.78140999999999,3
Zamora Chinchipe,120416,Chinchipe,10679,547,4,-4.862800000000000,-79.13280000000000,3
Zamora Chinchipe,120416,El Pangui,10945,630,12,-3.624900000000000,-78.58710000000001,3
Zamora Chinchipe,120416,Nangaritza,8014,209,1,-4.048333000000000,-78.68222200000000,3
Zamora Chinchipe,120416,Palanda,10144,207,0,-4.649800000000000,-79.13209999999999,3
Zamora Chinchipe,120416,Paquisha,5992,201,3,-3.932750000000000,-78.67426000000000,3
Zamora Chinchipe,120416,Yacuambi,7121,147,2,-3.634440000000000,-78.92810000000000,3
Zamora Chinchipe,120416,Yantzaza,26447,1367,48,-3.850000000000000,-78.75000000000000,3
Zamora Chinchipe,120416,Zamora,32761,1505,27,-4.120000000000000,-78.80000000000000,3
