provincia,poblacion,total,nuevas,lat,lng,semana
Azuay,881394,14164,395,-2.897414000000000,-79.00448100000000,1
Bolívar,209933,2604,57,-1.605556000000000,-79.00305600000000,1
Carchi,186869,3860,147,0.8121800000000000,-77.71633000000000,1
Cañar,281396,2946,55,-2.733333000000000,-78.83333300000000,1
Chimborazo,524004,3505,218,-1.674347000000000,-78.64829400000001,1
Cotopaxi,488716,5980,220,-0.9333330000000000,-78.61666700000001,1
El Oro,715751,8872,434,-3.266667000000000,-79.96666700000000,1
Esmeraldas,591083,5130,70,1.050000000000000,-79.20000000000000,1
Galápagos,33042,989,67,-0.7999999999999999,-89.40000000000001,1
Guayas,4387434,28738,1108,-2.183333000000000,-79.88333299999999,1
Imbabura,476257,6336,202,0.3626780000000000,-78.13066700000000,1
Loja,521154,7835,166,-3.983333000000000,-79.20000000000000,1
Los Ríos,921763,5128,175,-1.800000000000000,-79.53333300000000,1
Manabí,1562079,15629,497,-1.056181000000000,-80.45521700000000,1
Morona Santiago,196535,3828,107,-2.300000000000000,-78.11666700000001,1
Napo,133705,1750,56,-0.9890000000000000,-77.81590000000000,1
Orellana,161338,2131,13,-0.4666670000000000,-76.96666700000000,1
Pastaza,114202,2429,14,-1.066667000000000,-78.00111099999999,1
Pichincha,3228233,77763,1885,-0.2186110000000000,-78.50972200000000,1
Santa Elena,401178,2754,83,-2.226700000000000,-80.85830000000000,1
Sto. Domingo Tsáchilas,511151,6074,145,-0.2541670000000000,-79.17194400000000,1
Sucumbíos,230503,3060,28,0.08472200000000002,-76.88277800000000,1
Tungurahua,590600,7876,298,-1.241667000000000,-78.61972200000000,1
Zamora Chinchipe,120416,1689,16,-4.120000000000000,-78.80000000000000,1
Azuay,881394,14737,573,-2.897414000000000,-79.00448100000000,2
Bolívar,209933,2703,99,-1.605556000000000,-79.00305600000000,2
Carchi,186869,4175,315,0.8121800000000000,-77.71633000000000,2
Cañar,281396,3106,160,-2.733333000000000,-78.83333300000000,2
Chimborazo,524004,3815,310,-1.674347000000000,-78.64829400000001,2
Cotopaxi,488716,6448,468,-0.9333330000000000,-78.61666700000001,2
El Oro,715751,9466,594,-3.266667000000000,-79.96666700000000,2
Esmeraldas,591083,5235,105,1.050000000000000,-79.20000000000000,2
Galápagos,33042,1138,149,-0.7999999999999999,-89.40000000000001,2
Guayas,4387434,29903,1165,-2.183333000000000,-79.88333299999999,2
Imbabura,476257,6796,460,0.3626780000000000,-78.13066700000000,2
Loja,521154,8250,415,-3.983333000000000,-79.20000000000000,2
Los Ríos,921763,5404,276,-1.800000000000000,-79.53333300000000,2
Manabí,1562079,16337,708,-1.056181000000000,-80.45521700000000,2
Morona Santiago,196535,4002,174,-2.300000000000000,-78.11666700000001,2
Napo,133705,1825,75,-0.9890000000000000,-77.81590000000000,2
Orellana,161338,2157,26,-0.4666670000000000,-76.96666700000000,2
Pastaza,114202,2460,31,-1.066667000000000,-78.00111099999999,2
Pichincha,3228233,81130,3367,-0.2186110000000000,-78.50972200000000,2
Santa Elena,401178,2921,167,-2.226700000000000,-80.85830000000000,2
Sto. Domingo Tsáchilas,511151,6352,278,-0.2541670000000000,-79.17194400000000,2
Sucumbíos,230503,3092,32,0.08472200000000002,-76.88277800000000,2
Tungurahua,590600,8311,435,-1.241667000000000,-78.61972200000000,2
Zamora Chinchipe,120416,1719,30,-4.120000000000000,-78.80000000000000,2
Azuay,881394,15337,600,-2.897414000000000,-79.00448100000000,3
Bolívar,209933,2865,162,-1.605556000000000,-79.00305600000000,3
Carchi,186869,4719,544,0.8121800000000000,-77.71633000000000,3
Cañar,281396,3313,207,-2.733333000000000,-78.83333300000000,3
Chimborazo,524004,4074,259,-1.674347000000000,-78.64829400000001,3
Cotopaxi,488716,6837,389,-0.9333330000000000,-78.61666700000001,3
El Oro,715751,10011,545,-3.266667000000000,-79.96666700000000,3
Esmeraldas,591083,5361,126,1.050000000000000,-79.20000000000000,3
Galápagos,33042,1210,72,-0.7999999999999999,-89.40000000000001,3
Guayas,4387434,30849,946,-2.183333000000000,-79.88333299999999,3
Imbabura,476257,7176,380,0.3626780000000000,-78.13066700000000,3
Loja,521154,8616,366,-3.983333000000000,-79.20000000000000,3
Los Ríos,921763,5711,307,-1.800000000000000,-79.53333300000000,3
Manabí,1562079,16916,579,-1.056181000000000,-80.45521700000000,3
Morona Santiago,196535,4111,109,-2.300000000000000,-78.11666700000001,3
Napo,133705,1888,63,-0.9890000000000000,-77.81590000000000,3
Orellana,161338,2166,9,-0.4666670000000000,-76.96666700000000,3
Pastaza,114202,2500,40,-1.066667000000000,-78.00111099999999,3
Pichincha,3228233,84329,3199,-0.2186110000000000,-78.50972200000000,3
Santa Elena,401178,2979,58,-2.226700000000000,-80.85830000000000,3
Sto. Domingo Tsáchilas,511151,6609,257,-0.2541670000000000,-79.17194400000000,3
Sucumbíos,230503,3183,91,0.08472200000000002,-76.88277800000000,3
Tungurahua,590600,8775,464,-1.241667000000000,-78.61972200000000,3
Zamora Chinchipe,120416,1757,38,-4.120000000000000,-78.80000000000000,3
Azuay,881394,15998,661,-2.897414000000000,-79.00448100000000,4
Bolívar,209933,3045,180,-1.605556000000000,-79.00305600000000,4
Carchi,186869,5074,355,0.8121800000000000,-77.71633000000000,4
Cañar,281396,3502,189,-2.733333000000000,-78.83333300000000,4
Chimborazo,524004,4293,219,-1.674347000000000,-78.64829400000001,4
Cotopaxi,488716,7162,325,-0.9333330000000000,-78.61666700000001,4
El Oro,715751,10497,486,-3.266667000000000,-79.96666700000000,4
Esmeraldas,591083,5453,92,1.050000000000000,-79.20000000000000,4
Galápagos,33042,1247,37,-0.7999999999999999,-89.40000000000001,4
Guayas,4387434,31840,991,-2.183333000000000,-79.88333299999999,4
Imbabura,476257,7523,347,0.3626780000000000,-78.13066700000000,4
Loja,521154,9064,448,-3.983333000000000,-79.20000000000000,4
Los Ríos,921763,6057,346,-1.800000000000000,-79.53333300000000,4
Manabí,1562079,17591,675,-1.056181000000000,-80.45521700000000,4
Morona Santiago,196535,4198,87,-2.300000000000000,-78.11666700000001,4
Napo,133705,1953,65,-0.9890000000000000,-77.81590000000000,4
Orellana,161338,2198,32,-0.4666670000000000,-76.96666700000000,4
Pastaza,114202,2520,20,-1.066667000000000,-78.00111099999999,4
Pichincha,3228233,87656,3327,-0.2186110000000000,-78.50972200000000,4
Santa Elena,401178,3045,66,-2.226700000000000,-80.85830000000000,4
Sto. Domingo Tsáchilas,511151,6783,174,-0.2541670000000000,-79.17194400000000,4
Sucumbíos,230503,3241,58,0.08472200000000002,-76.88277800000000,4
Tungurahua,590600,9094,319,-1.241667000000000,-78.61972200000000,4
Zamora Chinchipe,120416,1794,37,-4.120000000000000,-78.80000000000000,4
Azuay,881394,16335,337,-2.897414000000000,-79.00448100000000,5
Bolívar,209933,3184,139,-1.605556000000000,-79.00305600000000,5
Carchi,186869,5252,178,0.8121800000000000,-77.71633000000000,5
Cañar,281396,3631,129,-2.733333000000000,-78.83333300000000,5
Chimborazo,524004,4438,145,-1.674347000000000,-78.64829400000001,5
Cotopaxi,488716,7428,266,-0.9333330000000000,-78.61666700000001,5
El Oro,715751,10979,482,-3.266667000000000,-79.96666700000000,5
Esmeraldas,591083,5579,126,1.050000000000000,-79.20000000000000,5
Galápagos,33042,1270,23,-0.7999999999999999,-89.40000000000001,5
Guayas,4387434,32630,790,-2.183333000000000,-79.88333299999999,5
Imbabura,476257,7898,375,0.3626780000000000,-78.13066700000000,5
Loja,521154,9287,223,-3.983333000000000,-79.20000000000000,5
Los Ríos,921763,6319,262,-1.800000000000000,-79.53333300000000,5
Manabí,1562079,18075,484,-1.056181000000000,-80.45521700000000,5
Morona Santiago,196535,4235,37,-2.300000000000000,-78.11666700000001,5
Napo,133705,1975,22,-0.9890000000000000,-77.81590000000000,5
Orellana,161338,2220,22,-0.4666670000000000,-76.96666700000000,5
Pastaza,114202,2540,20,-1.066667000000000,-78.00111099999999,5
Pichincha,3228233,90325,2669,-0.2186110000000000,-78.50972200000000,5
Santa Elena,401178,3080,35,-2.226700000000000,-80.85830000000000,5
Sto. Domingo Tsáchilas,511151,7036,253,-0.2541670000000000,-79.17194400000000,5
Sucumbíos,230503,3278,37,0.08472200000000002,-76.88277800000000,5
Tungurahua,590600,9470,376,-1.241667000000000,-78.61972200000000,5
Zamora Chinchipe,120416,1818,24,-4.120000000000000,-78.80000000000000,5
Azuay,881394,16721,386,-2.897414000000000,-79.00448100000000,6
Bolívar,209933,3349,165,-1.605556000000000,-79.00305600000000,6
Carchi,186869,5397,145,0.8121800000000000,-77.71633000000000,6
Cañar,281396,3747,116,-2.733333000000000,-78.83333300000000,6
Chimborazo,524004,4589,151,-1.674347000000000,-78.64829400000001,6
Cotopaxi,488716,7645,217,-0.9333330000000000,-78.61666700000001,6
El Oro,715751,11600,621,-3.266667000000000,-79.96666700000000,6
Esmeraldas,591083,5734,155,1.050000000000000,-79.20000000000000,6
Galápagos,33042,1284,14,-0.7999999999999999,-89.40000000000001,6
Guayas,4387434,33760,1130,-2.183333000000000,-79.88333299999999,6
Imbabura,476257,8168,270,0.3626780000000000,-78.13066700000000,6
Loja,521154,9613,326,-3.983333000000000,-79.20000000000000,6
Los Ríos,921763,6655,336,-1.800000000000000,-79.53333300000000,6
Manabí,1562079,18897,822,-1.056181000000000,-80.45521700000000,6
Morona Santiago,196535,4303,68,-2.300000000000000,-78.11666700000001,6
Napo,133705,2061,86,-0.9890000000000000,-77.81590000000000,6
Orellana,161338,2283,63,-0.4666670000000000,-76.96666700000000,6
Pastaza,114202,2566,26,-1.066667000000000,-78.00111099999999,6
Pichincha,3228233,93651,3326,-0.2186110000000000,-78.50972200000000,6
Santa Elena,401178,3139,59,-2.226700000000000,-80.85830000000000,6
Sto. Domingo Tsáchilas,511151,7162,126,-0.2541670000000000,-79.17194400000000,6
Sucumbíos,230503,3312,34,0.08472200000000002,-76.88277800000000,6
Tungurahua,590600,9737,267,-1.241667000000000,-78.61972200000000,6
Zamora Chinchipe,120416,1850,32,-4.120000000000000,-78.80000000000000,6
Azuay,881394,17065,344,-2.897414000000000,-79.00448100000000,7
Bolívar,209933,3526,177,-1.605556000000000,-79.00305600000000,7
Carchi,186869,5476,79,0.8121800000000000,-77.71633000000000,7
Cañar,281396,3819,72,-2.733333000000000,-78.83333300000000,7
Chimborazo,524004,4734,145,-1.674347000000000,-78.64829400000001,7
Cotopaxi,488716,7782,137,-0.9333330000000000,-78.61666700000001,7
El Oro,715751,12068,468,-3.266667000000000,-79.96666700000000,7
Esmeraldas,591083,5870,136,1.050000000000000,-79.20000000000000,7
Galápagos,33042,1290,6,-0.7999999999999999,-89.40000000000001,7
Guayas,4387434,34793,1033,-2.183333000000000,-79.88333299999999,7
Imbabura,476257,8297,129,0.3626780000000000,-78.13066700000000,7
Loja,521154,9979,366,-3.983333000000000,-79.20000000000000,7
Los Ríos,921763,7051,396,-1.800000000000000,-79.53333300000000,7
Manabí,1562079,19423,526,-1.056181000000000,-80.45521700000000,7
Morona Santiago,196535,4332,29,-2.300000000000000,-78.11666700000001,7
Napo,133705,2112,51,-0.9890000000000000,-77.81590000000000,7
Orellana,161338,2298,15,-0.4666670000000000,-76.96666700000000,7
Pastaza,114202,2575,9,-1.066667000000000,-78.00111099999999,7
Pichincha,3228233,96502,2851,-0.2186110000000000,-78.50972200000000,7
Santa Elena,401178,3259,120,-2.226700000000000,-80.85830000000000,7
Sto. Domingo Tsáchilas,511151,7347,185,-0.2541670000000000,-79.17194400000000,7
Sucumbíos,230503,3343,31,0.08472200000000002,-76.88277800000000,7
Tungurahua,590600,9855,118,-1.241667000000000,-78.61972200000000,7
Zamora Chinchipe,120416,1877,27,-4.120000000000000,-78.80000000000000,7
Azuay,881394,17367,302,-2.897414000000000,-79.00448100000000,8
Bolívar,209933,3841,315,-1.605556000000000,-79.00305600000000,8
Carchi,186869,5714,238,0.8121800000000000,-77.71633000000000,8
Cañar,281396,3911,92,-2.733333000000000,-78.83333300000000,8
Chimborazo,524004,4997,263,-1.674347000000000,-78.64829400000001,8
Cotopaxi,488716,8127,345,-0.9333330000000000,-78.61666700000001,8
El Oro,715751,12625,557,-3.266667000000000,-79.96666700000000,8
Esmeraldas,591083,6077,207,1.050000000000000,-79.20000000000000,8
Galápagos,33042,1309,19,-0.7999999999999999,-89.40000000000001,8
Guayas,4387434,36351,1558,-2.183333000000000,-79.88333299999999,8
Imbabura,476257,8618,321,0.3626780000000000,-78.13066700000000,8
Loja,521154,10345,366,-3.983333000000000,-79.20000000000000,8
Los Ríos,921763,7577,526,-1.800000000000000,-79.53333300000000,8
Manabí,1562079,20529,1106,-1.056181000000000,-80.45521700000000,8
Morona Santiago,196535,4384,52,-2.300000000000000,-78.11666700000001,8
Napo,133705,2186,74,-0.9890000000000000,-77.81590000000000,8
Orellana,161338,2323,25,-0.4666670000000000,-76.96666700000000,8
Pastaza,114202,2635,60,-1.066667000000000,-78.00111099999999,8
Pichincha,3228233,100480,3978,-0.2186110000000000,-78.50972200000000,8
Santa Elena,401178,3365,106,-2.226700000000000,-80.85830000000000,8
Sto. Domingo Tsáchilas,511151,7818,471,-0.2541670000000000,-79.17194400000000,8
Sucumbíos,230503,3427,84,0.08472200000000002,-76.88277800000000,8
Tungurahua,590600,10216,361,-1.241667000000000,-78.61972200000000,8
Zamora Chinchipe,120416,1933,56,-4.120000000000000,-78.80000000000000,8
Azuay,881394,17786,419,-2.897414000000000,-79.00448100000000,9
Bolívar,209933,4103,262,-1.605556000000000,-79.00305600000000,9
Carchi,186869,5837,123,0.8121800000000000,-77.71633000000000,9
Cañar,281396,4035,124,-2.733333000000000,-78.83333300000000,9
Chimborazo,524004,5216,219,-1.674347000000000,-78.64829400000001,9
Cotopaxi,488716,8332,205,-0.9333330000000000,-78.61666700000001,9
El Oro,715751,13301,676,-3.266667000000000,-79.96666700000000,9
Esmeraldas,591083,6240,163,1.050000000000000,-79.20000000000000,9
Galápagos,33042,1317,8,-0.7999999999999999,-89.40000000000001,9
Guayas,4387434,37457,1106,-2.183333000000000,-79.88333299999999,9
Imbabura,476257,8863,245,0.3626780000000000,-78.13066700000000,9
Loja,521154,10676,331,-3.983333000000000,-79.20000000000000,9
Los Ríos,921763,8016,439,-1.800000000000000,-79.53333300000000,9
Manabí,1562079,21795,1266,-1.056181000000000,-80.45521700000000,9
Morona Santiago,196535,4447,63,-2.300000000000000,-78.11666700000001,9
Napo,133705,2245,59,-0.9890000000000000,-77.81590000000000,9
Orellana,161338,2348,25,-0.4666670000000000,-76.96666700000000,9
Pastaza,114202,2663,28,-1.066667000000000,-78.00111099999999,9
Pichincha,3228233,102322,1842,-0.2186110000000000,-78.50972200000000,9
Santa Elena,401178,3444,79,-2.226700000000000,-80.85830000000000,9
Sto. Domingo Tsáchilas,511151,8197,379,-0.2541670000000000,-79.17194400000000,9
Sucumbíos,230503,3506,79,0.08472200000000002,-76.88277800000000,9
Tungurahua,590600,10387,171,-1.241667000000000,-78.61972200000000,9
Zamora Chinchipe,120416,1970,37,-4.120000000000000,-78.80000000000000,9
Azuay,881394,18122,336,-2.897414000000000,-79.00448100000000,10
Bolívar,209933,4313,210,-1.605556000000000,-79.00305600000000,10
Carchi,186869,5909,72,0.8121800000000000,-77.71633000000000,10
Cañar,281396,4160,125,-2.733333000000000,-78.83333300000000,10
Chimborazo,524004,5442,226,-1.674347000000000,-78.64829400000001,10
Cotopaxi,488716,8485,153,-0.9333330000000000,-78.61666700000001,10
El Oro,715751,13825,524,-3.266667000000000,-79.96666700000000,10
Esmeraldas,591083,6481,241,1.050000000000000,-79.20000000000000,10
Galápagos,33042,1322,5,-0.7999999999999999,-89.40000000000001,10
Guayas,4387434,38570,1113,-2.183333000000000,-79.88333299999999,10
Imbabura,476257,9093,230,0.3626780000000000,-78.13066700000000,10
Loja,521154,11058,382,-3.983333000000000,-79.20000000000000,10
Los Ríos,921763,8334,318,-1.800000000000000,-79.53333300000000,10
Manabí,1562079,22794,999,-1.056181000000000,-80.45521700000000,10
Morona Santiago,196535,4509,62,-2.300000000000000,-78.11666700000001,10
Napo,133705,2277,32,-0.9890000000000000,-77.81590000000000,10
Orellana,161338,2374,26,-0.4666670000000000,-76.96666700000000,10
Pastaza,114202,2690,27,-1.066667000000000,-78.00111099999999,10
Pichincha,3228233,104374,2052,-0.2186110000000000,-78.50972200000000,10
Santa Elena,401178,3467,23,-2.226700000000000,-80.85830000000000,10
Sto. Domingo Tsáchilas,511151,8489,292,-0.2541670000000000,-79.17194400000000,10
Sucumbíos,230503,3580,74,0.08472200000000002,-76.88277800000000,10
Tungurahua,590600,10537,150,-1.241667000000000,-78.61972200000000,10
Zamora Chinchipe,120416,2016,46,-4.120000000000000,-78.80000000000000,10
Azuay,881394,18403,281,-2.897414000000000,-79.00448100000000,11
Bolívar,209933,4598,285,-1.605556000000000,-79.00305600000000,11
Carchi,186869,5981,72,0.8121800000000000,-77.71633000000000,11
Cañar,281396,4294,134,-2.733333000000000,-78.83333300000000,11
Chimborazo,524004,5636,194,-1.674347000000000,-78.64829400000001,11
Cotopaxi,488716,8651,166,-0.9333330000000000,-78.61666700000001,11
El Oro,715751,14298,473,-3.266667000000000,-79.96666700000000,11
Esmeraldas,591083,6674,193,1.050000000000000,-79.20000000000000,11
Galápagos,33042,1330,8,-0.7999999999999999,-89.40000000000001,11
Guayas,4387434,40699,2129,-2.183333000000000,-79.88333299999999,11
Imbabura,476257,9239,146,0.3626780000000000,-78.13066700000000,11
Loja,521154,11578,520,-3.983333000000000,-79.20000000000000,11
Los Ríos,921763,8839,505,-1.800000000000000,-79.53333300000000,11
Manabí,1562079,23832,1038,-1.056181000000000,-80.45521700000000,11
Morona Santiago,196535,4568,59,-2.300000000000000,-78.11666700000001,11
Napo,133705,2301,24,-0.9890000000000000,-77.81590000000000,11
Orellana,161338,2437,63,-0.4666670000000000,-76.96666700000000,11
Pastaza,114202,2720,30,-1.066667000000000,-78.00111099999999,11
Pichincha,3228233,107658,3284,-0.2186110000000000,-78.50972200000000,11
Santa Elena,401178,3607,140,-2.226700000000000,-80.85830000000000,11
Sto. Domingo Tsáchilas,511151,8770,281,-0.2541670000000000,-79.17194400000000,11
Sucumbíos,230503,3719,139,0.08472200000000002,-76.88277800000000,11
Tungurahua,590600,10672,135,-1.241667000000000,-78.61972200000000,11
Zamora Chinchipe,120416,2094,78,-4.120000000000000,-78.80000000000000,11
Azuay,881394,18737,334,-2.897414000000000,-79.00448100000000,12
Bolívar,209933,4872,274,-1.605556000000000,-79.00305600000000,12
Carchi,186869,6059,78,0.8121800000000000,-77.71633000000000,12
Cañar,281396,4404,110,-2.733333000000000,-78.83333300000000,12
Chimborazo,524004,5810,174,-1.674347000000000,-78.64829400000001,12
Cotopaxi,488716,8866,215,-0.9333330000000000,-78.61666700000001,12
El Oro,715751,14855,557,-3.266667000000000,-79.96666700000000,12
Esmeraldas,591083,6844,170,1.050000000000000,-79.20000000000000,12
Galápagos,33042,1341,11,-0.7999999999999999,-89.40000000000001,12
Guayas,4387434,42050,1351,-2.183333000000000,-79.88333299999999,12
Imbabura,476257,9504,265,0.3626780000000000,-78.13066700000000,12
Loja,521154,12172,594,-3.983333000000000,-79.20000000000000,12
Los Ríos,921763,9214,375,-1.800000000000000,-79.53333300000000,12
Manabí,1562079,24750,918,-1.056181000000000,-80.45521700000000,12
Morona Santiago,196535,4621,53,-2.300000000000000,-78.11666700000001,12
Napo,133705,2420,119,-0.9890000000000000,-77.81590000000000,12
Orellana,161338,2490,53,-0.4666670000000000,-76.96666700000000,12
Pastaza,114202,2734,14,-1.066667000000000,-78.00111099999999,12
Pichincha,3228233,112958,5300,-0.2186110000000000,-78.50972200000000,12
Santa Elena,401178,3675,68,-2.226700000000000,-80.85830000000000,12
Sto. Domingo Tsáchilas,511151,9083,313,-0.2541670000000000,-79.17194400000000,12
Sucumbíos,230503,3888,169,0.08472200000000002,-76.88277800000000,12
Tungurahua,590600,10947,275,-1.241667000000000,-78.61972200000000,12
Zamora Chinchipe,120416,2188,94,-4.120000000000000,-78.80000000000000,12
Azuay,881394,19122,385,-2.897414000000000,-79.00448100000000,13
Bolívar,209933,5258,386,-1.605556000000000,-79.00305600000000,13
Carchi,186869,6197,138,0.8121800000000000,-77.71633000000000,13
Cañar,281396,4560,156,-2.733333000000000,-78.83333300000000,13
Chimborazo,524004,6068,258,-1.674347000000000,-78.64829400000001,13
Cotopaxi,488716,9161,295,-0.9333330000000000,-78.61666700000001,13
El Oro,715751,15591,736,-3.266667000000000,-79.96666700000000,13
Esmeraldas,591083,7112,268,1.050000000000000,-79.20000000000000,13
Galápagos,33042,1353,12,-0.7999999999999999,-89.40000000000001,13
Guayas,4387434,43707,1657,-2.183333000000000,-79.88333299999999,13
Imbabura,476257,9800,296,0.3626780000000000,-78.13066700000000,13
Loja,521154,12933,761,-3.983333000000000,-79.20000000000000,13
Los Ríos,921763,9590,376,-1.800000000000000,-79.53333300000000,13
Manabí,1562079,25549,799,-1.056181000000000,-80.45521700000000,13
Morona Santiago,196535,4745,124,-2.300000000000000,-78.11666700000001,13
Napo,133705,2491,71,-0.9890000000000000,-77.81590000000000,13
Orellana,161338,2544,54,-0.4666670000000000,-76.96666700000000,13
Pastaza,114202,2751,17,-1.066667000000000,-78.00111099999999,13
Pichincha,3228233,116519,3561,-0.2186110000000000,-78.50972200000000,13
Santa Elena,401178,3710,35,-2.226700000000000,-80.85830000000000,13
Sto. Domingo Tsáchilas,511151,9386,303,-0.2541670000000000,-79.17194400000000,13
Sucumbíos,230503,4063,175,0.08472200000000002,-76.88277800000000,13
Tungurahua,590600,11177,230,-1.241667000000000,-78.61972200000000,13
Zamora Chinchipe,120416,2294,106,-4.120000000000000,-78.80000000000000,13
Azuay,881394,19599,477,-2.897414000000000,-79.00448100000000,14
Bolívar,209933,5444,186,-1.605556000000000,-79.00305600000000,14
Carchi,186869,6330,133,0.8121800000000000,-77.71633000000000,14
Cañar,281396,4717,157,-2.733333000000000,-78.83333300000000,14
Chimborazo,524004,6277,209,-1.674347000000000,-78.64829400000001,14
Cotopaxi,488716,9384,223,-0.9333330000000000,-78.61666700000001,14
El Oro,715751,16342,751,-3.266667000000000,-79.96666700000000,14
Esmeraldas,591083,7310,198,1.050000000000000,-79.20000000000000,14
Galápagos,33042,1362,9,-0.7999999999999999,-89.40000000000001,14
Guayas,4387434,45369,1662,-2.183333000000000,-79.88333299999999,14
Imbabura,476257,10119,319,0.3626780000000000,-78.13066700000000,14
Loja,521154,13509,576,-3.983333000000000,-79.20000000000000,14
Los Ríos,921763,9974,384,-1.800000000000000,-79.53333300000000,14
Manabí,1562079,26522,973,-1.056181000000000,-80.45521700000000,14
Morona Santiago,196535,4865,120,-2.300000000000000,-78.11666700000001,14
Napo,133705,2542,51,-0.9890000000000000,-77.81590000000000,14
Orellana,161338,2602,58,-0.4666670000000000,-76.96666700000000,14
Pastaza,114202,2777,26,-1.066667000000000,-78.00111099999999,14
Pichincha,3228233,120325,3806,-0.2186110000000000,-78.50972200000000,14
Santa Elena,401178,3793,83,-2.226700000000000,-80.85830000000000,14
Sto. Domingo Tsáchilas,511151,9629,243,-0.2541670000000000,-79.17194400000000,14
Sucumbíos,230503,4221,158,0.08472200000000002,-76.88277800000000,14
Tungurahua,590600,11382,205,-1.241667000000000,-78.61972200000000,14
Zamora Chinchipe,120416,2423,129,-4.120000000000000,-78.80000000000000,14
Azuay,881394,20141,542,-2.897414000000000,-79.00448100000000,15
Bolívar,209933,5643,199,-1.605556000000000,-79.00305600000000,15
Carchi,186869,6505,175,0.8121800000000000,-77.71633000000000,15
Cañar,281396,4873,156,-2.733333000000000,-78.83333300000000,15
Chimborazo,524004,6506,229,-1.674347000000000,-78.64829400000001,15
Cotopaxi,488716,9701,317,-0.9333330000000000,-78.61666700000001,15
El Oro,715751,17037,695,-3.266667000000000,-79.96666700000000,15
Esmeraldas,591083,7472,162,1.050000000000000,-79.20000000000000,15
Galápagos,33042,1375,13,-0.7999999999999999,-89.40000000000001,15
Guayas,4387434,47250,1881,-2.183333000000000,-79.88333299999999,15
Imbabura,476257,10650,531,0.3626780000000000,-78.13066700000000,15
Loja,521154,14065,556,-3.983333000000000,-79.20000000000000,15
Los Ríos,921763,10469,495,-1.800000000000000,-79.53333300000000,15
Manabí,1562079,27571,1049,-1.056181000000000,-80.45521700000000,15
Morona Santiago,196535,5045,180,-2.300000000000000,-78.11666700000001,15
Napo,133705,2606,64,-0.9890000000000000,-77.81590000000000,15
Orellana,161338,2720,118,-0.4666670000000000,-76.96666700000000,15
Pastaza,114202,2805,28,-1.066667000000000,-78.00111099999999,15
Pichincha,3228233,125728,5403,-0.2186110000000000,-78.50972200000000,15
Santa Elena,401178,3964,171,-2.226700000000000,-80.85830000000000,15
Sto. Domingo Tsáchilas,511151,9921,292,-0.2541670000000000,-79.17194400000000,15
Sucumbíos,230503,4395,174,0.08472200000000002,-76.88277800000000,15
Tungurahua,590600,11611,229,-1.241667000000000,-78.61972200000000,15
Zamora Chinchipe,120416,2493,70,-4.120000000000000,-78.80000000000000,15
Azuay,881394,20680,539,-2.897414000000000,-79.00448100000000,16
Bolívar,209933,5817,174,-1.605556000000000,-79.00305600000000,16
Carchi,186869,6760,255,0.8121800000000000,-77.71633000000000,16
Cañar,281396,5026,153,-2.733333000000000,-78.83333300000000,16
Chimborazo,524004,6785,279,-1.674347000000000,-78.64829400000001,16
Cotopaxi,488716,10048,347,-0.9333330000000000,-78.61666700000001,16
El Oro,715751,17786,749,-3.266667000000000,-79.96666700000000,16
Esmeraldas,591083,7658,186,1.050000000000000,-79.20000000000000,16
Galápagos,33042,1384,9,-0.7999999999999999,-89.40000000000001,16
Guayas,4387434,49006,1756,-2.183333000000000,-79.88333299999999,16
Imbabura,476257,11222,572,0.3626780000000000,-78.13066700000000,16
Loja,521154,14518,453,-3.983333000000000,-79.20000000000000,16
Los Ríos,921763,10842,373,-1.800000000000000,-79.53333300000000,16
Manabí,1562079,28348,777,-1.056181000000000,-80.45521700000000,16
Morona Santiago,196535,5187,142,-2.300000000000000,-78.11666700000001,16
Napo,133705,2679,73,-0.9890000000000000,-77.81590000000000,16
Orellana,161338,2815,95,-0.4666670000000000,-76.96666700000000,16
Pastaza,114202,2914,109,-1.066667000000000,-78.00111099999999,16
Pichincha,3228233,130624,4896,-0.2186110000000000,-78.50972200000000,16
Santa Elena,401178,4068,104,-2.226700000000000,-80.85830000000000,16
Sto. Domingo Tsáchilas,511151,10163,242,-0.2541670000000000,-79.17194400000000,16
Sucumbíos,230503,4588,193,0.08472200000000002,-76.88277800000000,16
Tungurahua,590600,11841,230,-1.241667000000000,-78.61972200000000,16
Zamora Chinchipe,120416,2603,110,-4.120000000000000,-78.80000000000000,16
Azuay,881394,21312,632,-2.897414000000000,-79.00448100000000,17
Bolívar,209933,5976,159,-1.605556000000000,-79.00305600000000,17
Carchi,186869,7077,317,0.8121800000000000,-77.71633000000000,17
Cañar,281396,5207,181,-2.733333000000000,-78.83333300000000,17
Chimborazo,524004,7103,318,-1.674347000000000,-78.64829400000001,17
Cotopaxi,488716,10371,323,-0.9333330000000000,-78.61666700000001,17
El Oro,715751,18507,721,-3.266667000000000,-79.96666700000000,17
Esmeraldas,591083,7863,205,1.050000000000000,-79.20000000000000,17
Galápagos,33042,1391,7,-0.7999999999999999,-89.40000000000001,17
Guayas,4387434,50466,1460,-2.183333000000000,-79.88333299999999,17
Imbabura,476257,11989,767,0.3626780000000000,-78.13066700000000,17
Loja,521154,15013,495,-3.983333000000000,-79.20000000000000,17
Los Ríos,921763,11175,333,-1.800000000000000,-79.53333300000000,17
Manabí,1562079,29001,653,-1.056181000000000,-80.45521700000000,17
Morona Santiago,196535,5330,143,-2.300000000000000,-78.11666700000001,17
Napo,133705,2882,203,-0.9890000000000000,-77.81590000000000,17
Orellana,161338,2960,145,-0.4666670000000000,-76.96666700000000,17
Pastaza,114202,2994,80,-1.066667000000000,-78.00111099999999,17
Pichincha,3228233,136436,5812,-0.2186110000000000,-78.50972200000000,17
Santa Elena,401178,4117,49,-2.226700000000000,-80.85830000000000,17
Sto. Domingo Tsáchilas,511151,10507,344,-0.2541670000000000,-79.17194400000000,17
Sucumbíos,230503,4780,192,0.08472200000000002,-76.88277800000000,17
Tungurahua,590600,12162,321,-1.241667000000000,-78.61972200000000,17
Zamora Chinchipe,120416,2680,77,-4.120000000000000,-78.80000000000000,17
Azuay,881394,21816,504,-2.897414000000000,-79.00448100000000,18
Bolívar,209933,6141,165,-1.605556000000000,-79.00305600000000,18
Carchi,186869,7276,199,0.8121800000000000,-77.71633000000000,18
Cañar,281396,5324,117,-2.733333000000000,-78.83333300000000,18
Chimborazo,524004,7313,210,-1.674347000000000,-78.64829400000001,18
Cotopaxi,488716,10578,207,-0.9333330000000000,-78.61666700000001,18
El Oro,715751,19283,776,-3.266667000000000,-79.96666700000000,18
Esmeraldas,591083,7968,105,1.050000000000000,-79.20000000000000,18
Galápagos,33042,1418,27,-0.7999999999999999,-89.40000000000001,18
Guayas,4387434,53755,3289,-2.183333000000000,-79.88333299999999,18
Imbabura,476257,12478,489,0.3626780000000000,-78.13066700000000,18
Loja,521154,15362,349,-3.983333000000000,-79.20000000000000,18
Los Ríos,921763,11638,463,-1.800000000000000,-79.53333300000000,18
Manabí,1562079,29718,717,-1.056181000000000,-80.45521700000000,18
Morona Santiago,196535,5421,91,-2.300000000000000,-78.11666700000001,18
Napo,133705,2985,103,-0.9890000000000000,-77.81590000000000,18
Orellana,161338,3012,52,-0.4666670000000000,-76.96666700000000,18
Pastaza,114202,3034,40,-1.066667000000000,-78.00111099999999,18
Pichincha,3228233,140893,4457,-0.2186110000000000,-78.50972200000000,18
Santa Elena,401178,4205,88,-2.226700000000000,-80.85830000000000,18
Sto. Domingo Tsáchilas,511151,10649,142,-0.2541670000000000,-79.17194400000000,18
Sucumbíos,230503,4909,129,0.08472200000000002,-76.88277800000000,18
Tungurahua,590600,12402,240,-1.241667000000000,-78.61972200000000,18
Zamora Chinchipe,120416,2718,38,-4.120000000000000,-78.80000000000000,18
Azuay,881394,22278,462,-2.897414000000000,-79.00448100000000,19
Bolívar,209933,6253,112,-1.605556000000000,-79.00305600000000,19
Carchi,186869,7519,243,0.8121800000000000,-77.71633000000000,19
Cañar,281396,5447,123,-2.733333000000000,-78.83333300000000,19
Chimborazo,524004,7501,188,-1.674347000000000,-78.64829400000001,19
Cotopaxi,488716,10748,170,-0.9333330000000000,-78.61666700000001,19
El Oro,715751,19789,506,-3.266667000000000,-79.96666700000000,19
Esmeraldas,591083,8103,135,1.050000000000000,-79.20000000000000,19
Galápagos,33042,1433,15,-0.7999999999999999,-89.40000000000001,19
Guayas,4387434,55149,1394,-2.183333000000000,-79.88333299999999,19
Imbabura,476257,12977,499,0.3626780000000000,-78.13066700000000,19
Loja,521154,15597,235,-3.983333000000000,-79.20000000000000,19
Los Ríos,921763,11897,259,-1.800000000000000,-79.53333300000000,19
Manabí,1562079,30113,395,-1.056181000000000,-80.45521700000000,19
Morona Santiago,196535,5520,99,-2.300000000000000,-78.11666700000001,19
Napo,133705,3055,70,-0.9890000000000000,-77.81590000000000,19
Orellana,161338,3081,69,-0.4666670000000000,-76.96666700000000,19
Pastaza,114202,3080,46,-1.066667000000000,-78.00111099999999,19
Pichincha,3228233,145035,4142,-0.2186110000000000,-78.50972200000000,19
Santa Elena,401178,4264,59,-2.226700000000000,-80.85830000000000,19
Sto. Domingo Tsáchilas,511151,10767,118,-0.2541670000000000,-79.17194400000000,19
Sucumbíos,230503,4998,89,0.08472200000000002,-76.88277800000000,19
Tungurahua,590600,12794,392,-1.241667000000000,-78.61972200000000,19
Zamora Chinchipe,120416,2731,13,-4.120000000000000,-78.80000000000000,19
Azuay,881394,22559,281,-2.897414000000000,-79.00448100000000,20
Bolívar,209933,6339,86,-1.605556000000000,-79.00305600000000,20
Carchi,186869,7653,134,0.8121800000000000,-77.71633000000000,20
Cañar,281396,5503,56,-2.733333000000000,-78.83333300000000,20
Chimborazo,524004,7611,110,-1.674347000000000,-78.64829400000001,20
Cotopaxi,488716,10917,169,-0.9333330000000000,-78.61666700000001,20
El Oro,715751,20052,263,-3.266667000000000,-79.96666700000000,20
Esmeraldas,591083,8180,77,1.050000000000000,-79.20000000000000,20
Galápagos,33042,1437,4,-0.7999999999999999,-89.40000000000001,20
Guayas,4387434,55997,848,-2.183333000000000,-79.88333299999999,20
Imbabura,476257,13249,272,0.3626780000000000,-78.13066700000000,20
Loja,521154,15761,164,-3.983333000000000,-79.20000000000000,20
Los Ríos,921763,11989,92,-1.800000000000000,-79.53333300000000,20
Manabí,1562079,30324,211,-1.056181000000000,-80.45521700000000,20
Morona Santiago,196535,5570,50,-2.300000000000000,-78.11666700000001,20
Napo,133705,3130,75,-0.9890000000000000,-77.81590000000000,20
Orellana,161338,3124,43,-0.4666670000000000,-76.96666700000000,20
Pastaza,114202,3104,24,-1.066667000000000,-78.00111099999999,20
Pichincha,3228233,147948,2913,-0.2186110000000000,-78.50972200000000,20
Santa Elena,401178,4278,14,-2.226700000000000,-80.85830000000000,20
Sto. Domingo Tsáchilas,511151,11014,247,-0.2541670000000000,-79.17194400000000,20
Sucumbíos,230503,5082,84,0.08472200000000002,-76.88277800000000,20
Tungurahua,590600,13052,258,-1.241667000000000,-78.61972200000000,20
Zamora Chinchipe,120416,2748,17,-4.120000000000000,-78.80000000000000,20
